사고번호,사고일시,요일,시군구,사고내용,사망자수,중상자수,경상자수,부상신고자수,사고유형,법규위반,노면상태,기상상태,도로형태,가해운전자 차종,가해운전자 성별,가해운전자 연령,가해운전자 상해정도,피해운전자 차종,피해운전자 성별,피해운전자 연령,피해운전자 상해정도
2023011400100143,2023년 1월 14일 11시,토요일,제주특별자치도 제주시 용담일동,경상사고,0,0,2,0,차대차 - 추돌,안전거리미확보,기타,기타,교차로 - 교차로안,승용,남,67세,상해없음,화물,남,42세,경상
2023011400100174,2023년 1월 14일 12시,토요일,제주특별자치도 제주시 건입동,중상사고,0,1,0,0,차대차 - 측면충돌,안전운전불이행,젖음/습기,맑음,단일로 - 기타,승용,남,55세,상해없음,이륜,남,42세,중상
2023011400100175,2023년 1월 14일 12시,토요일,제주특별자치도 서귀포시 동홍동,경상사고,0,0,6,0,차대차 - 추돌,안전운전불이행,건조,맑음,교차로 - 교차로부근,화물,남,42세,기타불명,화물,남,32세,경상
2023011400100228,2023년 1월 14일 14시,토요일,제주특별자치도 서귀포시 서귀동,중상사고,0,1,0,0,차대차 - 추돌,안전운전불이행,건조,맑음,교차로 - 교차로안,화물,남,35세,상해없음,승용,여,39세,중상
2023011400100282,2023년 1월 14일 16시,토요일,제주특별자치도 서귀포시 상예동,경상사고,0,0,2,0,차대차 - 추돌,차로위반,건조,흐림,단일로 - 기타,승용,남,41세,상해없음,승용,남,52세,상해없음
2023011400100410,2023년 1월 14일 19시,토요일,제주특별자치도 제주시 애월읍,경상사고,0,0,1,0,차대차 - 기타,안전운전불이행,건조,맑음,교차로 - 교차로부근,승용,여,48세,기타불명,승용,남,34세,경상
2023011500100013,2023년 1월 15일 00시,일요일,제주특별자치도 서귀포시 서홍동,중상사고,0,1,0,0,차대사람 - 횡단중,신호위반,젖음/습기,비,교차로 - 교차로부근,승용,남,53세,상해없음,보행자,여,63세,중상
2023011500100041,2023년 1월 15일 03시,일요일,제주특별자치도 제주시 이도일동,부상신고사고,0,0,0,1,차대차 - 추돌,안전운전불이행,젖음/습기,비,단일로 - 기타,이륜,남,24세,부상신고,승용,남,53세,상해없음
2023011500100060,2023년 1월 15일 06시,일요일,제주특별자치도 서귀포시 서귀동,중상사고,0,1,0,0,차대차 - 측면충돌,신호위반,젖음/습기,흐림,교차로 - 교차로안,승용,여,44세,상해없음,승용,여,39세,중상
2023011500100090,2023년 1월 15일 09시,일요일,제주특별자치도 제주시 해안동,경상사고,0,0,2,0,차대차 - 추돌,안전거리미확보,건조,흐림,단일로 - 기타,승용,남,66세,상해없음,승용,남,41세,경상
2023011500100234,2023년 1월 15일 17시,일요일,제주특별자치도 서귀포시 표선면,중상사고,0,1,0,0,차대사람 - 횡단중,보행자보호의무위반,건조,맑음,단일로 - 기타,승용,남,75세,상해없음,보행자,남,72세,중상
2023011500100386,2023년 1월 15일 23시,일요일,제주특별자치도 서귀포시 표선면,중상사고,0,1,0,0,차량단독 - 공작물충돌,안전운전불이행,건조,기타,단일로 - 기타,승용,남,31세,중상,,,,
2023011600100018,2023년 1월 16일 02시,월요일,제주특별자치도 제주시 연동,경상사고,0,0,1,0,차대차 - 측면충돌,직진우회전진행방해,건조,기타,교차로 - 교차로안,승용,남,25세,상해없음,승용,남,45세,경상
2023011600100050,2023년 1월 16일 06시,월요일,제주특별자치도 서귀포시 성산읍,중상사고,0,1,0,0,차량단독 - 공작물충돌,안전운전불이행,건조,맑음,단일로 - 기타,화물,남,38세,중상,,,,
2023011600100107,2023년 1월 16일 08시,월요일,제주특별자치도 서귀포시 남원읍,중상사고,0,1,0,0,차량단독 - 기타,기타,건조,맑음,단일로 - 기타,승합,남,59세,상해없음,,,,
2023011600100128,2023년 1월 16일 09시,월요일,제주특별자치도 서귀포시 동홍동,경상사고,0,0,1,0,차대차 - 측면충돌,안전거리미확보,건조,맑음,교차로 - 교차로부근,승용,남,68세,상해없음,승용,남,44세,경상
2023011600100160,2023년 1월 16일 10시,월요일,제주특별자치도 제주시 도남동,경상사고,0,0,4,0,차대차 - 추돌,기타,건조,맑음,단일로 - 기타,승용,여,35세,상해없음,승용,여,51세,경상
2023011600100161,2023년 1월 16일 10시,월요일,제주특별자치도 서귀포시 서귀동,경상사고,0,0,1,0,차대차 - 추돌,안전운전불이행,건조,맑음,단일로 - 기타,승용,남,69세,상해없음,승합,남,61세,경상
2023011600100190,2023년 1월 16일 11시,월요일,제주특별자치도 제주시 삼양일동,중상사고,0,1,0,0,차대차 - 기타,안전운전불이행,건조,흐림,교차로 - 교차로부근,이륜,남,43세,중상,승용,남,56세,상해없음
2023011600100247,2023년 1월 16일 13시,월요일,제주특별자치도 서귀포시 성산읍,중상사고,0,2,0,0,차량단독 - 공작물충돌,안전운전불이행,건조,맑음,단일로 - 기타,승용,여,70세,중상,,,,
2023011600100278,2023년 1월 16일 14시,월요일,제주특별자치도 제주시 노형동,경상사고,0,0,1,0,차대사람 - 기타,안전운전불이행,건조,맑음,교차로 - 교차로부근,승용,여,37세,상해없음,보행자,여,20세,경상
2023011600100358,2023년 1월 16일 16시,월요일,제주특별자치도 서귀포시 서귀동,경상사고,0,0,1,0,차대차 - 기타,안전운전불이행,건조,맑음,교차로 - 교차로안,승용,여,34세,상해없음,승합,남,54세,상해없음
2023011600100395,2023년 1월 16일 17시,월요일,제주특별자치도 제주시 구좌읍,경상사고,0,0,2,0,차대차 - 기타,안전운전불이행,건조,맑음,단일로 - 기타,승용,남,21세,상해없음,승합,여,41세,경상
2023011600100483,2023년 1월 16일 19시,월요일,제주특별자치도 제주시 연동,경상사고,0,0,1,0,차대차 - 기타,안전운전불이행,건조,맑음,교차로 - 교차로부근,승용,남,29세,상해없음,승용,여,36세,경상
2023011700100076,2023년 1월 17일 08시,화요일,제주특별자치도 제주시 일도이동,경상사고,0,0,1,0,차대사람 - 횡단중,안전운전불이행,건조,맑음,단일로 - 기타,승합,남,32세,상해없음,보행자,남,82세,경상
2023011700100077,2023년 1월 17일 08시,화요일,제주특별자치도 서귀포시 서홍동,중상사고,0,1,0,0,차대사람 - 차도통행중,안전운전불이행,건조,맑음,교차로 - 교차로횡단보도내,승용,여,68세,상해없음,보행자,여,56세,중상
2023011700100184,2023년 1월 17일 12시,화요일,제주특별자치도 서귀포시 표선면,중상사고,0,1,1,0,차대차 - 측면충돌,안전거리미확보,건조,맑음,단일로 - 기타,화물,남,39세,상해없음,승용,여,48세,중상
2023011700100239,2023년 1월 17일 14시,화요일,제주특별자치도 서귀포시 토평동,경상사고,0,0,1,0,차대차 - 기타,중앙선침범,건조,맑음,교차로 - 교차로부근,승용,여,50세,상해없음,화물,남,46세,경상
2023011700100240,2023년 1월 17일 14시,화요일,제주특별자치도 제주시 한림읍,경상사고,0,0,2,0,차대차 - 기타,안전거리미확보,건조,맑음,단일로 - 기타,승용,남,22세,경상,승용,남,40세,경상
2023011700100320,2023년 1월 17일 17시,화요일,제주특별자치도 서귀포시 대정읍,경상사고,0,0,1,0,차대차 - 정면충돌,직진우회전진행방해,건조,맑음,교차로 - 교차로안,승용,여,32세,상해없음,이륜,여,16세,경상
2023011700100321,2023년 1월 17일 17시,화요일,제주특별자치도 제주시 내도동,경상사고,0,0,1,0,차대차 - 추돌,안전거리미확보,건조,맑음,단일로 - 기타,승용,남,53세,상해없음,이륜,남,58세,경상
2023011700100368,2023년 1월 17일 18시,화요일,제주특별자치도 서귀포시 토평동,중상사고,0,1,0,0,차량단독 - 전도전복 - 전도,안전운전불이행,건조,맑음,교차로 - 교차로부근,이륜,남,30세,중상,,,,
2023011700100415,2023년 1월 17일 19시,화요일,제주특별자치도 제주시 애월읍,부상신고사고,0,0,0,1,차대차 - 측면충돌,신호위반,건조,맑음,교차로 - 교차로안,승용,여,61세,상해없음,승용,여,34세,부상신고
2023011700100481,2023년 1월 17일 23시,화요일,제주특별자치도 제주시 연동,경상사고,0,0,1,0,차대차 - 추돌,안전운전불이행,건조,맑음,교차로 - 교차로부근,승용,여,63세,상해없음,승합,남,37세,경상
2023011800100121,2023년 1월 18일 09시,수요일,제주특별자치도 제주시 일도이동,경상사고,0,0,1,0,차대차 - 추돌,안전운전불이행,건조,맑음,단일로 - 기타,승용,여,65세,상해없음,승용,남,51세,경상
2023011800100206,2023년 1월 18일 12시,수요일,제주특별자치도 서귀포시 서홍동,경상사고,0,0,1,0,차대차 - 기타,안전운전불이행,건조,맑음,단일로 - 기타,이륜,남,50세,경상,화물,남,70세,상해없음
2023011800100273,2023년 1월 18일 14시,수요일,제주특별자치도 제주시 건입동,중상사고,0,1,0,0,차대사람 - 횡단중,보행자보호의무위반,건조,맑음,교차로 - 교차로횡단보도내,화물,남,64세,상해없음,보행자,남,63세,중상
2023011800100274,2023년 1월 18일 14시,수요일,제주특별자치도 제주시 노형동,부상신고사고,0,0,0,1,차대사람 - 차도통행중,안전운전불이행,건조,맑음,단일로 - 기타,승용,여,51세,상해없음,보행자,남,53세,부상신고
2023011800100306,2023년 1월 18일 15시,수요일,제주특별자치도 서귀포시 대정읍,경상사고,0,0,1,0,차대차 - 측면충돌,직진우회전진행방해,건조,맑음,교차로 - 교차로안,승용,여,62세,상해없음,승용,여,53세,경상
2023011800100307,2023년 1월 18일 15시,수요일,제주특별자치도 서귀포시 남원읍,경상사고,0,0,1,0,차대차 - 추돌,안전운전불이행,건조,맑음,교차로 - 교차로부근,승용,여,26세,상해없음,승용,여,76세,상해없음
2023011800100333,2023년 1월 18일 16시,수요일,제주특별자치도 서귀포시 남원읍,경상사고,0,0,1,0,차대차 - 기타,중앙선침범,건조,맑음,단일로 - 기타,승용,여,52세,상해없음,승용,남,47세,경상
2023011800100408,2023년 1월 18일 18시,수요일,제주특별자치도 제주시 오라삼동,중상사고,0,1,0,0,차대차 - 기타,안전운전불이행,건조,맑음,기타 - 기타,승용,남,37세,상해없음,개인형이동수단(PM),남,47세,중상
2023011800100409,2023년 1월 18일 18시,수요일,제주특별자치도 제주시 애월읍,경상사고,0,0,1,0,차대차 - 추돌,안전운전불이행,건조,맑음,교차로 - 교차로부근,승용,남,62세,상해없음,승용,남,45세,경상
2023011800100450,2023년 1월 18일 19시,수요일,제주특별자치도 서귀포시 안덕면,중상사고,0,2,1,0,차대차 - 측면충돌,직진우회전진행방해,건조,맑음,교차로 - 교차로안,승용,남,43세,상해없음,승용,남,51세,경상
2023011800100474,2023년 1월 18일 20시,수요일,제주특별자치도 제주시 이도일동,경상사고,0,0,1,0,차대차 - 추돌,안전운전불이행,건조,맑음,단일로 - 기타,승용,남,21세,기타불명,승용,남,27세,경상
2023011800100496,2023년 1월 18일 21시,수요일,제주특별자치도 서귀포시 서홍동,경상사고,0,0,2,0,차대차 - 기타,안전운전불이행,건조,맑음,단일로 - 기타,승용,남,62세,상해없음,승용,여,46세,경상
2023011800100512,2023년 1월 18일 22시,수요일,제주특별자치도 서귀포시 남원읍,경상사고,0,0,1,0,차대차 - 기타,안전운전불이행,건조,맑음,단일로 - 기타,화물,남,30세,경상,건설기계,여,37세,기타불명
2023011800100532,2023년 1월 18일 23시,수요일,제주특별자치도 서귀포시 성산읍,중상사고,0,1,0,0,차량단독 - 공작물충돌,안전운전불이행,건조,맑음,단일로 - 기타,승용,남,51세,중상,,,,
2023011900100009,2023년 1월 19일 00시,목요일,제주특별자치도 서귀포시 대정읍,경상사고,0,0,1,0,차량단독 - 공작물충돌,안전운전불이행,건조,맑음,단일로 - 기타,승용,남,28세,경상,,,,
2023011900100088,2023년 1월 19일 08시,목요일,제주특별자치도 서귀포시 대포동,중상사고,0,1,2,0,차대차 - 정면충돌,안전운전불이행,서리/결빙,눈,단일로 - 기타,승용,남,58세,중상,승용,남,42세,경상
2023011900100120,2023년 1월 19일 09시,목요일,제주특별자치도 제주시 화북일동,경상사고,0,0,2,0,차대차 - 기타,직진우회전진행방해,건조,맑음,교차로 - 교차로안,승용,여,56세,경상,승용,여,67세,경상
2023011900100284,2023년 1월 19일 15시,목요일,제주특별자치도 제주시 건입동,경상사고,0,0,3,0,차대차 - 측면충돌,직진우회전진행방해,건조,맑음,교차로 - 교차로부근,화물,남,63세,상해없음,승용,여,23세,경상
2023011900100285,2023년 1월 19일 15시,목요일,제주특별자치도 제주시 이도이동,경상사고,0,0,1,0,차대사람 - 기타,안전운전불이행,건조,맑음,교차로 - 교차로부근,승용,여,64세,상해없음,보행자,남,48세,경상
2023011900100448,2023년 1월 19일 19시,목요일,제주특별자치도 제주시 오라일동,경상사고,0,0,1,0,차대사람 - 횡단중,안전운전불이행,건조,맑음,교차로 - 교차로부근,승용,남,40세,상해없음,보행자,남,48세,경상
2023011900100449,2023년 1월 19일 19시,목요일,제주특별자치도 제주시 용담이동,경상사고,0,0,1,0,차대차 - 추돌,안전거리미확보,건조,기타,단일로 - 기타,이륜,남,40세,경상,승용,남,51세,상해없음
2023011900100481,2023년 1월 19일 20시,목요일,제주특별자치도 서귀포시 남원읍,경상사고,0,0,1,0,차대차 - 추돌,안전운전불이행,건조,맑음,교차로 - 교차로부근,승용,남,65세,상해없음,승용,남,44세,경상
2023011900100557,2023년 1월 19일 23시,목요일,제주특별자치도 서귀포시 성산읍,부상신고사고,0,0,0,1,차량단독 - 도로외이탈 - 추락,기타,건조,맑음,단일로 - 기타,승용,남,30세,부상신고,,,,
2023012000100062,2023년 1월 20일 06시,금요일,제주특별자치도 서귀포시 남원읍,경상사고,0,0,1,0,차대차 - 정면충돌,직진우회전진행방해,건조,맑음,교차로 - 교차로안,승용,여,76세,경상,승용,여,65세,상해없음
2023012000100128,2023년 1월 20일 09시,금요일,제주특별자치도 제주시 노형동,경상사고,0,0,1,0,차대차 - 측면충돌,안전운전불이행,건조,맑음,교차로 - 교차로부근,승용,여,34세,상해없음,개인형이동수단(PM),여,31세,경상
2023012000100169,2023년 1월 20일 10시,금요일,제주특별자치도 서귀포시 성산읍,중상사고,0,1,0,0,차대차 - 기타,중앙선침범,건조,맑음,단일로 - 기타,화물,남,73세,상해없음,화물,남,49세,중상
2023012000100208,2023년 1월 20일 11시,금요일,제주특별자치도 서귀포시 남원읍,중상사고,0,1,0,0,차대사람 - 기타,보행자보호의무위반,건조,맑음,단일로 - 기타,승합,남,60세,상해없음,보행자,남,11세,중상
2023012000100327,2023년 1월 20일 14시,금요일,제주특별자치도 제주시 용담일동,경상사고,0,0,1,0,차대사람 - 횡단중,안전운전불이행,건조,맑음,단일로 - 기타,승용,여,43세,상해없음,보행자,남,8세,경상
2023012000100328,2023년 1월 20일 14시,금요일,제주특별자치도 제주시 애월읍,경상사고,0,0,1,0,차대차 - 기타,안전운전불이행,건조,맑음,교차로 - 교차로부근,승용,남,67세,상해없음,이륜,남,78세,경상
2023012000100383,2023년 1월 20일 15시,금요일,제주특별자치도 제주시 구좌읍,중상사고,0,1,0,0,차대차 - 추돌,안전운전불이행,건조,맑음,교차로 - 교차로부근,승용,여,28세,상해없음,승용,여,50세,상해없음
2023012000100435,2023년 1월 20일 16시,금요일,제주특별자치도 제주시 애월읍,경상사고,0,0,1,0,차대차 - 추돌,안전거리미확보,건조,맑음,교차로 - 교차로안,승용,남,47세,상해없음,승용,남,57세,경상
2023012000100484,2023년 1월 20일 17시,금요일,제주특별자치도 제주시 화북이동,부상신고사고,0,0,0,2,차대차 - 추돌,안전운전불이행,건조,흐림,단일로 - 기타,승합,여,58세,상해없음,승용,남,26세,부상신고
2023012000100485,2023년 1월 20일 17시,금요일,제주특별자치도 제주시 내도동,경상사고,0,0,1,0,차대사람 - 기타,안전운전불이행,건조,맑음,단일로 - 기타,승용,여,29세,상해없음,보행자,여,14세,경상
2023012000100486,2023년 1월 20일 17시,금요일,제주특별자치도 제주시 연동,경상사고,0,0,1,1,차대차 - 측면충돌,안전거리미확보,건조,맑음,단일로 - 기타,승용,남,47세,부상신고,승용,남,59세,경상
2023012000100553,2023년 1월 20일 18시,금요일,제주특별자치도 제주시 연동,경상사고,0,0,1,0,차대사람 - 보도통행중,보행자보호의무위반,건조,맑음,교차로 - 교차로횡단보도내,승용,여,65세,상해없음,보행자,여,27세,경상
2023012000100629,2023년 1월 20일 20시,금요일,제주특별자치도 제주시 용담이동,부상신고사고,0,0,0,1,차대차 - 추돌,안전운전불이행,건조,맑음,교차로 - 교차로부근,승용,여,48세,상해없음,승용,남,52세,부상신고
2023012100100015,2023년 1월 21일 01시,토요일,제주특별자치도 제주시 연동,경상사고,0,0,2,0,차대차 - 추돌,안전운전불이행,건조,맑음,단일로 - 기타,승용,남,24세,상해없음,승용,남,49세,경상
2023012100100043,2023년 1월 21일 04시,토요일,제주특별자치도 제주시 연동,경상사고,0,0,1,0,차대차 - 측면충돌,안전운전불이행,건조,맑음,교차로 - 교차로안,승용,남,67세,상해없음,이륜,남,27세,경상
2023012100100322,2023년 1월 21일 18시,토요일,제주특별자치도 제주시 연동,중상사고,0,1,0,0,차대차 - 측면충돌,안전운전불이행,건조,맑음,교차로 - 교차로안,개인형이동수단(PM),여,34세,기타불명,이륜,남,40세,상해없음
2023012100100377,2023년 1월 21일 21시,토요일,제주특별자치도 제주시 용담이동,부상신고사고,0,0,0,1,차대사람 - 횡단중,안전운전불이행,건조,맑음,교차로 - 교차로안,승용,여,26세,상해없음,보행자,남,7세,부상신고
2023012200100047,2023년 1월 22일 09시,일요일,제주특별자치도 제주시 용담삼동,중상사고,0,1,2,0,차대차 - 측면충돌,교차로운행방법위반,건조,맑음,교차로 - 교차로안,승용,남,53세,중상,화물,남,29세,경상
2023012200100076,2023년 1월 22일 11시,일요일,제주특별자치도 제주시 노형동,경상사고,0,0,1,3,차대차 - 기타,안전거리미확보,건조,기타,단일로 - 기타,승용,남,69세,경상,승합,남,45세,부상신고
2023012200100158,2023년 1월 22일 15시,일요일,제주특별자치도 제주시 삼도일동,경상사고,0,0,1,0,차대사람 - 횡단중,보행자보호의무위반,젖음/습기,비,교차로 - 교차로횡단보도내,승용,남,41세,상해없음,보행자,여,77세,경상
2023012200100188,2023년 1월 22일 17시,일요일,제주특별자치도 제주시 애월읍,경상사고,0,0,2,0,차대차 - 추돌,안전운전불이행,건조,맑음,단일로 - 기타,승용,남,37세,상해없음,승용,남,33세,경상
2023012200100199,2023년 1월 22일 18시,일요일,제주특별자치도 서귀포시 서귀동,경상사고,0,0,1,0,차대사람 - 차도통행중,안전운전불이행,건조,맑음,기타 - 기타,승용,여,38세,상해없음,보행자,여,16세,경상
2023012200100256,2023년 1월 22일 21시,일요일,제주특별자치도 제주시 이도이동,중상사고,0,1,0,0,차대사람 - 길가장자리구역통행중,안전운전불이행,건조,맑음,교차로 - 교차로안,승용,남,33세,상해없음,보행자,남,63세,중상
2023012200100269,2023년 1월 22일 22시,일요일,제주특별자치도 제주시 일도이동,중상사고,0,1,0,0,차대차 - 기타,직진우회전진행방해,건조,맑음,교차로 - 교차로안,승용,여,62세,상해없음,이륜,남,33세,중상
2023012200100282,2023년 1월 22일 23시,일요일,제주특별자치도 제주시 일도이동,중상사고,0,1,0,0,차대사람 - 횡단중,보행자보호의무위반,젖음/습기,비,교차로 - 교차로횡단보도내,이륜,남,28세,상해없음,보행자,남,62세,중상
2023012300100030,2023년 1월 23일 03시,월요일,제주특별자치도 제주시 삼도일동,중상사고,0,1,0,0,차대사람 - 기타,안전운전불이행,젖음/습기,흐림,교차로 - 교차로부근,승용,남,53세,상해없음,보행자,남,62세,중상
2023012300100036,2023년 1월 23일 05시,월요일,제주특별자치도 서귀포시 안덕면,경상사고,0,0,1,0,차량단독 - 공작물충돌,기타,건조,맑음,단일로 - 기타,승용,남,27세,경상,,,,
2023012300100059,2023년 1월 23일 09시,월요일,제주특별자치도 서귀포시 서귀동,중상사고,0,1,0,0,차대차 - 기타,직진우회전진행방해,건조,맑음,교차로 - 교차로안,승용,여,57세,중상,승용,남,57세,상해없음
2023012300100205,2023년 1월 23일 16시,월요일,제주특별자치도 제주시 도련일동,경상사고,0,0,1,0,차대차 - 기타,안전운전불이행,건조,맑음,교차로 - 교차로부근,승용,남,83세,상해없음,승용,여,23세,경상
2023012300100226,2023년 1월 23일 17시,월요일,제주특별자치도 제주시 연동,중상사고,0,1,0,0,차대차 - 측면충돌,안전운전불이행,건조,맑음,교차로 - 교차로안,승용,남,50세,상해없음,승용,여,50세,중상
2023012300100332,2023년 1월 23일 22시,월요일,제주특별자치도 서귀포시 성산읍,경상사고,0,0,1,0,차대차 - 기타,안전운전불이행,건조,맑음,단일로 - 기타,승용,여,39세,경상,화물,기타불명,미분류,기타불명
2023012400100052,2023년 1월 24일 08시,화요일,제주특별자치도 서귀포시 강정동,경상사고,0,0,1,0,차대차 - 추돌,안전거리미확보,서리/결빙,맑음,단일로 - 기타,승용,남,67세,상해없음,승용,남,36세,경상
2023012400100053,2023년 1월 24일 08시,화요일,제주특별자치도 서귀포시 남원읍,경상사고,0,0,1,0,차대차 - 추돌,안전운전불이행,서리/결빙,눈,교차로 - 교차로부근,승용,남,41세,상해없음,화물,남,42세,경상
2023012400100059,2023년 1월 24일 09시,화요일,제주특별자치도 서귀포시 남원읍,경상사고,0,0,4,0,차대차 - 추돌,안전운전불이행,적설,눈,단일로 - 기타,승합,남,51세,상해없음,승용,남,42세,경상
2023012400100070,2023년 1월 24일 10시,화요일,제주특별자치도 서귀포시 상예동,경상사고,0,0,1,0,차대차 - 정면충돌,안전운전불이행,서리/결빙,눈,단일로 - 기타,승용,여,33세,상해없음,승용,남,44세,경상
2023012400100071,2023년 1월 24일 10시,화요일,제주특별자치도 제주시 애월읍,중상사고,0,1,2,0,차대차 - 추돌,안전운전불이행,적설,눈,단일로 - 기타,승용,남,37세,경상,승용,남,43세,중상
2023012400100087,2023년 1월 24일 11시,화요일,제주특별자치도 제주시 노형동,경상사고,0,0,1,1,차량단독 - 공작물충돌,안전운전불이행,적설,눈,교차로 - 교차로부근,승합,남,49세,상해없음,,,,
2023012400100130,2023년 1월 24일 13시,화요일,제주특별자치도 서귀포시 대정읍,경상사고,0,0,1,0,차대차 - 추돌,안전거리미확보,서리/결빙,눈,단일로 - 기타,승합,남,48세,상해없음,승용,여,29세,경상
2023012400100131,2023년 1월 24일 13시,화요일,제주특별자치도 제주시 애월읍,경상사고,0,0,1,0,차대차 - 기타,차로위반,건조,맑음,기타 - 기타,승용,남,53세,상해없음,승용,여,30세,경상
2023012400100194,2023년 1월 24일 16시,화요일,제주특별자치도 제주시 일도일동,경상사고,0,0,1,0,차대사람 - 횡단중,신호위반,서리/결빙,맑음,교차로 - 교차로횡단보도내,승용,남,50세,상해없음,보행자,여,13세,경상
2023012400100195,2023년 1월 24일 16시,화요일,제주특별자치도 제주시 애월읍,중상사고,0,2,2,0,차대차 - 기타,안전거리미확보,적설,눈,단일로 - 기타,화물,남,49세,상해없음,승용,남,30세,상해없음
2023012500100176,2023년 1월 25일 12시,수요일,제주특별자치도 서귀포시 남원읍,중상사고,0,2,2,0,차대차 - 측면충돌,직진우회전진행방해,서리/결빙,눈,교차로 - 교차로안,승용,남,66세,상해없음,승용,남,53세,중상
2023012500100238,2023년 1월 25일 14시,수요일,제주특별자치도 제주시 삼도일동,경상사고,0,0,1,0,차대차 - 측면충돌,신호위반,기타,기타,교차로 - 교차로안,승용,남,63세,상해없음,이륜,남,38세,경상
2023012500100272,2023년 1월 25일 15시,수요일,제주특별자치도 제주시 노형동,부상신고사고,0,0,0,1,차대차 - 측면충돌,안전운전불이행,건조,맑음,단일로 - 기타,화물,남,29세,상해없음,승용,여,76세,부상신고
2023012500100399,2023년 1월 25일 19시,수요일,제주특별자치도 제주시 노형동,경상사고,0,0,1,0,차대차 - 측면충돌,직진우회전진행방해,건조,기타,교차로 - 교차로안,승용,남,33세,상해없음,승용,남,49세,경상
2023012600100085,2023년 1월 26일 09시,목요일,제주특별자치도 제주시 오라이동,경상사고,0,0,1,0,차대차 - 기타,안전운전불이행,젖음/습기,눈,단일로 - 기타,화물,남,49세,상해없음,승용,여,54세,경상
2023012600100118,2023년 1월 26일 11시,목요일,제주특별자치도 서귀포시 성산읍,경상사고,0,0,1,0,차대차 - 기타,기타,건조,맑음,교차로 - 교차로안,원동기,남,85세,경상,화물,여,66세,상해없음
2023012600100135,2023년 1월 26일 12시,목요일,제주특별자치도 제주시 삼도이동,경상사고,0,0,1,0,차대사람 - 횡단중,보행자보호의무위반,건조,맑음,교차로 - 교차로횡단보도내,승용,여,66세,상해없음,보행자,여,53세,경상
2023012600100136,2023년 1월 26일 12시,목요일,제주특별자치도 서귀포시 남원읍,부상신고사고,0,0,0,4,차대차 - 측면충돌,교차로운행방법위반,건조,맑음,교차로 - 교차로안,화물,남,64세,상해없음,승용,남,24세,부상신고
2023012600100190,2023년 1월 26일 15시,목요일,제주특별자치도 제주시 구좌읍,경상사고,0,0,2,0,차대차 - 정면충돌,신호위반,건조,맑음,교차로 - 교차로횡단보도내,승용,여,66세,상해없음,승용,남,26세,경상
2023012600100263,2023년 1월 26일 18시,목요일,제주특별자치도 서귀포시 남원읍,경상사고,0,0,5,0,차대차 - 기타,안전운전불이행,건조,맑음,단일로 - 기타,승용,남,41세,상해없음,승용,남,23세,경상
2023012600100264,2023년 1월 26일 18시,목요일,제주특별자치도 제주시 노형동,중상사고,0,1,0,0,차대사람 - 기타,안전운전불이행,건조,맑음,단일로 - 기타,승용,남,22세,상해없음,보행자,남,64세,중상
2023012600100335,2023년 1월 26일 22시,목요일,제주특별자치도 제주시 화북이동,경상사고,0,0,1,0,차대차 - 기타,안전운전불이행,건조,맑음,단일로 - 기타,승용,남,23세,상해없음,승용,여,32세,경상
2023012600100351,2023년 1월 26일 23시,목요일,제주특별자치도 서귀포시 남원읍,경상사고,0,0,1,0,차대차 - 기타,기타,건조,맑음,교차로 - 교차로안,승용,남,25세,상해없음,승용,여,55세,경상
2023012700100145,2023년 1월 27일 10시,금요일,제주특별자치도 서귀포시 서귀동,중상사고,0,1,0,0,차대사람 - 보도통행중,보행자보호의무위반,건조,맑음,교차로 - 교차로횡단보도내,화물,남,65세,상해없음,보행자,여,72세,중상
2023012700100236,2023년 1월 27일 13시,금요일,제주특별자치도 서귀포시 서귀동,경상사고,0,0,2,0,차대차 - 측면충돌,안전거리미확보,젖음/습기,흐림,교차로 - 교차로부근,화물,남,77세,상해없음,승용,남,50세,경상
2023012700100273,2023년 1월 27일 14시,금요일,제주특별자치도 서귀포시 성산읍,경상사고,0,0,1,0,차대차 - 측면충돌,기타,건조,흐림,교차로 - 교차로안,승용,남,41세,상해없음,승용,여,62세,상해없음
2023012700100302,2023년 1월 27일 15시,금요일,제주특별자치도 서귀포시 동홍동,경상사고,0,0,2,0,차대차 - 측면충돌,차로위반,젖음/습기,눈,단일로 - 기타,화물,남,71세,상해없음,승용,남,52세,경상
2023012700100303,2023년 1월 27일 15시,금요일,제주특별자치도 제주시 노형동,부상신고사고,0,0,0,2,차대차 - 기타,안전거리미확보,건조,흐림,단일로 - 기타,특수,남,65세,상해없음,승용,여,44세,부상신고
2023012700100381,2023년 1월 27일 17시,금요일,제주특별자치도 제주시 아라일동,경상사고,0,0,8,0,차대차 - 추돌,안전운전불이행,서리/결빙,눈,단일로 - 기타,승합,남,62세,상해없음,승용,남,34세,경상
2023012700100382,2023년 1월 27일 17시,금요일,제주특별자치도 제주시 영평동,경상사고,0,0,1,0,차대차 - 추돌,안전운전불이행,서리/결빙,눈,교차로 - 교차로부근,승용,여,44세,상해없음,승용,여,43세,경상
2023012700100383,2023년 1월 27일 17시,금요일,제주특별자치도 제주시 화북이동,경상사고,0,0,1,0,차대차 - 기타,안전운전불이행,서리/결빙,눈,교차로 - 교차로부근,승용,여,37세,상해없음,승용,여,31세,상해없음