사고번호,사고일시,요일,시군구,사고내용,사망자수,중상자수,경상자수,부상신고자수,사고유형,법규위반,노면상태,기상상태,도로형태,가해운전자 차종,가해운전자 성별,가해운전자 연령,가해운전자 상해정도,피해운전자 차종,피해운전자 성별,피해운전자 연령,피해운전자 상해정도
2023012700100384,2023년 1월 27일 17시,금요일,제주특별자치도 제주시 연동,경상사고,0,0,2,3,차대차 - 측면충돌,직진우회전진행방해,서리/결빙,눈,교차로 - 교차로안,승용,여,38세,경상,승용,여,39세,경상
2023012700100434,2023년 1월 27일 18시,금요일,제주특별자치도 서귀포시 중문동,경상사고,0,0,2,0,차대차 - 측면충돌,중앙선침범,서리/결빙,눈,단일로 - 기타,승합,여,53세,상해없음,승용,여,62세,경상
2023012700100435,2023년 1월 27일 18시,금요일,제주특별자치도 서귀포시 도순동,경상사고,0,0,4,0,차대차 - 추돌,안전거리미확보,서리/결빙,눈,단일로 - 기타,승용,남,30세,경상,승용,여,64세,경상
2023012700100436,2023년 1월 27일 18시,금요일,제주특별자치도 제주시 해안동,경상사고,0,0,1,0,차대차 - 추돌,안전운전불이행,적설,눈,단일로 - 기타,승용,여,34세,경상,화물,남,27세,상해없음
2023012700100437,2023년 1월 27일 18시,금요일,제주특별자치도 제주시 노형동,경상사고,0,0,3,1,차대차 - 측면충돌,안전운전불이행,건조,맑음,단일로 - 기타,승용,여,31세,부상신고,승용,남,42세,경상
2023012700100493,2023년 1월 27일 20시,금요일,제주특별자치도 제주시 애월읍,중상사고,0,1,2,3,차대차 - 정면충돌,안전운전불이행,서리/결빙,눈,교차로 - 교차로안,화물,남,57세,경상,승용,남,23세,중상
2023012700100550,2023년 1월 27일 22시,금요일,제주특별자치도 제주시 이도이동,경상사고,0,0,3,0,차대차 - 측면충돌,신호위반,적설,눈,교차로 - 교차로부근,승용,남,37세,경상,승용,남,41세,경상
2023012800100068,2023년 1월 28일 07시,토요일,제주특별자치도 제주시 삼양일동,경상사고,0,0,1,0,차대차 - 추돌,안전운전불이행,적설,눈,단일로 - 기타,화물,남,39세,상해없음,화물,남,59세,상해없음
2023012800100079,2023년 1월 28일 08시,토요일,제주특별자치도 서귀포시 대정읍,경상사고,0,0,3,0,차대차 - 측면충돌,중앙선침범,서리/결빙,눈,단일로 - 기타,승용,남,39세,상해없음,승용,여,28세,경상
2023012800100096,2023년 1월 28일 09시,토요일,제주특별자치도 제주시 노형동,경상사고,0,0,3,0,차대차 - 기타,안전운전불이행,서리/결빙,눈,단일로 - 기타,승용,남,40세,상해없음,승용,남,34세,경상
2023012800100110,2023년 1월 28일 10시,토요일,제주특별자치도 제주시 연동,부상신고사고,0,0,0,1,차대차 - 측면충돌,안전운전불이행,젖음/습기,흐림,교차로 - 교차로안,승용,여,21세,상해없음,승용,남,68세,부상신고
2023012800100231,2023년 1월 28일 14시,토요일,제주특별자치도 제주시 노형동,경상사고,0,0,1,0,차대차 - 추돌,안전운전불이행,젖음/습기,흐림,교차로 - 교차로안,승용,남,54세,상해없음,승용,남,57세,경상
2023012800100256,2023년 1월 28일 15시,토요일,제주특별자치도 제주시 한림읍,경상사고,0,0,2,0,차대차 - 기타,안전거리미확보,적설,눈,단일로 - 기타,화물,남,44세,상해없음,승용,남,32세,경상
2023012800100356,2023년 1월 28일 18시,토요일,제주특별자치도 제주시 노형동,중상사고,0,1,0,0,차대차 - 기타,안전운전불이행,건조,맑음,단일로 - 기타,승용,남,32세,상해없음,승합,남,58세,상해없음
2023012900100011,2023년 1월 29일 00시,일요일,제주특별자치도 제주시 오라이동,경상사고,0,0,2,0,차대차 - 기타,신호위반,건조,흐림,교차로 - 교차로안,승용,남,36세,상해없음,승용,남,33세,경상
2023012900100162,2023년 1월 29일 13시,일요일,제주특별자치도 제주시 구좌읍,경상사고,0,0,1,0,차대차 - 측면충돌,안전운전불이행,건조,맑음,단일로 - 기타,승용,여,42세,상해없음,승용,여,26세,경상
2023012900100163,2023년 1월 29일 13시,일요일,제주특별자치도 서귀포시 표선면,경상사고,0,0,1,0,차대차 - 기타,기타,건조,맑음,교차로 - 교차로안,승용,남,62세,상해없음,승용,여,71세,경상
2023012900100226,2023년 1월 29일 16시,일요일,제주특별자치도 서귀포시 성산읍,부상신고사고,0,0,0,1,차량단독 - 공작물충돌,안전운전불이행,건조,맑음,단일로 - 기타,화물,남,54세,부상신고,,,,
2023013000100047,2023년 1월 30일 06시,월요일,제주특별자치도 제주시 애월읍,경상사고,0,0,1,0,차대차 - 기타,안전거리미확보,건조,맑음,교차로 - 교차로안,화물,남,46세,기타불명,승용,남,58세,경상
2023013000100162,2023년 1월 30일 10시,월요일,제주특별자치도 제주시 도련일동,중상사고,0,1,0,0,차대사람 - 횡단중,보행자보호의무위반,건조,맑음,교차로 - 교차로횡단보도내,승용,여,63세,상해없음,보행자,남,87세,중상
2023013000100163,2023년 1월 30일 10시,월요일,제주특별자치도 제주시 연동,중상사고,0,1,4,0,차대차 - 추돌,안전거리미확보,건조,맑음,단일로 - 기타,화물,남,51세,경상,화물,남,51세,중상
2023013000100253,2023년 1월 30일 13시,월요일,제주특별자치도 제주시 구좌읍,경상사고,0,0,1,0,차대차 - 측면충돌,안전거리미확보,건조,맑음,단일로 - 기타,승용,남,65세,상해없음,승용,남,27세,경상
2023013000100296,2023년 1월 30일 14시,월요일,제주특별자치도 서귀포시 강정동,중상사고,0,1,0,0,차량단독 - 공작물충돌,기타,건조,맑음,단일로 - 기타,승용,여,43세,상해없음,,,,
2023013000100333,2023년 1월 30일 15시,월요일,제주특별자치도 제주시 애월읍,사망사고,1,0,0,0,차대차 - 측면충돌,직진우회전진행방해,건조,맑음,교차로 - 교차로안,화물,남,77세,상해없음,이륜,남,80세,사망
2023013000100334,2023년 1월 30일 15시,월요일,제주특별자치도 제주시 애월읍,중상사고,0,1,1,0,차대차 - 추돌,안전운전불이행,건조,맑음,단일로 - 기타,승용,남,33세,상해없음,승용,여,49세,경상
2023013000100368,2023년 1월 30일 16시,월요일,제주특별자치도 서귀포시 중문동,중상사고,0,1,0,0,차대사람 - 기타,안전운전불이행,건조,맑음,단일로 - 기타,화물,남,50세,상해없음,보행자,남,71세,중상
2023013000100369,2023년 1월 30일 16시,월요일,제주특별자치도 제주시 오라삼동,사망사고,1,0,0,0,차대사람 - 횡단중,보행자보호의무위반,건조,맑음,단일로 - 기타,승용,남,73세,상해없음,보행자,여,61세,사망
2023013000100500,2023년 1월 30일 20시,월요일,제주특별자치도 제주시 화북이동,경상사고,0,0,1,0,차대차 - 측면충돌,신호위반,건조,맑음,교차로 - 교차로안,승용,남,43세,상해없음,승용,여,57세,경상
2023013000100501,2023년 1월 30일 20시,월요일,제주특별자치도 제주시 이도이동,경상사고,0,0,1,0,차대사람 - 횡단중,보행자보호의무위반,건조,맑음,단일로 - 기타,승용,여,49세,상해없음,보행자,남,64세,경상
2023013000100502,2023년 1월 30일 20시,월요일,제주특별자치도 서귀포시 서호동,경상사고,0,0,1,0,차대사람 - 기타,안전운전불이행,건조,맑음,단일로 - 기타,승용,여,26세,상해없음,보행자,남,67세,경상
2023013000100556,2023년 1월 30일 23시,월요일,제주특별자치도 제주시 연동,경상사고,0,0,1,0,차대사람 - 차도통행중,안전운전불이행,건조,맑음,기타 - 기타,화물,남,31세,상해없음,보행자,남,42세,경상
2023013100100112,2023년 1월 31일 08시,화요일,제주특별자치도 서귀포시 대정읍,경상사고,0,0,2,0,차대차 - 정면충돌,직진우회전진행방해,건조,맑음,교차로 - 교차로안,승용,여,42세,경상,승용,여,44세,경상
2023013100100142,2023년 1월 31일 09시,화요일,제주특별자치도 서귀포시 색달동,경상사고,0,0,1,0,차대차 - 후진중충돌,안전운전불이행,건조,맑음,단일로 - 기타,화물,남,21세,상해없음,승용,남,58세,상해없음
2023013100100172,2023년 1월 31일 10시,화요일,제주특별자치도 서귀포시 성산읍,경상사고,0,0,2,0,차대차 - 기타,중앙선침범,건조,맑음,교차로 - 교차로부근,화물,여,64세,상해없음,승용,남,31세,경상
2023013100100185,2023년 1월 31일 11시,화요일,제주특별자치도 제주시 애월읍,경상사고,0,0,1,0,차대차 - 기타,직진우회전진행방해,건조,맑음,교차로 - 교차로안,승용,남,60세,상해없음,승용,여,34세,경상
2023013100100213,2023년 1월 31일 12시,화요일,제주특별자치도 서귀포시 안덕면,경상사고,0,0,1,0,차대사람 - 횡단중,중앙선침범,건조,맑음,교차로 - 교차로횡단보도내,승용,남,36세,상해없음,보행자,여,54세,경상
2023013100100214,2023년 1월 31일 12시,화요일,제주특별자치도 제주시 한림읍,중상사고,0,1,0,0,차대사람 - 횡단중,보행자보호의무위반,건조,맑음,교차로 - 교차로횡단보도내,승용,여,64세,상해없음,보행자,여,81세,중상
2023013100100241,2023년 1월 31일 13시,화요일,제주특별자치도 제주시 이도이동,경상사고,0,0,1,0,차대차 - 측면충돌,안전거리미확보,건조,맑음,단일로 - 기타,승합,남,50세,상해없음,이륜,남,21세,경상
2023013100100242,2023년 1월 31일 13시,화요일,제주특별자치도 제주시 용담이동,경상사고,0,0,2,0,차대차 - 정면충돌,안전운전불이행,건조,맑음,교차로 - 교차로안,승용,여,42세,경상,승용,남,58세,상해없음
2023013100100285,2023년 1월 31일 14시,화요일,제주특별자치도 제주시 화북일동,중상사고,0,1,0,0,차대차 - 기타,중앙선침범,건조,맑음,단일로 - 기타,승용,남,72세,상해없음,원동기,남,35세,중상
2023013100100348,2023년 1월 31일 16시,화요일,제주특별자치도 서귀포시 서귀동,경상사고,0,0,1,0,차량단독 - 공작물충돌,안전운전불이행,건조,맑음,단일로 - 기타,이륜,여,83세,경상,,,,
2023013100100349,2023년 1월 31일 16시,화요일,제주특별자치도 제주시 한경면,경상사고,0,0,1,0,차대차 - 측면충돌,불법유턴,건조,맑음,단일로 - 기타,이륜,여,78세,경상,승용,남,53세,상해없음
2023013100100435,2023년 1월 31일 18시,화요일,제주특별자치도 서귀포시 서귀동,중상사고,0,1,0,0,차대사람 - 횡단중,보행자보호의무위반,건조,맑음,단일로 - 기타,화물,남,44세,상해없음,보행자,남,56세,중상
2023013100100477,2023년 1월 31일 19시,화요일,제주특별자치도 제주시 도련일동,경상사고,0,0,1,0,차대차 - 추돌,안전운전불이행,건조,맑음,단일로 - 기타,승용,남,43세,상해없음,승용,여,34세,경상
2023013100100478,2023년 1월 31일 19시,화요일,제주특별자치도 제주시 연동,부상신고사고,0,0,0,3,차대차 - 측면충돌,직진우회전진행방해,건조,맑음,교차로 - 교차로안,승합,남,39세,부상신고,승용,남,52세,부상신고
2023013100100568,2023년 1월 31일 23시,화요일,제주특별자치도 제주시 화북이동,경상사고,0,0,1,0,차대차 - 정면충돌,신호위반,건조,맑음,교차로 - 교차로안,승용,남,33세,상해없음,승용,남,26세,경상
2023020100100007,2023년 2월 1일 00시,수요일,제주특별자치도 제주시 이도이동,중상사고,0,1,0,0,차대사람 - 횡단중,안전운전불이행,건조,흐림,교차로 - 교차로안,승용,남,48세,상해없음,보행자,여,32세,중상
2023020100100019,2023년 2월 1일 01시,수요일,제주특별자치도 서귀포시 성산읍,부상신고사고,0,0,0,1,차량단독 - 공작물충돌,안전운전불이행,건조,맑음,교차로 - 교차로부근,승용,남,43세,부상신고,,,,
2023020100100119,2023년 2월 1일 09시,수요일,제주특별자치도 제주시 애월읍,경상사고,0,0,1,0,차대차 - 측면충돌,안전운전불이행,건조,맑음,교차로 - 교차로부근,승용,남,30세,상해없음,승용,남,33세,경상
2023020100100178,2023년 2월 1일 11시,수요일,제주특별자치도 서귀포시 중문동,경상사고,0,0,2,0,차대차 - 기타,기타,건조,맑음,교차로 - 교차로안,승용,여,28세,경상,승용,여,42세,경상
2023020100100234,2023년 2월 1일 13시,수요일,제주특별자치도 제주시 도남동,경상사고,0,0,1,0,차대차 - 추돌,안전운전불이행,기타,기타,교차로 - 교차로부근,화물,남,59세,상해없음,승용,여,44세,경상
2023020100100235,2023년 2월 1일 13시,수요일,제주특별자치도 서귀포시 성산읍,경상사고,0,0,2,0,차대차 - 기타,교차로운행방법위반,건조,맑음,교차로 - 교차로안,승용,남,41세,상해없음,승용,여,26세,상해없음
2023020100100259,2023년 2월 1일 14시,수요일,제주특별자치도 제주시 화북이동,경상사고,0,0,1,0,차대차 - 추돌,안전운전불이행,건조,맑음,단일로 - 기타,화물,남,54세,상해없음,승용,남,57세,경상
2023020100100285,2023년 2월 1일 15시,수요일,제주특별자치도 제주시 오라이동,경상사고,0,0,1,0,차대차 - 측면충돌,안전거리미확보,건조,맑음,단일로 - 기타,화물,남,66세,상해없음,승용,여,68세,경상
2023020100100286,2023년 2월 1일 15시,수요일,제주특별자치도 제주시 애월읍,경상사고,0,0,1,0,차대차 - 측면충돌,교차로운행방법위반,건조,맑음,교차로 - 교차로부근,승용,여,61세,상해없음,승용,여,36세,경상
2023020100100314,2023년 2월 1일 16시,수요일,제주특별자치도 제주시 연동,경상사고,0,0,2,0,차대차 - 기타,안전거리미확보,건조,맑음,단일로 - 기타,승용,남,47세,상해없음,승용,남,35세,경상
2023020100100353,2023년 2월 1일 17시,수요일,제주특별자치도 제주시 이도일동,중상사고,0,1,0,0,차대사람 - 차도통행중,안전운전불이행,건조,맑음,교차로 - 교차로부근,승용,여,63세,상해없음,보행자,남,78세,중상
2023020100100400,2023년 2월 1일 18시,수요일,제주특별자치도 서귀포시 회수동,경상사고,0,0,2,0,차대차 - 측면충돌,차로위반,건조,맑음,교차로 - 교차로안,승용,여,62세,상해없음,승용,여,37세,경상
2023020100100444,2023년 2월 1일 19시,수요일,제주특별자치도 제주시 연동,경상사고,0,0,1,1,차대차 - 측면충돌,직진우회전진행방해,건조,맑음,단일로 - 기타,승용,남,25세,부상신고,화물,남,50세,경상
2023020100100509,2023년 2월 1일 22시,수요일,제주특별자치도 서귀포시 성산읍,경상사고,0,0,1,0,차대차 - 추돌,안전운전불이행,건조,맑음,교차로 - 교차로부근,승용,남,50세,상해없음,승용,남,29세,경상
2023020100100510,2023년 2월 1일 22시,수요일,제주특별자치도 제주시 연동,중상사고,0,1,0,0,차대차 - 후진중충돌,안전운전불이행,건조,맑음,단일로 - 기타,승합,남,45세,상해없음,이륜,남,31세,중상
2023020200100018,2023년 2월 2일 01시,목요일,제주특별자치도 서귀포시 서귀동,중상사고,0,1,0,0,차대차 - 측면충돌,안전운전불이행,건조,맑음,교차로 - 교차로안,승용,남,62세,상해없음,승용,남,23세,중상
2023020200100030,2023년 2월 2일 03시,목요일,제주특별자치도 서귀포시 안덕면,경상사고,0,0,1,0,차량단독 - 기타,안전운전불이행,건조,맑음,단일로 - 기타,승용,여,32세,경상,,,,
2023020200100105,2023년 2월 2일 08시,목요일,제주특별자치도 서귀포시 색달동,경상사고,0,0,1,0,차대차 - 기타,안전운전불이행,건조,맑음,교차로 - 교차로안,승용,남,42세,기타불명,승용,여,46세,경상
2023020200100174,2023년 2월 2일 11시,목요일,제주특별자치도 제주시 삼도일동,부상신고사고,0,0,0,1,차대차 - 추돌,안전운전불이행,건조,맑음,교차로 - 교차로안,화물,남,25세,부상신고,승용,여,42세,상해없음
2023020200100175,2023년 2월 2일 11시,목요일,제주특별자치도 서귀포시 남원읍,경상사고,0,0,2,0,차대차 - 기타,안전운전불이행,건조,맑음,교차로 - 교차로안,승용,남,56세,상해없음,승용,남,62세,상해없음
2023020200100225,2023년 2월 2일 13시,목요일,제주특별자치도 제주시 노형동,경상사고,0,0,1,1,차대차 - 측면충돌,직진우회전진행방해,건조,맑음,교차로 - 교차로안,승용,남,71세,부상신고,승용,남,69세,상해없음
2023020200100251,2023년 2월 2일 14시,목요일,제주특별자치도 서귀포시 대정읍,경상사고,0,0,5,0,차대차 - 기타,안전운전불이행,건조,맑음,단일로 - 기타,승용,남,29세,상해없음,승용,여,33세,경상
2023020200100301,2023년 2월 2일 16시,목요일,제주특별자치도 제주시 연동,경상사고,0,0,1,0,차대차 - 기타,안전운전불이행,건조,맑음,단일로 - 기타,승용,여,42세,상해없음,승용,여,38세,경상
2023020200100324,2023년 2월 2일 17시,목요일,제주특별자치도 제주시 삼도이동,경상사고,0,0,2,0,차대차 - 정면충돌,직진우회전진행방해,건조,맑음,교차로 - 교차로안,승용,남,62세,경상,이륜,남,52세,경상
2023020200100368,2023년 2월 2일 18시,목요일,제주특별자치도 제주시 삼도이동,경상사고,0,0,2,0,차대차 - 측면충돌,안전운전불이행,건조,맑음,단일로 - 기타,승용,남,80세,상해없음,승용,남,41세,경상
2023020200100369,2023년 2월 2일 18시,목요일,제주특별자치도 서귀포시 중문동,경상사고,0,0,1,0,차대사람 - 기타,보행자보호의무위반,건조,맑음,단일로 - 기타,승용,여,43세,상해없음,보행자,남,43세,경상
2023020200100406,2023년 2월 2일 19시,목요일,제주특별자치도 서귀포시 안덕면,경상사고,0,0,1,0,차대차 - 정면충돌,직진우회전진행방해,건조,맑음,교차로 - 교차로안,승용,남,30세,상해없음,이륜,남,35세,경상
2023020200100407,2023년 2월 2일 19시,목요일,제주특별자치도 제주시 연동,경상사고,0,0,1,0,차대차 - 측면충돌,신호위반,건조,맑음,교차로 - 교차로안,승용,남,38세,상해없음,이륜,남,28세,경상
2023020200100432,2023년 2월 2일 20시,목요일,제주특별자치도 제주시 연동,중상사고,0,1,1,0,차대차 - 측면충돌,신호위반,건조,맑음,교차로 - 교차로안,이륜,남,37세,중상,승용,남,54세,경상
2023020200100488,2023년 2월 2일 23시,목요일,제주특별자치도 제주시 삼도일동,중상사고,0,1,2,0,차대차 - 정면충돌,신호위반,건조,맑음,교차로 - 교차로안,승용,남,69세,상해없음,승용,남,40세,중상
2023020300100008,2023년 2월 3일 00시,금요일,제주특별자치도 제주시 용담일동,부상신고사고,0,0,0,1,차량단독 - 기타,안전운전불이행,건조,맑음,단일로 - 기타,승용,남,72세,상해없음,,,,
2023020300100067,2023년 2월 3일 07시,금요일,제주특별자치도 제주시 회천동,경상사고,0,0,1,0,차대차 - 기타,기타,건조,흐림,교차로 - 교차로안,승용,남,22세,상해없음,승용,남,59세,경상
2023020300100068,2023년 2월 3일 07시,금요일,제주특별자치도 제주시 노형동,경상사고,0,0,1,0,차대차 - 기타,안전운전불이행,건조,맑음,단일로 - 기타,승용,여,60세,경상,화물,남,54세,상해없음
2023020300100135,2023년 2월 3일 10시,금요일,제주특별자치도 서귀포시 안덕면,중상사고,0,1,0,0,차대차 - 기타,안전거리미확보,건조,맑음,단일로 - 지하차도(도로)내,승용,남,53세,상해없음,승합,남,58세,상해없음
2023020300100186,2023년 2월 3일 12시,금요일,제주특별자치도 서귀포시 표선면,경상사고,0,0,1,1,차대차 - 정면충돌,안전운전불이행,건조,맑음,단일로 - 기타,승용,여,36세,부상신고,화물,남,39세,경상
2023020300100187,2023년 2월 3일 12시,금요일,제주특별자치도 제주시 애월읍,경상사고,0,0,2,0,차대차 - 기타,신호위반,건조,맑음,단일로 - 기타,승용,여,59세,기타불명,승용,여,19세,경상
2023020300100219,2023년 2월 3일 13시,금요일,제주특별자치도 제주시 일도이동,경상사고,0,0,1,0,차대차 - 측면충돌,직진우회전진행방해,건조,맑음,교차로 - 교차로안,승용,여,62세,상해없음,이륜,남,29세,경상
2023020300100319,2023년 2월 3일 16시,금요일,제주특별자치도 서귀포시 서홍동,경상사고,0,0,2,0,차대차 - 측면충돌,직진우회전진행방해,건조,맑음,교차로 - 교차로안,승합,남,72세,상해없음,승용,여,38세,경상
2023020300100320,2023년 2월 3일 16시,금요일,제주특별자치도 제주시 애월읍,부상신고사고,0,0,0,2,차대차 - 추돌,안전운전불이행,건조,맑음,단일로 - 기타,화물,남,68세,상해없음,승용,여,30세,부상신고
2023020300100413,2023년 2월 3일 18시,금요일,제주특별자치도 서귀포시 월평동,중상사고,0,1,2,1,차대차 - 추돌,안전거리미확보,건조,맑음,단일로 - 기타,화물,남,80세,상해없음,승용,여,50세,경상
2023020300100414,2023년 2월 3일 18시,금요일,제주특별자치도 제주시 용담이동,중상사고,0,1,0,3,차대차 - 추돌,안전운전불이행,건조,맑음,단일로 - 기타,승용,남,62세,상해없음,승용,남,62세,중상
2023020300100461,2023년 2월 3일 19시,금요일,제주특별자치도 제주시 용담이동,경상사고,0,0,1,0,차대차 - 기타,안전거리미확보,건조,맑음,단일로 - 기타,승용,남,63세,상해없음,승용,남,71세,경상
2023020300100526,2023년 2월 3일 21시,금요일,제주특별자치도 제주시 연동,부상신고사고,0,0,0,1,차대차 - 측면충돌,신호위반,건조,맑음,교차로 - 교차로부근,자전거,여,54세,부상신고,승용,남,75세,상해없음
2023020400100022,2023년 2월 4일 00시,토요일,제주특별자치도 서귀포시 서호동,경상사고,0,0,2,0,차대차 - 기타,안전운전불이행,건조,기타,교차로 - 교차로안,승용,남,71세,상해없음,승용,남,28세,경상
2023020400100200,2023년 2월 4일 12시,토요일,제주특별자치도 제주시 우도면,경상사고,0,0,1,0,차대사람 - 차도통행중,안전운전불이행,건조,맑음,단일로 - 기타,이륜,여,36세,상해없음,보행자,남,4세,경상
2023020400100201,2023년 2월 4일 12시,토요일,제주특별자치도 제주시 연동,경상사고,0,0,1,0,차대차 - 추돌,안전운전불이행,건조,맑음,단일로 - 기타,이륜,남,46세,경상,승용,남,58세,상해없음
2023020400100232,2023년 2월 4일 13시,토요일,제주특별자치도 제주시 이도이동,경상사고,0,0,1,0,차대차 - 추돌,안전거리미확보,건조,맑음,단일로 - 기타,승용,남,78세,상해없음,승용,여,32세,경상
2023020400100289,2023년 2월 4일 15시,토요일,제주특별자치도 서귀포시 호근동,경상사고,0,0,1,0,차대차 - 기타,직진우회전진행방해,건조,맑음,교차로 - 교차로안,승용,남,51세,상해없음,승용,남,47세,경상
2023020400100325,2023년 2월 4일 16시,토요일,제주특별자치도 제주시 오라이동,경상사고,0,0,1,0,차대차 - 기타,교차로운행방법위반,건조,맑음,교차로 - 교차로안,화물,남,63세,상해없음,화물,남,45세,경상
2023020400100326,2023년 2월 4일 16시,토요일,제주특별자치도 서귀포시 표선면,중상사고,0,1,0,0,차량단독 - 기타,안전운전불이행,건조,맑음,교차로 - 교차로부근,승합,남,61세,상해없음,,,,
2023020500100022,2023년 2월 5일 01시,일요일,제주특별자치도 제주시 연동,중상사고,0,1,0,0,차대사람 - 기타,안전운전불이행,건조,맑음,교차로 - 교차로안,승용,남,53세,상해없음,보행자,여,37세,중상
2023020500100092,2023년 2월 5일 10시,일요일,제주특별자치도 제주시 화북일동,경상사고,0,0,2,0,차대차 - 기타,안전운전불이행,건조,맑음,단일로 - 기타,화물,남,65세,상해없음,승용,남,43세,경상
2023020500100115,2023년 2월 5일 11시,일요일,제주특별자치도 제주시 이호이동,경상사고,0,0,2,0,차대차 - 측면충돌,안전운전불이행,건조,맑음,교차로 - 교차로부근,화물,남,66세,상해없음,승용,여,53세,경상
2023020500100210,2023년 2월 5일 15시,일요일,제주특별자치도 서귀포시 동홍동,중상사고,0,1,0,0,차대차 - 측면충돌,직진우회전진행방해,건조,맑음,교차로 - 교차로안,화물,남,57세,상해없음,승용,남,41세,중상
2023020500100231,2023년 2월 5일 16시,일요일,제주특별자치도 제주시 이도이동,중상사고,0,2,3,0,차대차 - 추돌,안전운전불이행,건조,맑음,교차로 - 교차로부근,승용,남,44세,경상,화물,남,36세,상해없음
2023020500100232,2023년 2월 5일 16시,일요일,제주특별자치도 제주시 애월읍,중상사고,0,2,3,0,차대차 - 추돌,안전운전불이행,건조,맑음,단일로 - 기타,승용,남,32세,상해없음,승용,남,33세,경상
2023020500100316,2023년 2월 5일 19시,일요일,제주특별자치도 서귀포시 성산읍,경상사고,0,0,1,0,차량단독 - 기타,안전운전불이행,건조,맑음,기타 - 기타,승합,남,62세,상해없음,,,,
2023020500100317,2023년 2월 5일 19시,일요일,제주특별자치도 제주시 용담이동,경상사고,0,0,4,0,차대차 - 추돌,안전거리미확보,건조,맑음,단일로 - 기타,승용,남,19세,경상,승용,남,57세,상해없음
2023020500100334,2023년 2월 5일 20시,일요일,제주특별자치도 제주시 이도이동,경상사고,0,0,1,0,차량단독 - 전도전복 - 전도,안전운전불이행,기타,맑음,단일로 - 기타,이륜,남,31세,경상,,,,
2023020600100011,2023년 2월 6일 01시,월요일,제주특별자치도 서귀포시 동홍동,부상신고사고,0,0,0,3,차대차 - 측면충돌,안전운전불이행,건조,맑음,교차로 - 교차로안,승용,여,22세,부상신고,승용,여,34세,상해없음
2023020600100145,2023년 2월 6일 09시,월요일,제주특별자치도 서귀포시 토평동,경상사고,0,0,2,0,차대차 - 측면충돌,안전운전불이행,건조,맑음,교차로 - 교차로안,승용,남,68세,상해없음,승용,여,72세,경상
2023020600100267,2023년 2월 6일 14시,월요일,제주특별자치도 제주시 도련일동,경상사고,0,0,1,0,차대차 - 후진중충돌,안전운전불이행,건조,맑음,단일로 - 기타,승용,남,68세,상해없음,승용,남,31세,경상
2023020600100268,2023년 2월 6일 14시,월요일,제주특별자치도 제주시 연동,경상사고,0,0,1,0,차대차 - 측면충돌,안전거리미확보,건조,맑음,교차로 - 교차로안,승용,여,61세,상해없음,승용,여,54세,경상
2023020600100423,2023년 2월 6일 19시,월요일,제주특별자치도 제주시 연동,경상사고,0,0,2,0,차대차 - 기타,안전거리미확보,젖음/습기,비,단일로 - 기타,승용,남,55세,상해없음,승용,남,33세,경상
2023020700100022,2023년 2월 7일 03시,화요일,제주특별자치도 서귀포시 토평동,중상사고,0,1,0,0,차대차 - 측면충돌,신호위반,건조,맑음,교차로 - 교차로안,승용,여,25세,상해없음,승용,여,29세,중상
2023020700100107,2023년 2월 7일 08시,화요일,제주특별자치도 제주시 노형동,경상사고,0,0,1,0,차대사람 - 기타,안전운전불이행,건조,맑음,단일로 - 기타,화물,남,66세,상해없음,보행자,남,34세,경상
2023020700100204,2023년 2월 7일 11시,화요일,제주특별자치도 제주시 용담이동,경상사고,0,0,3,0,차대차 - 추돌,안전운전불이행,건조,맑음,교차로 - 교차로부근,승용,여,54세,상해없음,승용,여,39세,경상
2023020700100229,2023년 2월 7일 12시,화요일,제주특별자치도 제주시 이도이동,경상사고,0,0,1,0,차대차 - 측면충돌,안전운전불이행,건조,맑음,교차로 - 교차로부근,화물,남,53세,상해없음,화물,남,20세,경상
2023020700100260,2023년 2월 7일 13시,화요일,제주특별자치도 제주시 한림읍,경상사고,0,0,3,0,차대차 - 측면충돌,중앙선침범,건조,맑음,단일로 - 기타,화물,남,79세,상해없음,화물,남,43세,경상
2023020700100307,2023년 2월 7일 15시,화요일,제주특별자치도 제주시 노형동,중상사고,0,1,0,0,차대사람 - 횡단중,안전운전불이행,건조,맑음,교차로 - 교차로부근,승용,여,40세,상해없음,보행자,여,53세,중상
2023020700100415,2023년 2월 7일 18시,화요일,제주특별자치도 제주시 삼양이동,경상사고,0,0,1,0,차대사람 - 횡단중,보행자보호의무위반,건조,맑음,교차로 - 교차로부근,승용,남,55세,상해없음,보행자,여,60세,경상
2023020700100447,2023년 2월 7일 19시,화요일,제주특별자치도 제주시 용담이동,경상사고,0,0,2,0,차대차 - 추돌,안전거리미확보,건조,기타,교차로 - 교차로부근,승용,남,41세,기타불명,승용,남,52세,경상
2023020700100480,2023년 2월 7일 20시,화요일,제주특별자치도 서귀포시 서호동,중상사고,0,1,0,0,차대사람 - 보도통행중,보행자보호의무위반,건조,맑음,교차로 - 교차로횡단보도내,승용,남,40세,상해없음,보행자,여,42세,중상
2023020700100502,2023년 2월 7일 21시,화요일,제주특별자치도 제주시 연동,경상사고,0,0,1,0,차대차 - 기타,안전운전불이행,건조,맑음,단일로 - 기타,승합,남,53세,상해없음,이륜,남,16세,경상
2023020800100008,2023년 2월 8일 00시,수요일,제주특별자치도 서귀포시 법환동,경상사고,0,0,1,0,차대차 - 기타,차로위반,건조,맑음,교차로 - 교차로안,승용,여,38세,상해없음,이륜,남,55세,경상