사고번호,사고일시,요일,시군구,사고내용,사망자수,중상자수,경상자수,부상신고자수,사고유형,법규위반,노면상태,기상상태,도로형태,가해운전자 차종,가해운전자 성별,가해운전자 연령,가해운전자 상해정도,피해운전자 차종,피해운전자 성별,피해운전자 연령,피해운전자 상해정도
2023020800100028,2023년 2월 8일 02시,수요일,제주특별자치도 제주시 조천읍,경상사고,0,0,1,0,차량단독 - 도로외이탈 - 추락,안전운전불이행,건조,맑음,단일로 - 기타,이륜,남,29세,경상,,,,
2023020800100152,2023년 2월 8일 09시,수요일,제주특별자치도 제주시 오라이동,경상사고,0,0,1,0,차대차 - 기타,안전운전불이행,건조,맑음,교차로 - 교차로부근,화물,남,52세,상해없음,승용,여,30세,경상
2023020800100153,2023년 2월 8일 09시,수요일,제주특별자치도 제주시 연동,경상사고,0,0,1,0,차대사람 - 횡단중,신호위반,건조,맑음,단일로 - 기타,승용,남,37세,상해없음,보행자,남,69세,경상
2023020800100291,2023년 2월 8일 14시,수요일,제주특별자치도 제주시 노형동,경상사고,0,0,1,0,차대차 - 측면충돌,안전운전불이행,건조,맑음,기타 - 기타,승용,남,30세,상해없음,승용,여,41세,경상
2023020800100315,2023년 2월 8일 15시,수요일,제주특별자치도 서귀포시 성산읍,경상사고,0,0,1,0,차대차 - 기타,차로위반,건조,맑음,단일로 - 기타,화물,남,50세,상해없음,승용,남,43세,경상
2023020900100026,2023년 2월 9일 03시,목요일,제주특별자치도 제주시 한림읍,경상사고,0,0,1,0,차대차 - 기타,중앙선침범,건조,맑음,단일로 - 기타,승용,남,25세,상해없음,특수,남,37세,경상
2023020900100105,2023년 2월 9일 09시,목요일,제주특별자치도 서귀포시 토평동,경상사고,0,0,2,0,차대차 - 기타,차로위반,건조,맑음,교차로 - 교차로부근,승용,남,43세,상해없음,승용,여,45세,경상
2023020900100155,2023년 2월 9일 11시,목요일,제주특별자치도 제주시 노형동,경상사고,0,0,1,0,차대차 - 추돌,안전운전불이행,젖음/습기,비,단일로 - 기타,승용,남,46세,상해없음,승용,남,54세,경상
2023020900100265,2023년 2월 9일 15시,목요일,제주특별자치도 제주시 오라일동,경상사고,0,0,1,0,차대차 - 기타,안전운전불이행,건조,맑음,단일로 - 기타,승용,남,73세,상해없음,승합,남,55세,상해없음
2023020900100266,2023년 2월 9일 15시,목요일,제주특별자치도 제주시 용담이동,경상사고,0,0,1,0,차대사람 - 횡단중,보행자보호의무위반,건조,맑음,단일로 - 기타,승용,남,39세,상해없음,보행자,여,7세,경상
2023020900100356,2023년 2월 9일 18시,목요일,제주특별자치도 제주시 삼도이동,경상사고,0,0,1,0,차대사람 - 횡단중,안전운전불이행,젖음/습기,비,교차로 - 교차로안,승용,남,22세,상해없음,보행자,여,56세,경상
2023020900100357,2023년 2월 9일 18시,목요일,제주특별자치도 제주시 오라이동,경상사고,0,0,1,0,차대사람 - 횡단중,보행자보호의무위반,젖음/습기,비,단일로 - 기타,승용,남,75세,상해없음,보행자,여,41세,경상
2023020900100426,2023년 2월 9일 20시,목요일,제주특별자치도 제주시 용담이동,부상신고사고,0,0,0,4,차대차 - 측면충돌,교차로운행방법위반,젖음/습기,비,교차로 - 교차로안,승용,여,44세,상해없음,승용,여,24세,부상신고
2023020900100450,2023년 2월 9일 21시,목요일,제주특별자치도 제주시 노형동,경상사고,0,0,2,0,차대차 - 추돌,안전운전불이행,젖음/습기,비,교차로 - 교차로부근,승용,남,44세,상해없음,승용,여,34세,경상
2023020900100480,2023년 2월 9일 22시,목요일,제주특별자치도 제주시 화북이동,중상사고,0,1,2,0,차대차 - 추돌,안전운전불이행,젖음/습기,비,교차로 - 교차로안,승용,남,29세,상해없음,승용,여,31세,경상
2023021000100006,2023년 2월 10일 00시,금요일,제주특별자치도 제주시 노형동,경상사고,0,0,1,0,차량단독 - 공작물충돌,안전운전불이행,젖음/습기,비,단일로 - 기타,승용,여,57세,경상,,,,
2023021000100093,2023년 2월 10일 07시,금요일,제주특별자치도 서귀포시 성산읍,경상사고,0,0,1,0,차량단독 - 공작물충돌,안전운전불이행,건조,맑음,단일로 - 기타,승용,남,54세,경상,,,,
2023021000100147,2023년 2월 10일 09시,금요일,제주특별자치도 제주시 애월읍,중상사고,0,1,1,0,차대차 - 측면충돌,안전운전불이행,젖음/습기,흐림,단일로 - 기타,화물,남,66세,경상,승용,여,31세,중상
2023021000100195,2023년 2월 10일 11시,금요일,제주특별자치도 제주시 연동,경상사고,0,0,1,0,차대차 - 측면충돌,안전운전불이행,건조,맑음,교차로 - 교차로안,승용,남,53세,상해없음,승용,남,40세,경상
2023021000100284,2023년 2월 10일 15시,금요일,제주특별자치도 제주시 구좌읍,경상사고,0,0,1,0,차대차 - 추돌,기타,건조,맑음,단일로 - 기타,승용,남,35세,상해없음,승용,여,44세,경상
2023021000100313,2023년 2월 10일 16시,금요일,제주특별자치도 제주시 오라일동,경상사고,0,0,1,0,차대차 - 측면충돌,신호위반,건조,맑음,교차로 - 교차로안,승용,남,43세,상해없음,화물,남,31세,경상
2023021000100314,2023년 2월 10일 16시,금요일,제주특별자치도 제주시 아라일동,중상사고,0,1,0,0,차대사람 - 횡단중,안전운전불이행,건조,맑음,단일로 - 기타,승용,여,37세,상해없음,보행자,여,16세,중상
2023021000100315,2023년 2월 10일 16시,금요일,제주특별자치도 제주시 봉개동,경상사고,0,0,7,0,차대차 - 측면충돌,안전운전불이행,건조,맑음,교차로 - 교차로안,승용,여,64세,상해없음,승합,남,53세,경상
2023021000100447,2023년 2월 10일 19시,금요일,제주특별자치도 제주시 노형동,경상사고,0,0,1,0,차대사람 - 횡단중,신호위반,건조,맑음,교차로 - 교차로횡단보도내,승용,남,47세,상해없음,보행자,남,15세,경상
2023021000100510,2023년 2월 10일 21시,금요일,제주특별자치도 제주시 용담일동,경상사고,0,0,1,0,차대차 - 기타,교차로운행방법위반,건조,흐림,교차로 - 교차로안,승용,남,67세,상해없음,원동기,남,28세,경상
2023021000100511,2023년 2월 10일 21시,금요일,제주특별자치도 제주시 노형동,경상사고,0,0,1,0,차대사람 - 기타,안전운전불이행,건조,맑음,단일로 - 기타,승용,남,56세,상해없음,보행자,남,58세,경상
2023021100100078,2023년 2월 11일 06시,토요일,제주특별자치도 제주시 한림읍,경상사고,0,0,2,0,차대차 - 추돌,안전운전불이행,건조,맑음,교차로 - 교차로부근,승용,남,41세,상해없음,승용,남,56세,경상
2023021100100115,2023년 2월 11일 09시,토요일,제주특별자치도 제주시 용담이동,경상사고,0,0,2,0,차대차 - 추돌,안전거리미확보,건조,맑음,단일로 - 기타,승합,남,51세,상해없음,승용,남,18세,상해없음
2023021100100134,2023년 2월 11일 10시,토요일,제주특별자치도 제주시 화북이동,경상사고,0,0,1,0,차대차 - 측면충돌,안전거리미확보,건조,맑음,단일로 - 기타,승용,남,68세,상해없음,승용,남,68세,경상
2023021100100158,2023년 2월 11일 11시,토요일,제주특별자치도 제주시 영평동,중상사고,0,1,0,0,차대차 - 정면충돌,안전운전불이행,건조,흐림,교차로 - 교차로안,승용,남,54세,상해없음,이륜,남,34세,중상
2023021100100190,2023년 2월 11일 12시,토요일,제주특별자치도 제주시 연동,경상사고,0,0,1,0,차대차 - 측면충돌,안전운전불이행,건조,맑음,단일로 - 기타,승용,여,57세,경상,승용,남,45세,상해없음
2023021100100215,2023년 2월 11일 13시,토요일,제주특별자치도 제주시 구좌읍,중상사고,0,3,1,0,차대차 - 기타,교차로운행방법위반,건조,맑음,교차로 - 교차로안,화물,남,41세,경상,승용,남,51세,중상
2023021100100263,2023년 2월 11일 15시,토요일,제주특별자치도 서귀포시 동홍동,경상사고,0,0,1,0,차대차 - 기타,안전운전불이행,건조,맑음,기타 - 기타,승용,남,54세,상해없음,이륜,남,32세,경상
2023021100100264,2023년 2월 11일 15시,토요일,제주특별자치도 제주시 노형동,경상사고,0,0,1,0,차대사람 - 차도통행중,안전운전불이행,건조,맑음,기타 - 기타,승용,여,46세,기타불명,보행자,남,43세,경상
2023021100100299,2023년 2월 11일 16시,토요일,제주특별자치도 제주시 구좌읍,경상사고,0,0,1,0,차량단독 - 기타,기타,건조,맑음,단일로 - 기타,승합,남,61세,상해없음,,,,
2023021100100320,2023년 2월 11일 17시,토요일,제주특별자치도 서귀포시 남원읍,경상사고,0,0,1,0,차량단독 - 공작물충돌,안전운전불이행,건조,맑음,단일로 - 기타,승용,여,46세,상해없음,,,,
2023021100100370,2023년 2월 11일 19시,토요일,제주특별자치도 제주시 삼도일동,경상사고,0,0,2,0,차대차 - 추돌,안전운전불이행,건조,맑음,단일로 - 기타,원동기,남,17세,상해없음,승용,남,24세,경상
2023021100100425,2023년 2월 11일 21시,토요일,제주특별자치도 서귀포시 대정읍,경상사고,0,0,3,0,차대차 - 추돌,안전운전불이행,건조,맑음,교차로 - 교차로부근,승용,남,25세,상해없음,승용,여,19세,경상
2023021100100426,2023년 2월 11일 21시,토요일,제주특별자치도 제주시 연동,경상사고,0,0,2,0,차대차 - 추돌,안전운전불이행,건조,맑음,단일로 - 기타,승용,남,63세,기타불명,승용,남,31세,경상
2023021100100448,2023년 2월 11일 22시,토요일,제주특별자치도 서귀포시 안덕면,중상사고,0,2,1,0,차대사람 - 기타,안전운전불이행,건조,맑음,단일로 - 기타,이륜,남,18세,경상,보행자,여,43세,중상
2023021200100034,2023년 2월 12일 03시,일요일,제주특별자치도 제주시 일도이동,경상사고,0,0,1,0,차대차 - 기타,안전운전불이행,건조,맑음,교차로 - 교차로부근,승용,남,70세,상해없음,승용,여,54세,상해없음
2023021200100108,2023년 2월 12일 11시,일요일,제주특별자치도 제주시 애월읍,경상사고,0,0,1,0,차대차 - 측면충돌,신호위반,건조,맑음,교차로 - 교차로안,화물,남,48세,기타불명,화물,남,67세,경상
2023021200100129,2023년 2월 12일 12시,일요일,제주특별자치도 제주시 용담이동,경상사고,0,0,3,0,차대차 - 기타,안전거리미확보,건조,맑음,단일로 - 기타,화물,남,41세,기타불명,화물,남,44세,경상
2023021200100177,2023년 2월 12일 14시,일요일,제주특별자치도 제주시 오라이동,경상사고,0,0,1,0,차대차 - 기타,안전운전불이행,젖음/습기,비,교차로 - 교차로부근,화물,남,56세,상해없음,승용,여,42세,경상
2023021200100178,2023년 2월 12일 14시,일요일,제주특별자치도 제주시 외도일동,경상사고,0,0,4,2,차대차 - 측면충돌,직진우회전진행방해,건조,맑음,교차로 - 교차로안,승용,남,44세,부상신고,승용,남,47세,경상
2023021200100199,2023년 2월 12일 15시,일요일,제주특별자치도 서귀포시 서홍동,경상사고,0,0,3,0,차대차 - 측면충돌,안전거리미확보,젖음/습기,비,단일로 - 기타,승용,여,66세,상해없음,화물,남,30세,경상
2023021200100264,2023년 2월 12일 18시,일요일,제주특별자치도 제주시 삼도이동,중상사고,0,2,0,0,차대차 - 측면충돌,안전운전불이행,젖음/습기,비,교차로 - 교차로부근,승용,여,24세,상해없음,승용,남,34세,중상
2023021300100013,2023년 2월 13일 02시,월요일,제주특별자치도 서귀포시 안덕면,경상사고,0,0,1,0,차량단독 - 공작물충돌,안전운전불이행,젖음/습기,비,단일로 - 기타,승용,남,33세,경상,,,,
2023021300100018,2023년 2월 13일 04시,월요일,제주특별자치도 서귀포시 서귀동,사망사고,1,0,0,0,차대사람 - 기타,안전운전불이행,젖음/습기,흐림,단일로 - 기타,승용,남,26세,상해없음,보행자,여,81세,사망
2023021300100119,2023년 2월 13일 09시,월요일,제주특별자치도 제주시 연동,경상사고,0,0,3,0,차대차 - 추돌,안전거리미확보,젖음/습기,기타,단일로 - 기타,승용,남,23세,상해없음,승용,여,43세,경상
2023021300100163,2023년 2월 13일 11시,월요일,제주특별자치도 서귀포시 강정동,경상사고,0,0,1,0,차대차 - 추돌,안전운전불이행,젖음/습기,흐림,단일로 - 기타,승용,남,25세,상해없음,승용,남,53세,경상
2023021300100164,2023년 2월 13일 11시,월요일,제주특별자치도 서귀포시 강정동,경상사고,0,0,2,0,차대차 - 정면충돌,직진우회전진행방해,젖음/습기,비,교차로 - 교차로안,승용,남,41세,경상,승용,남,45세,경상
2023021300100212,2023년 2월 13일 13시,월요일,제주특별자치도 제주시 이도이동,중상사고,0,1,0,0,차대사람 - 횡단중,안전운전불이행,젖음/습기,흐림,단일로 - 기타,화물,남,42세,상해없음,보행자,남,82세,중상
2023021300100240,2023년 2월 13일 14시,월요일,제주특별자치도 제주시 아라일동,경상사고,0,0,1,0,차대차 - 추돌,직진우회전진행방해,건조,맑음,교차로 - 교차로안,화물,남,55세,상해없음,승용,여,43세,경상
2023021300100241,2023년 2월 13일 14시,월요일,제주특별자치도 서귀포시 토평동,경상사고,0,0,1,0,차대차 - 측면충돌,직진우회전진행방해,건조,맑음,교차로 - 교차로안,승용,남,66세,상해없음,승합,남,56세,상해없음
2023021300100242,2023년 2월 13일 14시,월요일,제주특별자치도 제주시 연동,경상사고,0,0,1,0,차대차 - 추돌,안전운전불이행,건조,맑음,교차로 - 교차로부근,승용,남,62세,상해없음,승용,남,51세,경상
2023021300100272,2023년 2월 13일 15시,월요일,제주특별자치도 서귀포시 호근동,경상사고,0,0,1,0,차대차 - 정면충돌,중앙선침범,건조,맑음,단일로 - 기타,승용,남,26세,상해없음,승용,남,47세,경상
2023021300100350,2023년 2월 13일 17시,월요일,제주특별자치도 제주시 애월읍,경상사고,0,0,1,0,차대차 - 정면충돌,직진우회전진행방해,건조,맑음,교차로 - 교차로안,승용,여,40세,상해없음,승용,여,57세,경상
2023021300100440,2023년 2월 13일 19시,월요일,제주특별자치도 제주시 노형동,경상사고,0,0,2,0,차대차 - 측면충돌,신호위반,건조,맑음,교차로 - 교차로부근,이륜,남,36세,경상,승용,여,40세,경상
2023021300100482,2023년 2월 13일 21시,월요일,제주특별자치도 제주시 연동,경상사고,0,0,1,0,차대차 - 기타,교차로운행방법위반,건조,맑음,교차로 - 교차로부근,승용,여,30세,상해없음,승용,여,56세,경상
2023021400100022,2023년 2월 14일 04시,화요일,제주특별자치도 제주시 노형동,경상사고,0,0,1,0,차량단독 - 공작물충돌,안전운전불이행,젖음/습기,맑음,단일로 - 기타,승용,여,45세,경상,,,,
2023021400100119,2023년 2월 14일 10시,화요일,제주특별자치도 제주시 조천읍,부상신고사고,0,0,0,2,차대차 - 측면충돌,직진우회전진행방해,건조,맑음,교차로 - 교차로안,승용,남,46세,상해없음,승용,남,27세,기타불명
2023021400100120,2023년 2월 14일 10시,화요일,제주특별자치도 제주시 화북일동,경상사고,0,0,1,0,차대차 - 후진중충돌,안전운전불이행,건조,흐림,교차로 - 교차로안,화물,남,62세,상해없음,승용,여,69세,경상
2023021400100167,2023년 2월 14일 12시,화요일,제주특별자치도 서귀포시 안덕면,경상사고,0,0,3,0,차대차 - 기타,중앙선침범,건조,맑음,단일로 - 기타,화물,남,67세,상해없음,승용,여,38세,경상
2023021400100235,2023년 2월 14일 15시,화요일,제주특별자치도 제주시 화북이동,경상사고,0,0,1,1,차대차 - 추돌,안전운전불이행,건조,맑음,단일로 - 기타,화물,남,50세,상해없음,화물,남,61세,부상신고
2023021400100337,2023년 2월 14일 18시,화요일,제주특별자치도 제주시 애월읍,중상사고,0,1,1,0,차대차 - 추돌,안전거리미확보,건조,기타,단일로 - 기타,승합,남,31세,상해없음,화물,남,50세,중상
2023021500100010,2023년 2월 15일 00시,수요일,제주특별자치도 제주시 삼도일동,경상사고,0,0,2,0,차대차 - 추돌,안전운전불이행,건조,맑음,단일로 - 기타,승용,남,50세,상해없음,승용,남,49세,경상
2023021500100015,2023년 2월 15일 01시,수요일,제주특별자치도 제주시 삼도이동,중상사고,0,1,1,0,차대차 - 측면충돌,신호위반,건조,맑음,교차로 - 교차로안,승용,남,61세,상해없음,승용,남,52세,상해없음
2023021500100029,2023년 2월 15일 05시,수요일,제주특별자치도 서귀포시 성산읍,경상사고,0,0,1,0,차량단독 - 기타,안전운전불이행,건조,맑음,단일로 - 기타,화물,남,53세,경상,,,,
2023021500100154,2023년 2월 15일 11시,수요일,제주특별자치도 제주시 애월읍,부상신고사고,0,0,0,4,차대차 - 추돌,안전거리미확보,건조,맑음,교차로 - 교차로부근,승용,남,52세,상해없음,승용,남,49세,부상신고
2023021500100203,2023년 2월 15일 13시,수요일,제주특별자치도 서귀포시 표선면,중상사고,0,1,0,0,차량단독 - 공작물충돌,안전운전불이행,건조,맑음,단일로 - 기타,이륜,남,21세,중상,,,,
2023021500100272,2023년 2월 15일 16시,수요일,제주특별자치도 제주시 노형동,경상사고,0,0,2,0,차대사람 - 횡단중,보행자보호의무위반,젖음/습기,비,교차로 - 교차로횡단보도내,화물,남,46세,상해없음,보행자,여,5세,경상
2023021500100336,2023년 2월 15일 18시,수요일,제주특별자치도 제주시 화북일동,중상사고,0,1,0,0,차대차 - 정면충돌,신호위반,젖음/습기,비,교차로 - 교차로안,승용,남,37세,상해없음,이륜,남,31세,중상
2023021500100337,2023년 2월 15일 18시,수요일,제주특별자치도 서귀포시 동홍동,중상사고,0,1,0,0,차대차 - 추돌,안전운전불이행,건조,맑음,교차로 - 교차로부근,화물,남,40세,상해없음,승용,여,44세,중상
2023021500100377,2023년 2월 15일 19시,수요일,제주특별자치도 제주시 용담이동,중상사고,0,1,0,4,차대차 - 측면충돌,직진우회전진행방해,건조,맑음,교차로 - 교차로안,승용,남,43세,부상신고,이륜,남,32세,중상
2023021500100378,2023년 2월 15일 19시,수요일,제주특별자치도 제주시 연동,경상사고,0,0,1,0,차대차 - 기타,안전운전불이행,젖음/습기,비,주차장 - 주차장,승용,여,51세,상해없음,승용,남,35세,경상
2023021500100379,2023년 2월 15일 19시,수요일,제주특별자치도 제주시 연동,경상사고,0,0,1,0,차대차 - 기타,직진우회전진행방해,젖음/습기,비,교차로 - 교차로안,승용,기타불명,미분류,기타불명,승용,남,69세,경상
2023021500100407,2023년 2월 15일 20시,수요일,제주특별자치도 제주시 노형동,경상사고,0,0,1,0,차대차 - 기타,기타,젖음/습기,흐림,기타 - 기타,화물,남,27세,기타불명,이륜,남,28세,경상
2023021500100426,2023년 2월 15일 21시,수요일,제주특별자치도 제주시 이도이동,경상사고,0,0,1,0,차대차 - 추돌,안전거리미확보,건조,맑음,단일로 - 기타,승용,남,60세,상해없음,승용,남,33세,경상
2023021500100427,2023년 2월 15일 21시,수요일,제주특별자치도 서귀포시 강정동,부상신고사고,0,0,0,1,차량단독 - 기타,기타,건조,맑음,단일로 - 기타,이륜,남,18세,부상신고,,,,
2023021500100428,2023년 2월 15일 21시,수요일,제주특별자치도 제주시 노형동,중상사고,0,1,0,0,차대사람 - 횡단중,보행자보호의무위반,젖음/습기,비,교차로 - 교차로횡단보도내,승용,남,30세,상해없음,보행자,여,15세,중상
2023021600100023,2023년 2월 16일 01시,목요일,제주특별자치도 서귀포시 서귀동,중상사고,0,1,0,0,차대차 - 기타,신호위반,건조,기타,교차로 - 교차로횡단보도내,승용,남,62세,상해없음,개인형이동수단(PM),남,29세,중상
2023021600100053,2023년 2월 16일 06시,목요일,제주특별자치도 제주시 애월읍,경상사고,0,0,1,0,차대차 - 측면충돌,안전운전불이행,건조,흐림,기타 - 기타,승용,여,69세,상해없음,승용,남,41세,경상
2023021600100078,2023년 2월 16일 07시,목요일,제주특별자치도 서귀포시 도순동,부상신고사고,0,0,0,1,차대차 - 측면충돌,안전운전불이행,건조,맑음,교차로 - 교차로부근,승용,남,39세,상해없음,승용,여,52세,부상신고
2023021600100128,2023년 2월 16일 09시,목요일,제주특별자치도 제주시 이도이동,부상신고사고,0,0,0,1,차대차 - 기타,안전운전불이행,건조,맑음,단일로 - 기타,승용,여,35세,상해없음,승용,여,38세,상해없음
2023021600100198,2023년 2월 16일 12시,목요일,제주특별자치도 서귀포시 강정동,경상사고,0,0,1,0,차대차 - 측면충돌,직진우회전진행방해,건조,맑음,교차로 - 교차로안,화물,남,55세,상해없음,승용,남,80세,상해없음
2023021600100252,2023년 2월 16일 15시,목요일,제주특별자치도 제주시 연동,경상사고,0,0,1,1,차대차 - 기타,안전운전불이행,건조,맑음,교차로 - 교차로안,승용,남,52세,상해없음,승용,여,72세,경상
2023021600100302,2023년 2월 16일 17시,목요일,제주특별자치도 서귀포시 대정읍,경상사고,0,0,2,0,차대차 - 추돌,안전거리미확보,건조,맑음,단일로 - 기타,화물,남,65세,상해없음,승용,여,54세,경상
2023021600100373,2023년 2월 16일 19시,목요일,제주특별자치도 제주시 조천읍,경상사고,0,0,1,0,차대사람 - 기타,안전운전불이행,건조,맑음,교차로 - 교차로부근,승용,여,67세,상해없음,보행자,남,25세,경상
2023021600100403,2023년 2월 16일 20시,목요일,제주특별자치도 제주시 한림읍,경상사고,0,0,1,0,차대차 - 측면충돌,안전운전불이행,건조,흐림,단일로 - 기타,화물,남,57세,상해없음,승용,여,39세,경상
2023021600100426,2023년 2월 16일 21시,목요일,제주특별자치도 제주시 화북이동,중상사고,0,1,0,0,차대차 - 정면충돌,신호위반,건조,맑음,교차로 - 교차로안,승용,여,53세,중상,승용,남,66세,상해없음
2023021600100444,2023년 2월 16일 22시,목요일,제주특별자치도 제주시 구좌읍,사망사고,1,0,2,0,차량단독 - 전도전복 - 전도,안전운전불이행,건조,기타,기타 - 기타,승용,여,33세,경상,,,,
2023021600100445,2023년 2월 16일 22시,목요일,제주특별자치도 제주시 연동,경상사고,0,0,3,0,차대차 - 추돌,안전운전불이행,건조,흐림,교차로 - 교차로부근,승용,남,45세,상해없음,승용,남,60세,경상
2023021600100459,2023년 2월 16일 23시,목요일,제주특별자치도 제주시 노형동,부상신고사고,0,0,0,1,차대차 - 측면충돌,안전운전불이행,건조,맑음,교차로 - 교차로횡단보도내,개인형이동수단(PM),남,56세,부상신고,승용,남,30세,상해없음
2023021700100187,2023년 2월 17일 12시,금요일,제주특별자치도 서귀포시 신효동,경상사고,0,0,2,0,차대차 - 측면충돌,차로위반,건조,맑음,교차로 - 교차로안,승용,남,48세,상해없음,승용,남,28세,경상
2023021700100296,2023년 2월 17일 16시,금요일,제주특별자치도 제주시 연동,경상사고,0,0,1,0,차대사람 - 기타,안전운전불이행,건조,맑음,단일로 - 기타,승용,여,45세,상해없음,보행자,남,45세,경상
2023021700100380,2023년 2월 17일 18시,금요일,제주특별자치도 서귀포시 동홍동,경상사고,0,0,1,0,차대차 - 추돌,안전거리미확보,건조,맑음,교차로 - 교차로부근,승용,남,61세,상해없음,승합,남,48세,상해없음
2023021700100419,2023년 2월 17일 19시,금요일,제주특별자치도 제주시 노형동,경상사고,0,0,1,0,차대차 - 기타,중앙선침범,건조,맑음,단일로 - 기타,승용,남,64세,상해없음,원동기,남,45세,경상
2023021700100488,2023년 2월 17일 22시,금요일,제주특별자치도 제주시 연동,경상사고,0,0,1,0,차대사람 - 차도통행중,안전운전불이행,건조,맑음,교차로 - 교차로안,승용,남,41세,상해없음,보행자,여,29세,경상
2023021800100142,2023년 2월 18일 11시,토요일,제주특별자치도 제주시 애월읍,중상사고,0,4,8,3,차대차 - 추돌,안전운전불이행,건조,맑음,단일로 - 기타,화물,남,55세,상해없음,승용,남,25세,경상
2023021800100143,2023년 2월 18일 11시,토요일,제주특별자치도 제주시 연동,경상사고,0,0,2,0,차대차 - 측면충돌,직진우회전진행방해,건조,맑음,교차로 - 교차로안,승용,여,54세,경상,승용,여,69세,경상
2023021800100159,2023년 2월 18일 12시,토요일,제주특별자치도 제주시 도남동,경상사고,0,0,4,0,차대차 - 기타,안전운전불이행,건조,흐림,교차로 - 교차로부근,승용,남,68세,상해없음,승용,여,28세,경상
2023021800100183,2023년 2월 18일 13시,토요일,제주특별자치도 서귀포시 안덕면,경상사고,0,0,4,0,차대차 - 기타,중앙선침범,건조,맑음,교차로 - 교차로부근,승용,여,66세,경상,승용,남,64세,경상
2023021800100184,2023년 2월 18일 13시,토요일,제주특별자치도 제주시 연동,경상사고,0,0,1,0,차대차 - 기타,안전거리미확보,건조,맑음,단일로 - 기타,이륜,남,53세,경상,승용,여,65세,상해없음
2023021900100010,2023년 2월 19일 00시,일요일,제주특별자치도 제주시 연동,중상사고,0,1,0,0,차대사람 - 횡단중,보행자보호의무위반,건조,맑음,교차로 - 교차로횡단보도내,승용,남,21세,상해없음,보행자,여,43세,중상
2023021900100049,2023년 2월 19일 05시,일요일,제주특별자치도 제주시 조천읍,경상사고,0,0,1,0,차대차 - 기타,안전운전불이행,젖음/습기,비,단일로 - 기타,승용,여,69세,상해없음,승용,남,24세,경상
2023021900100122,2023년 2월 19일 12시,일요일,제주특별자치도 서귀포시 강정동,중상사고,0,1,1,0,차대차 - 측면충돌,직진우회전진행방해,건조,맑음,교차로 - 교차로안,승용,남,28세,경상,화물,남,55세,중상
2023021900100152,2023년 2월 19일 13시,일요일,제주특별자치도 제주시 이도일동,중상사고,0,1,0,0,차대사람 - 횡단중,보행자보호의무위반,건조,맑음,단일로 - 기타,승용,여,36세,상해없음,보행자,남,56세,중상
2023021900100180,2023년 2월 19일 14시,일요일,제주특별자치도 제주시 도련일동,경상사고,0,0,2,0,차대차 - 측면충돌,안전운전불이행,건조,맑음,교차로 - 교차로안,화물,남,50세,상해없음,승용,여,56세,경상
2023021900100181,2023년 2월 19일 14시,일요일,제주특별자치도 제주시 도두이동,경상사고,0,0,2,0,차대차 - 측면충돌,안전운전불이행,건조,맑음,교차로 - 교차로안,승용,남,74세,상해없음,승용,남,21세,경상
2023021900100263,2023년 2월 19일 17시,일요일,제주특별자치도 서귀포시 동홍동,사망사고,1,0,0,0,차대차 - 측면충돌,안전운전불이행,건조,맑음,교차로 - 교차로횡단보도내,승용,여,60세,상해없음,자전거,남,88세,사망
2023021900100296,2023년 2월 19일 18시,일요일,제주특별자치도 제주시 일도일동,경상사고,0,0,2,0,차대차 - 추돌,안전운전불이행,건조,맑음,단일로 - 기타,승용,남,30세,상해없음,승용,남,27세,경상
2023021900100335,2023년 2월 19일 20시,일요일,제주특별자치도 서귀포시 동홍동,경상사고,0,0,2,0,차대차 - 측면충돌,안전운전불이행,건조,맑음,교차로 - 교차로안,승용,여,67세,경상,승용,여,46세,경상
2023022000100105,2023년 2월 20일 08시,월요일,제주특별자치도 서귀포시 토평동,경상사고,0,0,1,0,차대차 - 측면충돌,신호위반,건조,맑음,교차로 - 교차로안,이륜,여,69세,경상,승합,남,21세,상해없음
2023022000100106,2023년 2월 20일 08시,월요일,제주특별자치도 제주시 해안동,중상사고,0,1,0,0,차대차 - 기타,안전거리미확보,건조,맑음,단일로 - 기타,승용,여,43세,상해없음,승용,남,45세,중상
2023022000100145,2023년 2월 20일 09시,월요일,제주특별자치도 제주시 노형동,부상신고사고,0,0,0,1,차대차 - 기타,직진우회전진행방해,건조,맑음,교차로 - 교차로안,승용,남,31세,상해없음,승용,남,54세,부상신고
2023022000100146,2023년 2월 20일 09시,월요일,제주특별자치도 제주시 애월읍,경상사고,0,0,1,0,차대차 - 기타,안전거리미확보,건조,맑음,단일로 - 기타,승용,여,71세,상해없음,승합,남,53세,상해없음
2023022000100330,2023년 2월 20일 15시,월요일,제주특별자치도 제주시 화북일동,경상사고,0,0,2,0,차대차 - 추돌,안전운전불이행,건조,맑음,교차로 - 교차로부근,승용,남,26세,상해없음,승용,남,56세,경상
2023022000100332,2023년 2월 20일 15시,월요일,제주특별자치도 서귀포시 남원읍,경상사고,0,0,1,0,차량단독 - 도로외이탈 - 기타,안전운전불이행,건조,맑음,단일로 - 기타,농기계,남,54세,경상,,,,
2023022000100402,2023년 2월 20일 17시,월요일,제주특별자치도 제주시 오등동,중상사고,0,1,0,0,차대차 - 측면충돌,안전거리미확보,건조,맑음,단일로 - 기타,이륜,남,30세,중상,승용,남,60세,상해없음