사고번호,사고일시,요일,시군구,사고내용,사망자수,중상자수,경상자수,부상신고자수,사고유형,법규위반,노면상태,기상상태,도로형태,가해운전자 차종,가해운전자 성별,가해운전자 연령,가해운전자 상해정도,피해운전자 차종,피해운전자 성별,피해운전자 연령,피해운전자 상해정도
2023022000100437,2023년 2월 20일 18시,월요일,제주특별자치도 제주시 삼도일동,중상사고,0,1,0,0,차대사람 - 차도통행중,안전운전불이행,건조,맑음,단일로 - 기타,승용,남,40세,상해없음,보행자,남,9세,중상
2023022000100493,2023년 2월 20일 20시,월요일,제주특별자치도 제주시 이도이동,중상사고,0,1,0,0,차대차 - 추돌,신호위반,건조,맑음,교차로 - 교차로부근,승용,여,56세,상해없음,이륜,남,50세,중상
2023022100100008,2023년 2월 21일 00시,화요일,제주특별자치도 제주시 이도이동,경상사고,0,0,1,0,차대차 - 기타,안전운전불이행,건조,맑음,교차로 - 교차로부근,승용,남,31세,상해없음,승용,여,51세,경상
2023022100100179,2023년 2월 21일 11시,화요일,제주특별자치도 서귀포시 서홍동,경상사고,0,0,2,0,차대차 - 추돌,안전거리미확보,건조,맑음,단일로 - 기타,원동기,남,27세,경상,승용,남,62세,경상
2023022100100213,2023년 2월 21일 12시,화요일,제주특별자치도 서귀포시 표선면,부상신고사고,0,0,0,1,차대사람 - 차도통행중,직진우회전진행방해,건조,맑음,교차로 - 교차로안,승용,남,75세,상해없음,보행자,여,81세,부상신고
2023022100100337,2023년 2월 21일 16시,화요일,제주특별자치도 제주시 일도이동,경상사고,0,0,1,0,차대사람 - 기타,안전운전불이행,건조,맑음,기타 - 기타,승용,남,71세,상해없음,보행자,남,64세,경상
2023022100100451,2023년 2월 21일 19시,화요일,제주특별자치도 제주시 삼양이동,중상사고,0,1,0,0,차량단독 - 기타,안전운전불이행,건조,맑음,단일로 - 기타,이륜,남,41세,중상,,,,
2023022100100510,2023년 2월 21일 23시,화요일,제주특별자치도 제주시 아라일동,경상사고,0,0,2,0,차대차 - 기타,안전운전불이행,건조,기타,단일로 - 기타,승용,여,59세,상해없음,승용,여,28세,경상
2023022100100511,2023년 2월 21일 23시,화요일,제주특별자치도 서귀포시 호근동,중상사고,0,1,0,0,차대차 - 기타,기타,건조,기타,교차로 - 교차로안,이륜,남,21세,중상,승용,남,33세,상해없음
2023022200100050,2023년 2월 22일 06시,수요일,제주특별자치도 제주시 용담이동,경상사고,0,0,1,0,차대차 - 측면충돌,안전운전불이행,건조,맑음,교차로 - 교차로안,승용,남,57세,상해없음,승용,남,35세,경상
2023022200100059,2023년 2월 22일 07시,수요일,제주특별자치도 서귀포시 서호동,경상사고,0,0,1,0,차대차 - 측면충돌,교차로운행방법위반,건조,맑음,교차로 - 교차로안,승용,여,27세,상해없음,승용,여,66세,경상
2023022200100088,2023년 2월 22일 08시,수요일,제주특별자치도 제주시 외도일동,경상사고,0,0,1,0,차대사람 - 횡단중,보행자보호의무위반,건조,맑음,교차로 - 교차로안,승용,여,37세,상해없음,보행자,남,67세,경상
2023022200100268,2023년 2월 22일 14시,수요일,제주특별자치도 서귀포시 강정동,경상사고,0,0,1,0,차대차 - 측면충돌,안전운전불이행,건조,맑음,교차로 - 교차로안,승합,여,66세,상해없음,승용,남,77세,경상
2023022200100400,2023년 2월 22일 18시,수요일,제주특별자치도 제주시 일도일동,경상사고,0,0,2,0,차대차 - 추돌,안전운전불이행,건조,맑음,단일로 - 기타,승용,여,20세,상해없음,승용,남,57세,경상
2023022200100433,2023년 2월 22일 19시,수요일,제주특별자치도 제주시 노형동,경상사고,0,0,1,0,차대차 - 추돌,안전운전불이행,건조,맑음,단일로 - 기타,승용,남,50세,상해없음,승용,남,57세,경상
2023022300100016,2023년 2월 23일 01시,목요일,제주특별자치도 제주시 삼도일동,경상사고,0,0,1,0,차대차 - 추돌,안전운전불이행,젖음/습기,비,단일로 - 기타,원동기,남,17세,경상,승용,남,50세,상해없음
2023022300100224,2023년 2월 23일 13시,목요일,제주특별자치도 서귀포시 대정읍,부상신고사고,0,0,0,1,차대차 - 측면충돌,신호위반,건조,맑음,교차로 - 교차로안,이륜,남,29세,부상신고,승합,남,74세,상해없음
2023022300100382,2023년 2월 23일 18시,목요일,제주특별자치도 제주시 용담일동,경상사고,0,0,3,0,차대차 - 추돌,안전거리미확보,건조,맑음,단일로 - 기타,화물,남,40세,기타불명,승용,남,56세,경상
2023022300100384,2023년 2월 23일 18시,목요일,제주특별자치도 서귀포시 안덕면,경상사고,0,0,3,0,차대차 - 기타,안전거리미확보,건조,맑음,교차로 - 교차로안,승용,여,49세,상해없음,승용,여,22세,경상
2023022300100385,2023년 2월 23일 18시,목요일,제주특별자치도 서귀포시 안덕면,중상사고,0,2,0,0,차대차 - 기타,교차로운행방법위반,건조,맑음,단일로 - 기타,화물,남,61세,상해없음,승용,남,76세,중상
2023022300100386,2023년 2월 23일 18시,목요일,제주특별자치도 제주시 노형동,부상신고사고,0,0,0,1,차대차 - 기타,안전운전불이행,건조,맑음,교차로 - 교차로안,승용,여,37세,상해없음,이륜,남,20세,부상신고
2023022400100052,2023년 2월 24일 06시,금요일,제주특별자치도 제주시 조천읍,경상사고,0,0,2,0,차대차 - 측면충돌,신호위반,건조,맑음,교차로 - 교차로안,승용,남,58세,경상,승용,여,70세,경상
2023022400100068,2023년 2월 24일 07시,금요일,제주특별자치도 제주시 연동,경상사고,0,0,1,0,차대사람 - 길가장자리구역통행중,안전운전불이행,건조,맑음,단일로 - 기타,승용,여,39세,상해없음,보행자,여,62세,경상
2023022400100133,2023년 2월 24일 09시,금요일,제주특별자치도 제주시 구좌읍,경상사고,0,0,1,0,차대차 - 기타,신호위반,건조,맑음,교차로 - 교차로안,이륜,여,84세,경상,승용,남,58세,상해없음
2023022400100134,2023년 2월 24일 09시,금요일,제주특별자치도 제주시 조천읍,경상사고,0,0,1,0,차대차 - 기타,안전운전불이행,건조,맑음,교차로 - 교차로부근,승용,남,69세,상해없음,승용,남,40세,경상
2023022400100198,2023년 2월 24일 11시,금요일,제주특별자치도 서귀포시 남원읍,중상사고,0,1,0,0,차대차 - 측면충돌,안전운전불이행,건조,맑음,교차로 - 교차로안,승용,여,34세,상해없음,승용,남,36세,중상
2023022400100282,2023년 2월 24일 14시,금요일,제주특별자치도 제주시 조천읍,경상사고,0,0,1,0,차대사람 - 길가장자리구역통행중,안전운전불이행,건조,맑음,단일로 - 기타,승용,여,57세,상해없음,보행자,남,66세,경상
2023022400100577,2023년 2월 24일 23시,금요일,제주특별자치도 제주시 노형동,경상사고,0,0,2,0,차대차 - 추돌,안전운전불이행,건조,맑음,기타 - 기타,승용,여,40세,상해없음,승용,남,22세,경상
2023022500100010,2023년 2월 25일 00시,토요일,제주특별자치도 제주시 이도이동,사망사고,1,0,0,0,차량단독 - 기타,안전운전불이행,건조,맑음,교차로 - 교차로부근,개인형이동수단(PM),남,60세,사망,,,,
2023022500100183,2023년 2월 25일 11시,토요일,제주특별자치도 서귀포시 서귀동,경상사고,0,0,1,0,차대차 - 측면충돌,신호위반,건조,맑음,교차로 - 교차로안,승용,남,53세,상해없음,이륜,남,24세,경상
2023022500100219,2023년 2월 25일 12시,토요일,제주특별자치도 제주시 삼도일동,경상사고,0,0,1,0,차대차 - 기타,안전운전불이행,건조,맑음,기타 - 기타,이륜,남,28세,경상,승용,남,61세,상해없음
2023022500100220,2023년 2월 25일 12시,토요일,제주특별자치도 제주시 조천읍,경상사고,0,0,5,0,차대차 - 정면충돌,신호위반,건조,맑음,교차로 - 교차로안,승용,남,66세,상해없음,승용,남,39세,경상
2023022500100221,2023년 2월 25일 12시,토요일,제주특별자치도 제주시 일도이동,경상사고,0,0,1,0,차대차 - 기타,안전거리미확보,건조,맑음,단일로 - 기타,승용,남,68세,상해없음,화물,남,51세,경상
2023022500100301,2023년 2월 25일 14시,토요일,제주특별자치도 제주시 아라일동,경상사고,0,0,2,0,차량단독 - 기타,안전운전불이행,건조,맑음,단일로 - 기타,승용,남,76세,경상,,,,
2023022500100338,2023년 2월 25일 15시,토요일,제주특별자치도 제주시 건입동,경상사고,0,0,1,0,차대차 - 측면충돌,교차로운행방법위반,건조,맑음,교차로 - 교차로안,승용,남,39세,상해없음,승용,여,55세,경상
2023022500100339,2023년 2월 25일 15시,토요일,제주특별자치도 서귀포시 남원읍,경상사고,0,0,1,0,차대차 - 추돌,안전운전불이행,건조,맑음,단일로 - 기타,승용,남,26세,상해없음,승용,여,42세,경상
2023022500100374,2023년 2월 25일 16시,토요일,제주특별자치도 제주시 한림읍,경상사고,0,0,3,1,차대차 - 정면충돌,중앙선침범,건조,맑음,단일로 - 기타,승용,여,69세,부상신고,승용,남,34세,경상
2023022500100404,2023년 2월 25일 17시,토요일,제주특별자치도 제주시 아라이동,경상사고,0,0,1,0,차대사람 - 기타,안전운전불이행,건조,맑음,단일로 - 기타,이륜,남,26세,상해없음,보행자,남,57세,경상
2023022500100405,2023년 2월 25일 17시,토요일,제주특별자치도 제주시 용담이동,경상사고,0,0,1,0,차대차 - 측면충돌,안전운전불이행,건조,맑음,교차로 - 교차로안,승용,남,31세,상해없음,자전거,남,17세,경상
2023022500100469,2023년 2월 25일 19시,토요일,제주특별자치도 제주시 한림읍,경상사고,0,0,1,0,차대사람 - 횡단중,보행자보호의무위반,건조,맑음,교차로 - 교차로횡단보도내,이륜,남,42세,상해없음,보행자,남,21세,경상
2023022600100111,2023년 2월 26일 11시,일요일,제주특별자치도 제주시 해안동,중상사고,0,1,0,0,차대차 - 측면충돌,안전운전불이행,건조,맑음,단일로 - 기타,화물,남,51세,상해없음,승용,남,28세,중상
2023022600100141,2023년 2월 26일 12시,일요일,제주특별자치도 서귀포시 동홍동,경상사고,0,0,1,0,차대사람 - 횡단중,안전운전불이행,건조,맑음,단일로 - 기타,승용,남,70세,상해없음,보행자,남,11세,경상
2023022600100180,2023년 2월 26일 13시,일요일,제주특별자치도 제주시 노형동,경상사고,0,0,1,0,차대차 - 추돌,안전거리미확보,건조,맑음,교차로 - 교차로부근,승용,남,73세,상해없음,승용,남,51세,경상
2023022600100254,2023년 2월 26일 16시,일요일,제주특별자치도 제주시 조천읍,경상사고,0,0,1,0,차량단독 - 전도전복 - 전도,안전운전불이행,건조,맑음,교차로 - 교차로부근,승용,여,61세,기타불명,,,,
2023022600100255,2023년 2월 26일 16시,일요일,제주특별자치도 제주시 아라일동,경상사고,0,0,2,0,차대차 - 기타,안전운전불이행,기타,기타,단일로 - 기타,승용,여,58세,상해없음,승용,여,38세,경상
2023022600100315,2023년 2월 26일 18시,일요일,제주특별자치도 서귀포시 성산읍,중상사고,0,1,2,0,차대사람 - 횡단중,보행자보호의무위반,건조,맑음,교차로 - 교차로횡단보도내,승용,여,37세,상해없음,보행자,남,68세,경상
2023022600100338,2023년 2월 26일 19시,일요일,제주특별자치도 서귀포시 표선면,경상사고,0,0,8,0,차대차 - 추돌,안전운전불이행,건조,맑음,단일로 - 기타,승용,남,49세,상해없음,승합,남,43세,경상
2023022700100038,2023년 2월 27일 06시,월요일,제주특별자치도 제주시 조천읍,경상사고,0,0,1,0,차량단독 - 공작물충돌,안전운전불이행,건조,맑음,단일로 - 기타,화물,남,63세,경상,,,,
2023022700100085,2023년 2월 27일 08시,월요일,제주특별자치도 제주시 일도이동,경상사고,0,0,1,0,차대차 - 측면충돌,교차로운행방법위반,건조,맑음,교차로 - 교차로안,화물,남,63세,상해없음,승용,여,28세,경상
2023022700100123,2023년 2월 27일 09시,월요일,제주특별자치도 제주시 봉개동,경상사고,0,0,1,0,차대차 - 기타,안전운전불이행,건조,맑음,단일로 - 기타,승용,남,47세,상해없음,화물,남,33세,경상
2023022700100211,2023년 2월 27일 12시,월요일,제주특별자치도 제주시 애월읍,경상사고,0,0,1,0,차대차 - 기타,직진우회전진행방해,건조,맑음,교차로 - 교차로안,승용,여,44세,상해없음,승용,여,43세,경상
2023022700100279,2023년 2월 27일 14시,월요일,제주특별자치도 서귀포시 서호동,중상사고,0,1,0,0,차대차 - 정면충돌,직진우회전진행방해,건조,맑음,교차로 - 교차로안,승합,남,33세,상해없음,이륜,남,71세,중상
2023022700100316,2023년 2월 27일 15시,월요일,제주특별자치도 제주시 한림읍,경상사고,0,0,1,0,차대차 - 기타,안전운전불이행,건조,맑음,단일로 - 기타,승용,남,19세,상해없음,승용,여,34세,경상
2023022700100377,2023년 2월 27일 17시,월요일,제주특별자치도 제주시 연동,경상사고,0,0,1,0,차대차 - 기타,직진우회전진행방해,건조,맑음,교차로 - 교차로안,화물,남,56세,상해없음,승용,여,57세,경상
2023022700100425,2023년 2월 27일 18시,월요일,제주특별자치도 제주시 노형동,중상사고,0,1,0,0,차대사람 - 보도통행중,신호위반,건조,맑음,교차로 - 교차로횡단보도내,이륜,남,64세,상해없음,보행자,여,25세,중상
2023022700100464,2023년 2월 27일 19시,월요일,제주특별자치도 제주시 오라삼동,경상사고,0,0,3,1,차대차 - 추돌,안전거리미확보,건조,맑음,단일로 - 기타,승용,남,23세,상해없음,승용,남,28세,상해없음
2023022700100520,2023년 2월 27일 22시,월요일,제주특별자치도 서귀포시 표선면,중상사고,0,1,1,0,차대차 - 정면충돌,중앙선침범,건조,맑음,단일로 - 기타,승용,여,31세,중상,승용,남,38세,경상
2023022800100112,2023년 2월 28일 09시,화요일,제주특별자치도 제주시 애월읍,경상사고,0,0,1,0,차량단독 - 공작물충돌,안전운전불이행,건조,맑음,단일로 - 기타,승용,여,77세,경상,,,,
2023022800100135,2023년 2월 28일 10시,화요일,제주특별자치도 제주시 노형동,경상사고,0,0,1,0,차대차 - 기타,안전운전불이행,건조,맑음,단일로 - 기타,화물,남,72세,상해없음,승합,남,51세,상해없음
2023022800100161,2023년 2월 28일 11시,화요일,제주특별자치도 제주시 구좌읍,경상사고,0,0,1,0,차대차 - 추돌,직진우회전진행방해,건조,맑음,교차로 - 교차로안,승용,여,30세,상해없음,화물,남,50세,경상
2023022800100162,2023년 2월 28일 11시,화요일,제주특별자치도 서귀포시 토평동,중상사고,0,1,3,0,차대차 - 기타,안전운전불이행,건조,맑음,교차로 - 교차로안,승용,여,22세,상해없음,승용,남,66세,경상
2023022800100163,2023년 2월 28일 11시,화요일,제주특별자치도 제주시 애월읍,중상사고,0,1,6,0,차대차 - 기타,직진우회전진행방해,건조,맑음,교차로 - 교차로안,승용,여,69세,경상,승합,남,28세,경상
2023022800100231,2023년 2월 28일 13시,화요일,제주특별자치도 제주시 구좌읍,경상사고,0,0,1,0,차대차 - 측면충돌,교차로운행방법위반,건조,맑음,교차로 - 교차로안,이륜,남,53세,경상,화물,남,57세,상해없음
2023022800100313,2023년 2월 28일 15시,화요일,제주특별자치도 제주시 구좌읍,중상사고,0,1,0,0,차대사람 - 횡단중,안전운전불이행,건조,맑음,교차로 - 교차로안,승용,여,40세,상해없음,보행자,남,74세,중상
2023022800100351,2023년 2월 28일 16시,화요일,제주특별자치도 서귀포시 대정읍,중상사고,0,1,0,0,차대차 - 정면충돌,기타,건조,맑음,단일로 - 기타,이륜,남,53세,중상,자전거,남,13세,상해없음
2023022800100393,2023년 2월 28일 17시,화요일,제주특별자치도 서귀포시 서귀동,중상사고,0,1,0,0,차대차 - 추돌,교차로운행방법위반,건조,맑음,교차로 - 교차로안,화물,여,56세,상해없음,이륜,여,50세,중상
2023022800100394,2023년 2월 28일 17시,화요일,제주특별자치도 제주시 연동,경상사고,0,0,2,0,차대차 - 기타,신호위반,건조,맑음,교차로 - 교차로안,승용,여,24세,상해없음,승용,남,48세,기타불명
2023022800100433,2023년 2월 28일 18시,화요일,제주특별자치도 제주시 조천읍,경상사고,0,0,2,0,차대차 - 측면충돌,교차로운행방법위반,건조,맑음,교차로 - 교차로안,승용,남,39세,상해없음,승용,남,65세,경상
2023022800100434,2023년 2월 28일 18시,화요일,제주특별자치도 제주시 이도이동,경상사고,0,0,3,0,차대차 - 측면충돌,중앙선침범,건조,맑음,기타 - 기타,승용,남,22세,상해없음,승용,남,29세,경상
2023022800100567,2023년 2월 28일 23시,화요일,제주특별자치도 서귀포시 남원읍,부상신고사고,0,0,0,1,차량단독 - 기타,안전운전불이행,건조,맑음,단일로 - 기타,승용,남,30세,부상신고,,,,
2023030100100020,2023년 3월 1일 01시,수요일,제주특별자치도 제주시 도남동,경상사고,0,0,1,0,차량단독 - 기타,안전운전불이행,건조,기타,교차로 - 교차로부근,승용,남,57세,상해없음,,,,
2023030100100052,2023년 3월 1일 06시,수요일,제주특별자치도 제주시 일도이동,중상사고,0,1,0,0,차대사람 - 횡단중,보행자보호의무위반,젖음/습기,비,교차로 - 교차로횡단보도내,승용,여,53세,상해없음,보행자,남,59세,중상
2023030100100101,2023년 3월 1일 10시,수요일,제주특별자치도 서귀포시 상예동,중상사고,0,1,1,0,차대차 - 기타,안전운전불이행,젖음/습기,비,단일로 - 기타,승합,여,72세,경상,화물,남,40세,상해없음
2023030100100149,2023년 3월 1일 12시,수요일,제주특별자치도 제주시 연동,경상사고,0,0,1,0,차대차 - 추돌,안전운전불이행,건조,맑음,단일로 - 기타,화물,남,67세,상해없음,승용,여,38세,경상
2023030100100164,2023년 3월 1일 13시,수요일,제주특별자치도 제주시 조천읍,경상사고,0,0,4,0,차대차 - 측면충돌,신호위반,건조,맑음,교차로 - 교차로안,승용,남,49세,경상,화물,남,41세,경상
2023030100100165,2023년 3월 1일 13시,수요일,제주특별자치도 서귀포시 토평동,경상사고,0,0,1,0,차대차 - 후진중충돌,안전운전불이행,건조,맑음,단일로 - 기타,승용,여,65세,상해없음,화물,남,50세,경상
2023030100100244,2023년 3월 1일 16시,수요일,제주특별자치도 제주시 구좌읍,중상사고,0,3,1,0,차량단독 - 공작물충돌,안전운전불이행,건조,맑음,단일로 - 기타,승용,여,32세,경상,,,,
2023030100100262,2023년 3월 1일 17시,수요일,제주특별자치도 서귀포시 서귀동,중상사고,0,1,0,0,차대사람 - 보도통행중,안전운전불이행,건조,맑음,단일로 - 기타,화물,남,75세,상해없음,보행자,여,45세,중상
2023030100100307,2023년 3월 1일 19시,수요일,제주특별자치도 서귀포시 토평동,경상사고,0,0,2,0,차대차 - 후진중충돌,안전운전불이행,건조,맑음,단일로 - 기타,승용,남,63세,상해없음,승용,남,32세,경상
2023030200100062,2023년 3월 2일 07시,목요일,제주특별자치도 제주시 삼도일동,경상사고,0,0,1,0,차대차 - 추돌,안전운전불이행,건조,맑음,단일로 - 기타,화물,남,70세,경상,화물,남,58세,상해없음
2023030200100063,2023년 3월 2일 07시,목요일,제주특별자치도 제주시 애월읍,중상사고,0,1,0,0,차량단독 - 전도전복 - 전도,안전운전불이행,건조,맑음,단일로 - 기타,이륜,남,15세,중상,,,,
2023030200100182,2023년 3월 2일 10시,목요일,제주특별자치도 제주시 용담이동,경상사고,0,0,3,0,차대차 - 측면충돌,안전운전불이행,건조,맑음,교차로 - 교차로부근,승용,여,36세,경상,이륜,남,53세,경상
2023030200100213,2023년 3월 2일 11시,목요일,제주특별자치도 제주시 삼양일동,경상사고,0,0,1,0,차대차 - 기타,안전운전불이행,건조,맑음,교차로 - 교차로안,승용,남,63세,상해없음,승용,남,27세,경상
2023030200100214,2023년 3월 2일 11시,목요일,제주특별자치도 제주시 용담삼동,중상사고,0,1,0,0,차대사람 - 횡단중,보행자보호의무위반,건조,맑음,단일로 - 기타,승용,남,39세,상해없음,보행자,여,65세,중상
2023030200100286,2023년 3월 2일 13시,목요일,제주특별자치도 제주시 해안동,경상사고,0,0,2,0,차대차 - 기타,안전거리미확보,건조,맑음,단일로 - 기타,승용,여,63세,기타불명,이륜,남,19세,경상
2023030200100320,2023년 3월 2일 14시,목요일,제주특별자치도 서귀포시 중문동,경상사고,0,0,1,0,차대차 - 기타,안전운전불이행,건조,맑음,기타 - 기타,승용,남,48세,상해없음,승용,남,29세,상해없음
2023030200100347,2023년 3월 2일 15시,목요일,제주특별자치도 제주시 조천읍,중상사고,0,1,0,0,차대차 - 측면충돌,직진우회전진행방해,건조,맑음,교차로 - 교차로안,화물,여,66세,상해없음,자전거,남,73세,중상
2023030200100348,2023년 3월 2일 15시,목요일,제주특별자치도 제주시 일도이동,경상사고,0,0,2,0,차대차 - 추돌,안전운전불이행,건조,맑음,단일로 - 기타,승합,여,73세,상해없음,승용,여,40세,경상
2023030200100381,2023년 3월 2일 16시,목요일,제주특별자치도 제주시 이도이동,경상사고,0,0,2,0,차대사람 - 보도통행중,기타,건조,맑음,기타 - 기타,화물,남,37세,상해없음,보행자,남,54세,경상
2023030200100382,2023년 3월 2일 16시,목요일,제주특별자치도 서귀포시 표선면,중상사고,0,1,0,0,차대사람 - 보도통행중,보행자보호의무위반,건조,맑음,교차로 - 교차로횡단보도내,승합,남,62세,상해없음,보행자,여,9세,중상
2023030200100383,2023년 3월 2일 16시,목요일,제주특별자치도 제주시 한경면,경상사고,0,0,2,0,차대차 - 정면충돌,중앙선침범,건조,맑음,단일로 - 기타,승용,남,42세,상해없음,승용,남,24세,경상
2023030200100523,2023년 3월 2일 21시,목요일,제주특별자치도 서귀포시 서귀동,중상사고,0,1,1,0,차대차 - 측면충돌,신호위반,건조,맑음,교차로 - 교차로안,승용,남,28세,상해없음,승합,남,54세,상해없음
2023030300100020,2023년 3월 3일 02시,금요일,제주특별자치도 제주시 일도이동,부상신고사고,0,0,0,1,차대사람 - 기타,안전운전불이행,건조,맑음,교차로 - 교차로부근,승용,남,59세,기타불명,보행자,남,56세,부상신고
2023030300100049,2023년 3월 3일 06시,금요일,제주특별자치도 제주시 애월읍,경상사고,0,0,1,1,차대차 - 측면충돌,신호위반,건조,맑음,교차로 - 교차로안,승용,남,39세,부상신고,화물,남,40세,경상
2023030300100074,2023년 3월 3일 07시,금요일,제주특별자치도 제주시 아라일동,경상사고,0,0,1,0,차대차 - 측면충돌,신호위반,건조,맑음,교차로 - 교차로안,승용,남,26세,상해없음,승용,남,54세,경상
2023030300100113,2023년 3월 3일 08시,금요일,제주특별자치도 제주시 외도일동,경상사고,0,0,1,0,차대차 - 기타,안전운전불이행,건조,맑음,교차로 - 교차로안,승용,여,53세,상해없음,개인형이동수단(PM),남,19세,경상
2023030300100150,2023년 3월 3일 09시,금요일,제주특별자치도 제주시 구좌읍,경상사고,0,0,2,0,차대차 - 추돌,안전거리미확보,건조,맑음,단일로 - 기타,화물,남,58세,경상,화물,남,46세,경상
2023030300100177,2023년 3월 3일 10시,금요일,제주특별자치도 서귀포시 신효동,경상사고,0,0,1,0,차대사람 - 길가장자리구역통행중,안전운전불이행,건조,맑음,단일로 - 기타,승용,여,63세,상해없음,보행자,남,63세,경상
2023030300100261,2023년 3월 3일 13시,금요일,제주특별자치도 서귀포시 남원읍,중상사고,0,1,0,0,차대사람 - 횡단중,보행자보호의무위반,건조,맑음,교차로 - 교차로횡단보도내,승용,남,55세,상해없음,보행자,남,70세,중상
2023030300100262,2023년 3월 3일 13시,금요일,제주특별자치도 제주시 한림읍,중상사고,0,1,2,0,차대차 - 측면충돌,직진우회전진행방해,건조,맑음,교차로 - 교차로안,승용,여,57세,경상,승합,남,61세,중상
2023030300100291,2023년 3월 3일 14시,금요일,제주특별자치도 제주시 노형동,경상사고,0,0,1,0,차대차 - 기타,안전거리미확보,건조,맑음,기타 - 기타,승용,여,55세,기타불명,승용,여,35세,경상
2023030300100332,2023년 3월 3일 15시,금요일,제주특별자치도 제주시 노형동,경상사고,0,0,1,0,차대사람 - 길가장자리구역통행중,안전운전불이행,건조,맑음,교차로 - 교차로안,화물,남,41세,상해없음,보행자,남,73세,경상
2023030300100406,2023년 3월 3일 17시,금요일,제주특별자치도 제주시 조천읍,중상사고,0,1,0,0,차량단독 - 도로외이탈 - 추락,안전운전불이행,건조,맑음,단일로 - 기타,기타불명,남,53세,중상,,,,
2023030300100454,2023년 3월 3일 18시,금요일,제주특별자치도 서귀포시 상예동,중상사고,0,1,0,0,차대차 - 측면충돌,기타,건조,맑음,교차로 - 교차로안,승용,남,23세,상해없음,승용,남,54세,중상
2023030300100585,2023년 3월 3일 23시,금요일,제주특별자치도 서귀포시 동홍동,경상사고,0,0,1,0,차대사람 - 횡단중,보행자보호의무위반,건조,맑음,교차로 - 교차로횡단보도내,승용,여,39세,상해없음,보행자,여,51세,경상
2023030400100163,2023년 3월 4일 11시,토요일,제주특별자치도 제주시 이도이동,경상사고,0,0,2,0,차대차 - 기타,안전거리미확보,건조,맑음,교차로 - 교차로부근,승용,여,23세,상해없음,승용,남,45세,경상
2023030400100199,2023년 3월 4일 12시,토요일,제주특별자치도 서귀포시 성산읍,경상사고,0,0,1,0,차대사람 - 차도통행중,기타,건조,맑음,교차로 - 교차로안,화물,남,43세,상해없음,보행자,남,4세,경상
2023030400100328,2023년 3월 4일 16시,토요일,제주특별자치도 제주시 용담이동,경상사고,0,0,1,0,차대차 - 기타,안전운전불이행,건조,맑음,기타 - 기타,승용,남,54세,상해없음,승합,남,30세,경상
2023030400100329,2023년 3월 4일 16시,토요일,제주특별자치도 제주시 외도일동,경상사고,0,0,1,1,차대차 - 추돌,안전운전불이행,건조,맑음,교차로 - 교차로부근,승용,남,61세,상해없음,승용,남,50세,경상
2023030400100412,2023년 3월 4일 19시,토요일,제주특별자치도 제주시 아라이동,경상사고,0,0,1,0,차대차 - 추돌,안전운전불이행,건조,기타,단일로 - 기타,이륜,남,41세,상해없음,승용,여,62세,경상
2023030400100441,2023년 3월 4일 20시,토요일,제주특별자치도 제주시 조천읍,경상사고,0,0,1,0,차량단독 - 공작물충돌,안전운전불이행,기타,기타,단일로 - 기타,승용,남,36세,경상,,,,
2023030500100059,2023년 3월 5일 05시,일요일,제주특별자치도 제주시 아라이동,경상사고,0,0,1,0,차대사람 - 횡단중,보행자보호의무위반,건조,맑음,교차로 - 교차로횡단보도내,승용,남,35세,상해없음,보행자,남,36세,경상
2023030500100072,2023년 3월 5일 06시,일요일,제주특별자치도 제주시 애월읍,중상사고,0,1,3,0,차대차 - 기타,신호위반,건조,맑음,교차로 - 교차로안,승용,남,56세,경상,승합,남,52세,중상
2023030500100118,2023년 3월 5일 10시,일요일,제주특별자치도 서귀포시 동홍동,중상사고,0,1,1,0,차대차 - 기타,안전운전불이행,건조,맑음,단일로 - 기타,화물,남,70세,경상,승용,여,56세,중상
2023030500100234,2023년 3월 5일 14시,일요일,제주특별자치도 서귀포시 동홍동,부상신고사고,0,0,0,1,차대차 - 기타,안전운전불이행,건조,맑음,단일로 - 기타,이륜,남,39세,부상신고,승용,여,50세,상해없음
2023030500100235,2023년 3월 5일 14시,일요일,제주특별자치도 제주시 연동,경상사고,0,0,4,0,차대차 - 측면충돌,안전거리미확보,건조,맑음,단일로 - 기타,승용,여,32세,경상,승용,여,25세,경상
2023030500100340,2023년 3월 5일 18시,일요일,제주특별자치도 제주시 이도이동,경상사고,0,0,1,0,차대차 - 측면충돌,신호위반,건조,맑음,교차로 - 교차로안,승합,남,65세,상해없음,이륜,남,53세,경상
2023030500100363,2023년 3월 5일 19시,일요일,제주특별자치도 제주시 도남동,경상사고,0,0,2,0,차대차 - 정면충돌,신호위반,건조,맑음,교차로 - 교차로부근,승용,여,54세,기타불명,승용,남,58세,경상
2023030600100033,2023년 3월 6일 06시,월요일,제주특별자치도 제주시 영평동,중상사고,0,1,1,0,차대차 - 측면충돌,신호위반,건조,맑음,교차로 - 교차로안,화물,남,45세,경상,승용,남,54세,중상
2023030600100034,2023년 3월 6일 06시,월요일,제주특별자치도 서귀포시 서귀동,중상사고,0,1,0,0,차대차 - 측면충돌,직진우회전진행방해,건조,맑음,교차로 - 교차로안,승합,남,47세,상해없음,이륜,남,45세,중상