사고번호,사고일시,요일,시군구,사고내용,사망자수,중상자수,경상자수,부상신고자수,사고유형,법규위반,노면상태,기상상태,도로형태,가해운전자 차종,가해운전자 성별,가해운전자 연령,가해운전자 상해정도,피해운전자 차종,피해운전자 성별,피해운전자 연령,피해운전자 상해정도
2023030600100035,2023년 3월 6일 06시,월요일,제주특별자치도 서귀포시 남원읍,중상사고,0,1,0,0,차대차 - 측면충돌,교차로운행방법위반,건조,맑음,교차로 - 교차로안,승용,남,78세,상해없음,승용,여,64세,중상
2023030600100092,2023년 3월 6일 08시,월요일,제주특별자치도 제주시 삼양일동,중상사고,0,1,1,0,차대차 - 측면충돌,안전운전불이행,건조,맑음,교차로 - 교차로안,승용,남,50세,상해없음,승용,여,45세,중상
2023030600100127,2023년 3월 6일 09시,월요일,제주특별자치도 제주시 애월읍,중상사고,0,1,1,0,차대차 - 측면충돌,기타,건조,맑음,교차로 - 교차로안,승용,여,65세,경상,승용,남,54세,중상
2023030600100157,2023년 3월 6일 10시,월요일,제주특별자치도 제주시 이도일동,경상사고,0,0,1,0,차대차 - 측면충돌,직진우회전진행방해,건조,맑음,교차로 - 교차로안,승용,남,77세,상해없음,자전거,여,51세,경상
2023030600100158,2023년 3월 6일 10시,월요일,제주특별자치도 제주시 조천읍,경상사고,0,0,1,0,차대차 - 후진중충돌,안전운전불이행,건조,맑음,단일로 - 기타,화물,남,68세,상해없음,승용,여,37세,경상
2023030600100159,2023년 3월 6일 10시,월요일,제주특별자치도 서귀포시 서홍동,경상사고,0,0,1,0,차대차 - 추돌,안전운전불이행,건조,맑음,단일로 - 기타,화물,남,70세,상해없음,승용,여,55세,경상
2023030600100199,2023년 3월 6일 11시,월요일,제주특별자치도 서귀포시 회수동,경상사고,0,0,4,1,차대차 - 기타,교차로운행방법위반,건조,맑음,교차로 - 교차로안,화물,남,33세,부상신고,승용,남,51세,경상
2023030600100225,2023년 3월 6일 12시,월요일,제주특별자치도 서귀포시 성산읍,경상사고,0,0,2,0,차대차 - 측면충돌,안전운전불이행,건조,맑음,교차로 - 교차로부근,승용,남,56세,상해없음,승용,여,58세,경상
2023030600100307,2023년 3월 6일 15시,월요일,제주특별자치도 서귀포시 표선면,경상사고,0,0,1,0,차대차 - 측면충돌,안전운전불이행,건조,맑음,교차로 - 교차로안,승용,남,70세,기타불명,승용,여,53세,경상
2023030600100372,2023년 3월 6일 17시,월요일,제주특별자치도 제주시 오등동,경상사고,0,0,1,0,차대차 - 추돌,안전운전불이행,건조,맑음,기타 - 기타,승용,남,27세,상해없음,승용,남,30세,경상
2023030600100402,2023년 3월 6일 18시,월요일,제주특별자치도 제주시 삼양이동,경상사고,0,0,1,0,차대차 - 측면충돌,안전거리미확보,건조,맑음,단일로 - 기타,승용,남,70세,상해없음,승용,여,38세,경상
2023030600100431,2023년 3월 6일 19시,월요일,제주특별자치도 제주시 조천읍,중상사고,0,1,0,0,차대차 - 측면충돌,안전운전불이행,건조,기타,교차로 - 교차로부근,화물,남,54세,상해없음,자전거,남,32세,중상
2023030600100457,2023년 3월 6일 20시,월요일,제주특별자치도 제주시 한림읍,경상사고,0,0,4,0,차대차 - 기타,직진우회전진행방해,건조,맑음,교차로 - 교차로안,승용,남,38세,경상,승용,여,26세,경상
2023030600100478,2023년 3월 6일 21시,월요일,제주특별자치도 제주시 연동,경상사고,0,0,1,0,차대사람 - 기타,안전운전불이행,건조,맑음,단일로 - 기타,승용,여,32세,상해없음,보행자,남,51세,경상
2023030700100008,2023년 3월 7일 01시,화요일,제주특별자치도 제주시 연동,중상사고,0,1,0,0,차대사람 - 횡단중,보행자보호의무위반,건조,맑음,교차로 - 교차로횡단보도내,승용,남,39세,상해없음,보행자,여,57세,중상
2023030700100109,2023년 3월 7일 09시,화요일,제주특별자치도 제주시 노형동,부상신고사고,0,0,0,1,차대차 - 기타,교차로운행방법위반,건조,맑음,교차로 - 교차로안,화물,남,48세,상해없음,승용,여,48세,상해없음
2023030700100219,2023년 3월 7일 13시,화요일,제주특별자치도 서귀포시 대정읍,경상사고,0,0,3,0,차대차 - 기타,안전운전불이행,건조,맑음,단일로 - 기타,승용,남,68세,상해없음,승용,남,42세,경상
2023030700100250,2023년 3월 7일 14시,화요일,제주특별자치도 제주시 용담이동,중상사고,0,1,0,0,차대차 - 측면충돌,직진우회전진행방해,건조,맑음,교차로 - 교차로안,승용,여,51세,상해없음,원동기,남,51세,중상
2023030700100279,2023년 3월 7일 15시,화요일,제주특별자치도 서귀포시 동홍동,중상사고,0,1,0,0,차대차 - 후진중충돌,중앙선침범,건조,맑음,단일로 - 기타,승용,여,40세,상해없음,화물,남,48세,중상
2023030700100324,2023년 3월 7일 16시,화요일,제주특별자치도 제주시 애월읍,중상사고,0,2,0,0,차대차 - 측면충돌,신호위반,건조,맑음,교차로 - 교차로안,승용,여,48세,상해없음,승용,남,68세,중상
2023030700100390,2023년 3월 7일 18시,화요일,제주특별자치도 제주시 영평동,경상사고,0,0,1,0,차대차 - 기타,안전운전불이행,건조,맑음,교차로 - 교차로부근,이륜,남,40세,경상,승용,남,26세,상해없음
2023030700100427,2023년 3월 7일 19시,화요일,제주특별자치도 제주시 삼도이동,부상신고사고,0,0,0,1,차대사람 - 기타,기타,건조,맑음,단일로 - 기타,승용,여,55세,상해없음,보행자,남,58세,부상신고
2023030700100428,2023년 3월 7일 19시,화요일,제주특별자치도 제주시 애월읍,경상사고,0,0,2,0,차대차 - 추돌,안전운전불이행,건조,맑음,교차로 - 교차로부근,승용,여,72세,상해없음,승용,남,62세,경상
2023030700100457,2023년 3월 7일 20시,화요일,제주특별자치도 제주시 노형동,경상사고,0,0,1,0,차대사람 - 차도통행중,안전운전불이행,건조,맑음,단일로 - 기타,승용,남,47세,상해없음,보행자,남,74세,경상
2023030700100478,2023년 3월 7일 21시,화요일,제주특별자치도 제주시 화북일동,경상사고,0,0,1,0,차대차 - 추돌,안전운전불이행,건조,맑음,단일로 - 기타,이륜,남,30세,상해없음,승용,여,47세,상해없음
2023030800100106,2023년 3월 8일 08시,수요일,제주특별자치도 제주시 애월읍,부상신고사고,0,0,0,1,차대차 - 측면충돌,안전운전불이행,건조,맑음,기타 - 기타,승용,여,45세,부상신고,농기계,남,78세,상해없음
2023030800100142,2023년 3월 8일 09시,수요일,제주특별자치도 서귀포시 안덕면,경상사고,0,0,3,2,차대차 - 측면충돌,기타,건조,맑음,교차로 - 교차로안,승용,여,45세,경상,화물,남,58세,부상신고
2023030800100143,2023년 3월 8일 09시,수요일,제주특별자치도 제주시 한림읍,경상사고,0,0,1,0,차대차 - 측면충돌,안전거리미확보,건조,맑음,교차로 - 교차로안,승용,남,59세,상해없음,승용,남,39세,경상
2023030800100204,2023년 3월 8일 11시,수요일,제주특별자치도 제주시 삼도일동,경상사고,0,0,1,0,차량단독 - 기타,안전운전불이행,건조,맑음,단일로 - 기타,승합,남,64세,상해없음,,,,
2023030800100227,2023년 3월 8일 12시,수요일,제주특별자치도 제주시 연동,경상사고,0,0,1,0,차대차 - 측면충돌,교차로운행방법위반,건조,맑음,교차로 - 교차로안,승용,여,57세,상해없음,승용,여,45세,경상
2023030800100339,2023년 3월 8일 16시,수요일,제주특별자치도 제주시 노형동,경상사고,0,0,3,1,차대차 - 측면충돌,교차로운행방법위반,건조,맑음,교차로 - 교차로안,화물,남,55세,상해없음,승용,여,40세,경상
2023030800100416,2023년 3월 8일 18시,수요일,제주특별자치도 제주시 연동,경상사고,0,0,1,0,차대차 - 기타,신호위반,건조,맑음,교차로 - 교차로안,승용,남,60세,기타불명,이륜,남,31세,경상
2023030900100104,2023년 3월 9일 08시,목요일,제주특별자치도 제주시 화북일동,경상사고,0,0,1,0,차량단독 - 기타,안전운전불이행,기타,기타,교차로 - 교차로부근,승합,남,57세,상해없음,,,,
2023030900100338,2023년 3월 9일 16시,목요일,제주특별자치도 서귀포시 서귀동,중상사고,0,1,0,0,차대차 - 기타,안전운전불이행,건조,맑음,단일로 - 기타,개인형이동수단(PM),남,15세,중상,승용,남,47세,상해없음
2023030900100339,2023년 3월 9일 16시,목요일,제주특별자치도 제주시 연동,경상사고,0,0,2,0,차대차 - 추돌,안전운전불이행,건조,맑음,단일로 - 기타,승용,남,44세,상해없음,승용,여,33세,경상
2023030900100372,2023년 3월 9일 17시,목요일,제주특별자치도 서귀포시 서홍동,경상사고,0,0,1,0,차대차 - 측면충돌,직진우회전진행방해,건조,맑음,교차로 - 교차로안,화물,남,44세,상해없음,승용,여,63세,경상
2023030900100373,2023년 3월 9일 17시,목요일,제주특별자치도 제주시 연동,중상사고,0,1,1,1,차대차 - 추돌,안전운전불이행,건조,맑음,단일로 - 기타,승합,여,56세,부상신고,승용,남,52세,중상
2023030900100504,2023년 3월 9일 21시,목요일,제주특별자치도 제주시 연동,경상사고,0,0,1,0,차대사람 - 차도통행중,안전운전불이행,건조,맑음,교차로 - 교차로안,승용,여,30세,상해없음,보행자,남,43세,경상
2023031000100085,2023년 3월 10일 07시,금요일,제주특별자치도 제주시 삼도이동,경상사고,0,0,1,0,차대차 - 추돌,안전운전불이행,건조,맑음,단일로 - 기타,승용,여,60세,상해없음,승용,남,45세,경상
2023031000100086,2023년 3월 10일 07시,금요일,제주특별자치도 서귀포시 서귀동,경상사고,0,0,2,0,차대차 - 측면충돌,교차로운행방법위반,건조,맑음,교차로 - 교차로안,승용,남,39세,상해없음,승용,남,28세,경상
2023031000100177,2023년 3월 10일 10시,금요일,제주특별자치도 제주시 노형동,경상사고,0,0,2,0,차대차 - 기타,안전거리미확보,건조,맑음,단일로 - 기타,승용,남,69세,상해없음,승용,남,43세,경상
2023031000100296,2023년 3월 10일 14시,금요일,제주특별자치도 제주시 도남동,부상신고사고,0,0,0,1,차대차 - 측면충돌,기타,건조,맑음,교차로 - 교차로안,승용,남,71세,상해없음,이륜,남,51세,부상신고
2023031000100319,2023년 3월 10일 15시,금요일,제주특별자치도 서귀포시 표선면,중상사고,0,1,0,0,차대차 - 기타,차로위반,건조,맑음,단일로 - 기타,화물,남,66세,상해없음,승용,남,36세,중상
2023031000100358,2023년 3월 10일 16시,금요일,제주특별자치도 제주시 봉개동,경상사고,0,0,1,0,차대차 - 추돌,안전거리미확보,건조,맑음,단일로 - 기타,건설기계,남,64세,상해없음,승용,여,35세,경상
2023031000100359,2023년 3월 10일 16시,금요일,제주특별자치도 서귀포시 표선면,경상사고,0,0,2,0,차대차 - 정면충돌,신호위반,건조,맑음,교차로 - 교차로안,화물,여,52세,경상,승용,여,22세,경상
2023031000100451,2023년 3월 10일 18시,금요일,제주특별자치도 서귀포시 남원읍,경상사고,0,0,1,0,차대차 - 측면충돌,안전운전불이행,건조,맑음,교차로 - 교차로안,화물,남,60세,상해없음,승용,여,60세,경상
2023031000100452,2023년 3월 10일 18시,금요일,제주특별자치도 제주시 노형동,경상사고,0,0,1,0,차대차 - 측면충돌,안전거리미확보,건조,맑음,단일로 - 기타,승용,남,60세,상해없음,승합,남,28세,경상
2023031000100506,2023년 3월 10일 19시,금요일,제주특별자치도 제주시 이도이동,부상신고사고,0,0,0,1,차량단독 - 공작물충돌,안전운전불이행,건조,맑음,단일로 - 기타,승용,남,45세,부상신고,,,,
2023031000100539,2023년 3월 10일 20시,금요일,제주특별자치도 서귀포시 대정읍,경상사고,0,0,1,0,차대차 - 기타,안전운전불이행,건조,맑음,교차로 - 교차로안,승용,여,62세,상해없음,이륜,남,32세,경상
2023031000100602,2023년 3월 10일 22시,금요일,제주특별자치도 서귀포시 동홍동,경상사고,0,0,1,0,차대차 - 추돌,안전운전불이행,건조,맑음,단일로 - 기타,이륜,남,35세,경상,승용,남,61세,상해없음
2023031100100012,2023년 3월 11일 00시,토요일,제주특별자치도 제주시 용담일동,중상사고,0,1,0,0,차대사람 - 기타,안전운전불이행,건조,흐림,단일로 - 기타,승용,남,72세,상해없음,보행자,남,43세,중상
2023031100100073,2023년 3월 11일 07시,토요일,제주특별자치도 제주시 조천읍,중상사고,0,2,0,0,차대차 - 정면충돌,중앙선침범,건조,맑음,단일로 - 기타,승용,남,22세,상해없음,화물,남,40세,중상
2023031100100130,2023년 3월 11일 10시,토요일,제주특별자치도 서귀포시 서홍동,중상사고,0,1,0,0,차대차 - 기타,안전운전불이행,건조,맑음,교차로 - 교차로안,승용,남,45세,상해없음,이륜,남,49세,중상
2023031100100240,2023년 3월 11일 13시,토요일,제주특별자치도 제주시 외도일동,경상사고,0,0,1,0,차대차 - 측면충돌,직진우회전진행방해,건조,맑음,교차로 - 교차로안,화물,남,36세,상해없음,승용,여,67세,경상
2023031100100284,2023년 3월 11일 14시,토요일,제주특별자치도 제주시 오라일동,경상사고,0,0,1,0,차대사람 - 기타,안전운전불이행,건조,맑음,단일로 - 기타,승합,남,59세,상해없음,보행자,여,75세,경상
2023031100100385,2023년 3월 11일 17시,토요일,제주특별자치도 제주시 도련이동,중상사고,0,1,0,0,차대차 - 측면충돌,중앙선침범,건조,맑음,단일로 - 기타,승용,여,62세,상해없음,이륜,남,41세,중상
2023031100100446,2023년 3월 11일 19시,토요일,제주특별자치도 서귀포시 서귀동,부상신고사고,0,0,0,1,차대차 - 측면충돌,교차로운행방법위반,건조,맑음,교차로 - 교차로안,이륜,남,27세,부상신고,승용,여,29세,상해없음
2023031100100517,2023년 3월 11일 22시,토요일,제주특별자치도 제주시 애월읍,중상사고,0,1,0,0,차량단독 - 전도전복 - 전도,안전운전불이행,건조,기타,단일로 - 기타,이륜,남,38세,중상,,,,
2023031200100007,2023년 3월 12일 00시,일요일,제주특별자치도 제주시 이도이동,경상사고,0,0,1,0,차대차 - 추돌,안전운전불이행,건조,맑음,교차로 - 교차로부근,승용,남,37세,상해없음,승용,남,56세,경상
2023031200100121,2023년 3월 12일 11시,일요일,제주특별자치도 제주시 용담이동,경상사고,0,0,1,0,차대차 - 기타,안전운전불이행,젖음/습기,비,기타 - 기타,승용,여,45세,기타불명,승용,여,26세,경상
2023031200100144,2023년 3월 12일 12시,일요일,제주특별자치도 서귀포시 서홍동,중상사고,0,1,0,0,차대사람 - 차도통행중,안전운전불이행,젖음/습기,비,단일로 - 기타,승용,여,31세,상해없음,보행자,여,83세,중상
2023031200100169,2023년 3월 12일 13시,일요일,제주특별자치도 서귀포시 대정읍,중상사고,0,1,0,0,차대차 - 정면충돌,직진우회전진행방해,젖음/습기,비,교차로 - 교차로안,원동기,남,56세,중상,승용,여,47세,상해없음
2023031200100197,2023년 3월 12일 14시,일요일,제주특별자치도 제주시 노형동,경상사고,0,0,2,0,차대차 - 측면충돌,안전거리미확보,젖음/습기,비,단일로 - 기타,승용,남,73세,상해없음,화물,남,45세,경상
2023031200100221,2023년 3월 12일 15시,일요일,제주특별자치도 서귀포시 안덕면,경상사고,0,0,4,0,차대차 - 측면충돌,안전운전불이행,젖음/습기,비,교차로 - 교차로안,화물,남,82세,상해없음,승용,여,33세,경상
2023031200100274,2023년 3월 12일 17시,일요일,제주특별자치도 제주시 조천읍,경상사고,0,0,1,0,차대차 - 측면충돌,신호위반,건조,맑음,교차로 - 교차로안,화물,남,59세,상해없음,승용,남,23세,경상
2023031200100275,2023년 3월 12일 17시,일요일,제주특별자치도 제주시 한림읍,경상사고,0,0,1,2,차대차 - 측면충돌,직진우회전진행방해,젖음/습기,흐림,교차로 - 교차로안,승용,여,34세,경상,승용,남,52세,부상신고
2023031200100289,2023년 3월 12일 18시,일요일,제주특별자치도 제주시 연동,경상사고,0,0,1,0,차대차 - 측면충돌,직진우회전진행방해,건조,맑음,교차로 - 교차로안,승용,여,23세,기타불명,이륜,남,52세,경상
2023031200100312,2023년 3월 12일 19시,일요일,제주특별자치도 제주시 한림읍,중상사고,0,1,0,0,차량단독 - 도로외이탈 - 추락,안전운전불이행,건조,맑음,단일로 - 기타,승용,남,18세,상해없음,,,,
2023031200100330,2023년 3월 12일 20시,일요일,제주특별자치도 제주시 화북이동,중상사고,0,1,1,0,차대차 - 정면충돌,신호위반,건조,맑음,교차로 - 교차로안,승용,여,63세,중상,승용,여,34세,경상
2023031200100360,2023년 3월 12일 22시,일요일,제주특별자치도 제주시 구좌읍,경상사고,0,0,1,0,차대차 - 기타,안전거리미확보,건조,맑음,기타 - 기타,승용,남,71세,상해없음,승용,남,57세,경상
2023031300100107,2023년 3월 13일 08시,월요일,제주특별자치도 서귀포시 호근동,중상사고,0,1,2,0,차대차 - 추돌,안전거리미확보,건조,맑음,단일로 - 기타,화물,남,38세,상해없음,화물,남,42세,경상
2023031300100108,2023년 3월 13일 08시,월요일,제주특별자치도 제주시 연동,경상사고,0,0,1,0,차대차 - 측면충돌,직진우회전진행방해,건조,맑음,교차로 - 교차로안,자전거,남,48세,경상,승용,남,63세,상해없음
2023031300100149,2023년 3월 13일 09시,월요일,제주특별자치도 서귀포시 남원읍,경상사고,0,0,1,0,차량단독 - 공작물충돌,안전운전불이행,건조,맑음,단일로 - 기타,화물,남,61세,경상,,,,
2023031300100184,2023년 3월 13일 10시,월요일,제주특별자치도 제주시 조천읍,경상사고,0,0,1,0,차대차 - 측면충돌,안전운전불이행,건조,맑음,교차로 - 교차로안,승용,여,38세,기타불명,승용,남,55세,경상
2023031300100274,2023년 3월 13일 13시,월요일,제주특별자치도 제주시 연동,경상사고,0,0,1,0,차대차 - 측면충돌,안전운전불이행,건조,맑음,기타 - 기타,승용,남,52세,상해없음,승용,여,40세,경상
2023031300100310,2023년 3월 13일 14시,월요일,제주특별자치도 서귀포시 서호동,경상사고,0,0,2,1,차대차 - 측면충돌,직진우회전진행방해,건조,맑음,교차로 - 교차로안,승용,남,21세,경상,승용,여,41세,상해없음
2023031300100311,2023년 3월 13일 14시,월요일,제주특별자치도 제주시 한림읍,경상사고,0,0,1,0,차대사람 - 기타,안전운전불이행,건조,맑음,단일로 - 기타,승용,남,29세,상해없음,보행자,여,81세,경상
2023031300100353,2023년 3월 13일 15시,월요일,제주특별자치도 제주시 애월읍,경상사고,0,0,2,1,차대차 - 추돌,안전운전불이행,건조,맑음,단일로 - 기타,승용,여,33세,부상신고,승용,여,46세,경상
2023031300100398,2023년 3월 13일 16시,월요일,제주특별자치도 서귀포시 성산읍,경상사고,0,0,1,0,차대차 - 측면충돌,교차로운행방법위반,건조,맑음,교차로 - 교차로안,승용,여,52세,경상,화물,남,39세,상해없음
2023031300100429,2023년 3월 13일 17시,월요일,제주특별자치도 서귀포시 남원읍,부상신고사고,0,0,0,1,차대차 - 측면충돌,안전거리미확보,건조,맑음,단일로 - 기타,이륜,여,20세,부상신고,화물,남,49세,상해없음
2023031300100430,2023년 3월 13일 17시,월요일,제주특별자치도 서귀포시 강정동,중상사고,0,1,0,0,차대사람 - 횡단중,안전운전불이행,건조,맑음,단일로 - 기타,승용,남,52세,상해없음,보행자,남,63세,중상
2023031300100500,2023년 3월 13일 19시,월요일,제주특별자치도 제주시 용담이동,경상사고,0,0,2,0,차대차 - 추돌,안전운전불이행,건조,맑음,단일로 - 기타,승용,남,22세,상해없음,승용,남,24세,경상
2023031300100583,2023년 3월 13일 23시,월요일,제주특별자치도 서귀포시 서귀동,중상사고,0,1,0,0,차대차 - 측면충돌,신호위반,건조,맑음,단일로 - 기타,승용,여,44세,상해없음,이륜,남,45세,중상
2023031400100075,2023년 3월 14일 07시,화요일,제주특별자치도 제주시 영평동,경상사고,0,0,1,0,차대차 - 정면충돌,신호위반,건조,맑음,교차로 - 교차로안,승용,여,55세,상해없음,승용,여,28세,경상
2023031400100076,2023년 3월 14일 07시,화요일,제주특별자치도 제주시 월평동,중상사고,0,1,0,0,차대사람 - 기타,안전운전불이행,건조,맑음,교차로 - 교차로안,승용,여,38세,상해없음,보행자,남,67세,중상
2023031400100118,2023년 3월 14일 08시,화요일,제주특별자치도 서귀포시 중문동,중상사고,0,1,0,0,차대사람 - 기타,안전운전불이행,건조,맑음,교차로 - 교차로부근,승용,여,50세,상해없음,보행자,남,58세,중상
2023031400100168,2023년 3월 14일 10시,화요일,제주특별자치도 서귀포시 중문동,경상사고,0,0,2,0,차대차 - 추돌,안전거리미확보,건조,맑음,교차로 - 교차로횡단보도내,화물,남,54세,상해없음,승용,여,31세,경상
2023031400100169,2023년 3월 14일 10시,화요일,제주특별자치도 제주시 용담삼동,중상사고,0,1,0,0,차대차 - 기타,안전운전불이행,건조,맑음,교차로 - 교차로안,승용,남,48세,상해없음,자전거,남,76세,중상
2023031400100230,2023년 3월 14일 12시,화요일,제주특별자치도 서귀포시 신효동,중상사고,0,1,0,0,차량단독 - 기타,안전운전불이행,건조,맑음,단일로 - 기타,승합,남,57세,상해없음,,,,
2023031400100259,2023년 3월 14일 13시,화요일,제주특별자치도 서귀포시 대정읍,중상사고,0,1,1,0,차대차 - 기타,안전거리미확보,건조,맑음,단일로 - 기타,이륜,남,52세,중상,화물,남,43세,상해없음
2023031400100260,2023년 3월 14일 13시,화요일,제주특별자치도 제주시 연동,중상사고,0,1,2,0,차대차 - 추돌,안전운전불이행,건조,맑음,단일로 - 기타,승용,남,57세,경상,승용,남,36세,중상
2023031400100291,2023년 3월 14일 14시,화요일,제주특별자치도 제주시 연동,경상사고,0,0,1,0,차대사람 - 차도통행중,안전운전불이행,건조,맑음,단일로 - 기타,승용,남,41세,상해없음,보행자,여,52세,경상
2023031400100335,2023년 3월 14일 15시,화요일,제주특별자치도 제주시 구좌읍,경상사고,0,0,1,0,차대사람 - 기타,안전운전불이행,건조,맑음,교차로 - 교차로안,승용,남,51세,상해없음,보행자,여,85세,경상
2023031400100336,2023년 3월 14일 15시,화요일,제주특별자치도 서귀포시 성산읍,경상사고,0,0,2,0,차대차 - 기타,안전거리미확보,건조,맑음,단일로 - 기타,승용,남,35세,상해없음,승용,남,29세,경상
2023031400100380,2023년 3월 14일 16시,화요일,제주특별자치도 제주시 구좌읍,부상신고사고,0,0,0,1,차대차 - 측면충돌,신호위반,건조,맑음,교차로 - 교차로안,농기계,남,89세,상해없음,승용,여,45세,상해없음
2023031400100438,2023년 3월 14일 17시,화요일,제주특별자치도 제주시 내도동,경상사고,0,0,1,0,차대사람 - 횡단중,보행자보호의무위반,건조,맑음,교차로 - 교차로횡단보도내,승용,남,37세,상해없음,보행자,남,39세,경상
2023031400100439,2023년 3월 14일 17시,화요일,제주특별자치도 제주시 애월읍,경상사고,0,0,1,0,차대차 - 측면충돌,신호위반,건조,맑음,단일로 - 기타,승용,여,50세,상해없음,화물,남,30세,경상
2023031400100580,2023년 3월 14일 22시,화요일,제주특별자치도 제주시 도평동,경상사고,0,0,1,0,차대사람 - 기타,안전운전불이행,건조,맑음,단일로 - 기타,승용,남,53세,상해없음,보행자,여,31세,경상
2023031500100016,2023년 3월 15일 01시,수요일,제주특별자치도 제주시 회천동,경상사고,0,0,1,0,차대차 - 기타,안전운전불이행,건조,맑음,단일로 - 기타,승용,남,47세,상해없음,승용,남,74세,경상
2023031500100019,2023년 3월 15일 03시,수요일,제주특별자치도 서귀포시 서귀동,경상사고,0,0,1,0,차대차 - 정면충돌,직진우회전진행방해,건조,맑음,교차로 - 교차로안,승용,여,30세,상해없음,승용,여,66세,경상
2023031500100050,2023년 3월 15일 06시,수요일,제주특별자치도 제주시 이도일동,부상신고사고,0,0,0,1,차대차 - 측면충돌,안전운전불이행,건조,맑음,교차로 - 교차로안,승용,남,50세,상해없음,이륜,남,25세,부상신고
2023031500100073,2023년 3월 15일 07시,수요일,제주특별자치도 서귀포시 토평동,중상사고,0,1,0,0,차대차 - 측면충돌,신호위반,건조,맑음,교차로 - 교차로안,승용,남,81세,상해없음,원동기,남,45세,중상
2023031500100143,2023년 3월 15일 09시,수요일,제주특별자치도 제주시 한림읍,중상사고,0,1,0,0,차대차 - 기타,안전운전불이행,건조,맑음,교차로 - 교차로부근,승용,남,71세,상해없음,개인형이동수단(PM),여,43세,중상
2023031500100171,2023년 3월 15일 10시,수요일,제주특별자치도 제주시 건입동,중상사고,0,1,0,0,차대차 - 측면충돌,교차로운행방법위반,건조,맑음,교차로 - 교차로안,이륜,남,49세,중상,화물,남,61세,상해없음
2023031500100220,2023년 3월 15일 12시,수요일,제주특별자치도 제주시 이도이동,중상사고,0,1,0,0,차대차 - 측면충돌,중앙선침범,건조,맑음,단일로 - 기타,승용,여,73세,상해없음,이륜,남,32세,중상
2023031500100221,2023년 3월 15일 12시,수요일,제주특별자치도 서귀포시 성산읍,중상사고,0,1,0,0,차대차 - 기타,안전거리미확보,건조,맑음,단일로 - 기타,이륜,여,76세,중상,화물,남,47세,상해없음
2023031500100272,2023년 3월 15일 14시,수요일,제주특별자치도 제주시 노형동,경상사고,0,0,1,0,차대사람 - 횡단중,보행자보호의무위반,건조,맑음,교차로 - 교차로안,승용,여,48세,상해없음,보행자,여,11세,경상
2023031500100338,2023년 3월 15일 16시,수요일,제주특별자치도 서귀포시 서호동,경상사고,0,0,1,0,차대차 - 추돌,안전운전불이행,건조,맑음,교차로 - 교차로부근,승용,남,64세,상해없음,승용,여,51세,경상
2023031500100409,2023년 3월 15일 18시,수요일,제주특별자치도 제주시 화북일동,경상사고,0,0,1,0,차대차 - 기타,안전운전불이행,건조,맑음,교차로 - 교차로안,개인형이동수단(PM),남,15세,경상,승용,여,64세,상해없음
2023031600100042,2023년 3월 16일 06시,목요일,제주특별자치도 제주시 연동,부상신고사고,0,0,0,1,차대차 - 추돌,안전운전불이행,건조,맑음,단일로 - 기타,승용,남,65세,상해없음,승용,남,53세,상해없음
2023031600100066,2023년 3월 16일 07시,목요일,제주특별자치도 제주시 오라이동,중상사고,0,1,0,0,차대차 - 추돌,안전운전불이행,건조,맑음,교차로 - 교차로부근,화물,남,49세,중상,화물,남,56세,상해없음
2023031600100105,2023년 3월 16일 08시,목요일,제주특별자치도 제주시 노형동,중상사고,0,1,0,0,차대사람 - 횡단중,안전운전불이행,건조,맑음,단일로 - 기타,승용,남,51세,상해없음,보행자,여,54세,중상
2023031600100137,2023년 3월 16일 09시,목요일,제주특별자치도 서귀포시 토평동,경상사고,0,0,4,1,차대차 - 측면충돌,안전거리미확보,건조,맑음,교차로 - 교차로부근,승용,여,73세,상해없음,승합,남,49세,경상
2023031600100368,2023년 3월 16일 17시,목요일,제주특별자치도 제주시 외도일동,경상사고,0,0,2,0,차대차 - 측면충돌,안전운전불이행,건조,맑음,단일로 - 기타,승용,여,54세,경상,승합,여,41세,경상
2023031600100397,2023년 3월 16일 18시,목요일,제주특별자치도 제주시 애월읍,중상사고,0,1,0,0,차대차 - 정면충돌,중앙선침범,건조,맑음,단일로 - 기타,승용,남,59세,상해없음,화물,남,58세,중상
2023031600100476,2023년 3월 16일 21시,목요일,제주특별자치도 제주시 화북일동,경상사고,0,0,1,0,차대사람 - 기타,안전운전불이행,건조,맑음,기타 - 기타,개인형이동수단(PM),여,15세,상해없음,보행자,남,18세,경상
2023031600100514,2023년 3월 16일 23시,목요일,제주특별자치도 제주시 구좌읍,경상사고,0,0,2,0,차대차 - 추돌,안전운전불이행,건조,맑음,교차로 - 교차로부근,승용,남,58세,기타불명,승용,남,52세,경상
2023031700100019,2023년 3월 17일 01시,금요일,제주특별자치도 서귀포시 안덕면,경상사고,0,0,1,0,차량단독 - 공작물충돌,안전운전불이행,건조,맑음,단일로 - 기타,승용,여,43세,경상,,,,
2023031700100020,2023년 3월 17일 01시,금요일,제주특별자치도 제주시 연동,부상신고사고,0,0,0,1,차대사람 - 차도통행중,기타,건조,맑음,단일로 - 기타,승용,남,51세,상해없음,보행자,남,30세,부상신고
2023031700100109,2023년 3월 17일 08시,금요일,제주특별자치도 제주시 아라이동,경상사고,0,0,2,0,차대차 - 측면충돌,교차로운행방법위반,건조,흐림,교차로 - 교차로안,승용,남,61세,상해없음,승용,여,65세,경상