사고번호,사고일시,요일,시군구,사고내용,사망자수,중상자수,경상자수,부상신고자수,사고유형,법규위반,노면상태,기상상태,도로형태,가해운전자 차종,가해운전자 성별,가해운전자 연령,가해운전자 상해정도,피해운전자 차종,피해운전자 성별,피해운전자 연령,피해운전자 상해정도
2023031700100289,2023년 3월 17일 14시,금요일,제주특별자치도 서귀포시 강정동,경상사고,0,0,1,0,차대차 - 측면충돌,안전운전불이행,젖음/습기,맑음,단일로 - 기타,화물,남,38세,상해없음,승용,남,50세,경상
2023031700100315,2023년 3월 17일 15시,금요일,제주특별자치도 서귀포시 대정읍,경상사고,0,0,1,0,차대차 - 기타,중앙선침범,건조,맑음,단일로 - 기타,개인형이동수단(PM),남,19세,경상,승용,남,40세,상해없음
2023031700100316,2023년 3월 17일 15시,금요일,제주특별자치도 서귀포시 안덕면,중상사고,0,1,0,0,차량단독 - 공작물충돌,안전운전불이행,젖음/습기,비,단일로 - 기타,승용,남,61세,중상,,,,
2023031700100317,2023년 3월 17일 15시,금요일,제주특별자치도 서귀포시 서귀동,경상사고,0,0,1,0,차대사람 - 횡단중,보행자보호의무위반,젖음/습기,비,기타 - 기타,승용,여,48세,상해없음,보행자,남,13세,경상
2023031700100389,2023년 3월 17일 17시,금요일,제주특별자치도 제주시 건입동,경상사고,0,0,1,0,차대차 - 측면충돌,안전운전불이행,젖음/습기,비,교차로 - 교차로안,이륜,남,66세,경상,승용,여,41세,상해없음
2023031700100440,2023년 3월 17일 18시,금요일,제주특별자치도 제주시 한림읍,부상신고사고,0,0,0,1,차대사람 - 차도통행중,안전운전불이행,젖음/습기,비,교차로 - 교차로안,승용,여,40세,상해없음,보행자,남,72세,부상신고
2023031700100542,2023년 3월 17일 21시,금요일,제주특별자치도 제주시 노형동,경상사고,0,0,1,0,차대차 - 추돌,안전운전불이행,젖음/습기,비,교차로 - 교차로부근,승용,남,47세,기타불명,승용,여,56세,경상
2023031800100013,2023년 3월 18일 01시,토요일,제주특별자치도 제주시 삼도일동,중상사고,0,1,2,0,차대차 - 추돌,신호위반,건조,맑음,교차로 - 교차로안,승용,남,57세,경상,승용,남,46세,경상
2023031800100058,2023년 3월 18일 08시,토요일,제주특별자치도 제주시 구좌읍,중상사고,0,1,0,0,차량단독 - 공작물충돌,안전운전불이행,건조,맑음,단일로 - 기타,승용,여,49세,중상,,,,
2023031800100069,2023년 3월 18일 09시,토요일,제주특별자치도 제주시 오라일동,경상사고,0,0,1,0,차대차 - 정면충돌,안전운전불이행,건조,맑음,단일로 - 기타,승용,남,59세,상해없음,승용,남,58세,상해없음
2023031800100104,2023년 3월 18일 10시,토요일,제주특별자치도 서귀포시 대정읍,중상사고,0,1,0,0,차대사람 - 차도통행중,안전운전불이행,건조,맑음,교차로 - 교차로안,화물,남,38세,상해없음,보행자,여,83세,중상
2023031800100105,2023년 3월 18일 10시,토요일,제주특별자치도 제주시 연동,경상사고,0,0,1,0,차대차 - 기타,안전운전불이행,건조,맑음,교차로 - 교차로부근,승용,남,54세,기타불명,원동기,여,51세,경상
2023031800100143,2023년 3월 18일 11시,토요일,제주특별자치도 제주시 오라이동,경상사고,0,0,1,0,차대차 - 측면충돌,중앙선침범,건조,맑음,단일로 - 기타,승용,여,43세,상해없음,화물,남,35세,경상
2023031800100230,2023년 3월 18일 13시,토요일,제주특별자치도 제주시 구좌읍,부상신고사고,0,0,0,2,차대차 - 기타,안전거리미확보,건조,맑음,단일로 - 기타,승용,여,30세,상해없음,승용,여,55세,부상신고
2023031800100355,2023년 3월 18일 16시,토요일,제주특별자치도 서귀포시 남원읍,경상사고,0,0,1,0,차대차 - 측면충돌,직진우회전진행방해,건조,맑음,교차로 - 교차로안,이륜,남,61세,경상,화물,남,33세,상해없음
2023031800100356,2023년 3월 18일 16시,토요일,제주특별자치도 서귀포시 안덕면,경상사고,0,0,1,0,차대차 - 기타,중앙선침범,건조,맑음,단일로 - 기타,승용,남,26세,상해없음,승용,남,31세,상해없음
2023031800100357,2023년 3월 18일 16시,토요일,제주특별자치도 제주시 연동,부상신고사고,0,0,0,1,차대차 - 측면충돌,직진우회전진행방해,건조,맑음,교차로 - 교차로안,이륜,남,38세,상해없음,이륜,남,38세,부상신고
2023031800100505,2023년 3월 18일 21시,토요일,제주특별자치도 제주시 노형동,경상사고,0,0,2,0,차대차 - 기타,안전운전불이행,건조,맑음,단일로 - 기타,승용,여,51세,경상,승합,남,55세,경상
2023031800100526,2023년 3월 18일 22시,토요일,제주특별자치도 제주시 애월읍,중상사고,0,1,0,0,차대사람 - 횡단중,안전운전불이행,건조,맑음,교차로 - 교차로부근,승용,남,69세,상해없음,보행자,남,53세,중상
2023031900100029,2023년 3월 19일 03시,일요일,제주특별자치도 제주시 한림읍,경상사고,0,0,2,0,차대차 - 추돌,안전운전불이행,건조,맑음,단일로 - 기타,승용,여,51세,상해없음,승용,남,52세,상해없음
2023031900100133,2023년 3월 19일 12시,일요일,제주특별자치도 서귀포시 서호동,경상사고,0,0,4,0,차대차 - 측면충돌,교차로운행방법위반,건조,맑음,교차로 - 교차로안,승용,여,72세,상해없음,승용,여,52세,경상
2023031900100218,2023년 3월 19일 15시,일요일,제주특별자치도 서귀포시 하원동,중상사고,0,1,6,1,차대차 - 추돌,안전운전불이행,건조,맑음,단일로 - 기타,승용,남,58세,부상신고,화물,남,35세,경상
2023031900100297,2023년 3월 19일 18시,일요일,제주특별자치도 제주시 조천읍,중상사고,0,1,0,0,차대차 - 정면충돌,중앙선침범,건조,맑음,단일로 - 기타,승용,남,28세,상해없음,승용,남,48세,중상
2023031900100342,2023년 3월 19일 20시,일요일,제주특별자치도 서귀포시 대정읍,부상신고사고,0,0,0,1,차량단독 - 기타,안전운전불이행,건조,맑음,단일로 - 기타,이륜,남,63세,부상신고,,,,
2023031900100369,2023년 3월 19일 22시,일요일,제주특별자치도 제주시 노형동,중상사고,0,1,0,0,차대차 - 추돌,안전운전불이행,건조,맑음,교차로 - 교차로안,승용,여,39세,상해없음,승용,남,54세,중상
2023032000100039,2023년 3월 20일 06시,월요일,제주특별자치도 제주시 도남동,경상사고,0,0,1,0,차대차 - 측면충돌,안전운전불이행,기타,기타,교차로 - 교차로안,승용,남,27세,상해없음,승용,남,40세,경상
2023032000100063,2023년 3월 20일 07시,월요일,제주특별자치도 제주시 한경면,사망사고,1,0,0,0,차량단독 - 기타,안전운전불이행,건조,맑음,단일로 - 기타,승용,여,54세,사망,,,,
2023032000100112,2023년 3월 20일 08시,월요일,제주특별자치도 제주시 노형동,경상사고,0,0,1,0,차대차 - 기타,신호위반,건조,맑음,교차로 - 교차로안,승용,남,59세,상해없음,승용,남,34세,경상
2023032000100283,2023년 3월 20일 13시,월요일,제주특별자치도 서귀포시 법환동,경상사고,0,0,2,1,차대차 - 기타,교차로운행방법위반,건조,맑음,교차로 - 교차로안,승용,여,29세,부상신고,승용,남,52세,경상
2023032000100379,2023년 3월 20일 16시,월요일,제주특별자치도 제주시 구좌읍,경상사고,0,0,3,0,차대차 - 기타,안전운전불이행,건조,맑음,단일로 - 기타,승용,여,46세,경상,이륜,남,54세,경상
2023032000100457,2023년 3월 20일 18시,월요일,제주특별자치도 제주시 삼도일동,경상사고,0,0,1,0,차대차 - 측면충돌,안전운전불이행,건조,흐림,단일로 - 기타,승용,남,62세,상해없음,자전거,남,55세,경상
2023032000100487,2023년 3월 20일 19시,월요일,제주특별자치도 서귀포시 도순동,부상신고사고,0,0,0,1,차대차 - 측면충돌,안전운전불이행,건조,맑음,기타 - 기타,승용,여,36세,기타불명,승용,남,32세,부상신고
2023032000100488,2023년 3월 20일 19시,월요일,제주특별자치도 제주시 노형동,중상사고,0,1,0,0,차대차 - 기타,신호위반,건조,맑음,교차로 - 교차로안,승용,남,65세,상해없음,이륜,남,37세,중상
2023032100100014,2023년 3월 21일 01시,화요일,제주특별자치도 제주시 연동,경상사고,0,0,1,0,차대사람 - 기타,안전운전불이행,건조,맑음,교차로 - 교차로부근,승용,남,49세,상해없음,보행자,남,37세,경상
2023032100100146,2023년 3월 21일 09시,화요일,제주특별자치도 제주시 오등동,경상사고,0,0,1,0,차대차 - 추돌,중앙선침범,젖음/습기,비,단일로 - 기타,승용,남,51세,상해없음,승용,남,46세,경상
2023032100100147,2023년 3월 21일 09시,화요일,제주특별자치도 제주시 건입동,경상사고,0,0,1,0,차대차 - 추돌,안전거리미확보,건조,맑음,단일로 - 기타,화물,남,32세,상해없음,승용,남,53세,경상
2023032100100196,2023년 3월 21일 11시,화요일,제주특별자치도 제주시 노형동,부상신고사고,0,0,0,1,차대차 - 측면충돌,교차로운행방법위반,건조,맑음,교차로 - 교차로안,승용,남,40세,상해없음,승용,여,62세,부상신고
2023032100100413,2023년 3월 21일 17시,화요일,제주특별자치도 서귀포시 서홍동,중상사고,0,1,0,0,차대사람 - 기타,보행자보호의무위반,건조,맑음,교차로 - 교차로횡단보도내,화물,남,44세,상해없음,보행자,여,85세,중상
2023032100100457,2023년 3월 21일 18시,화요일,제주특별자치도 서귀포시 서호동,경상사고,0,0,6,0,차대차 - 추돌,안전운전불이행,건조,맑음,단일로 - 기타,승용,남,51세,경상,승용,남,62세,경상
2023032100100523,2023년 3월 21일 20시,화요일,제주특별자치도 제주시 화북이동,중상사고,0,2,0,0,차대차 - 정면충돌,신호위반,젖음/습기,흐림,교차로 - 교차로안,화물,남,63세,중상,승용,남,32세,중상
2023032100100547,2023년 3월 21일 21시,화요일,제주특별자치도 제주시 연동,경상사고,0,0,1,0,차대사람 - 횡단중,보행자보호의무위반,건조,기타,교차로 - 교차로횡단보도내,승용,여,31세,상해없음,보행자,남,32세,경상
2023032100100562,2023년 3월 21일 22시,화요일,제주특별자치도 제주시 도평동,중상사고,0,1,0,0,차대사람 - 차도통행중,안전운전불이행,건조,맑음,단일로 - 기타,승용,남,57세,상해없음,보행자,남,57세,중상
2023032200100025,2023년 3월 22일 02시,수요일,제주특별자치도 제주시 이도일동,경상사고,0,0,1,0,차대차 - 추돌,안전운전불이행,건조,맑음,교차로 - 교차로부근,승용,남,58세,상해없음,승용,여,56세,경상
2023032200100106,2023년 3월 22일 08시,수요일,제주특별자치도 서귀포시 동홍동,중상사고,0,1,6,0,차대차 - 기타,안전운전불이행,건조,맑음,단일로 - 기타,승용,여,65세,경상,승합,남,61세,경상
2023032200100133,2023년 3월 22일 09시,수요일,제주특별자치도 서귀포시 서귀동,경상사고,0,0,1,0,차대차 - 측면충돌,차로위반,건조,맑음,교차로 - 교차로안,화물,남,68세,상해없음,승용,여,36세,경상
2023032200100203,2023년 3월 22일 11시,수요일,제주특별자치도 서귀포시 하예동,중상사고,0,1,0,0,차대사람 - 길가장자리구역통행중,안전운전불이행,건조,맑음,단일로 - 기타,원동기,남,83세,상해없음,보행자,여,88세,중상
2023032200100204,2023년 3월 22일 11시,수요일,제주특별자치도 제주시 애월읍,중상사고,0,1,1,0,차대차 - 기타,기타,건조,맑음,교차로 - 교차로안,승용,여,65세,경상,승용,남,38세,중상
2023032200100222,2023년 3월 22일 12시,수요일,제주특별자치도 제주시 구좌읍,중상사고,0,1,0,0,차대차 - 측면충돌,직진우회전진행방해,건조,맑음,교차로 - 교차로안,화물,남,74세,상해없음,원동기,남,85세,중상
2023032200100223,2023년 3월 22일 12시,수요일,제주특별자치도 서귀포시 하예동,경상사고,0,0,3,0,차대차 - 측면충돌,기타,건조,맑음,교차로 - 교차로안,승용,남,46세,경상,승용,여,42세,경상
2023032200100224,2023년 3월 22일 12시,수요일,제주특별자치도 제주시 애월읍,경상사고,0,0,1,0,차대차 - 기타,안전운전불이행,건조,맑음,단일로 - 기타,화물,남,26세,상해없음,승용,여,43세,경상
2023032200100225,2023년 3월 22일 12시,수요일,제주특별자치도 제주시 용담이동,경상사고,0,0,1,0,차량단독 - 기타,안전운전불이행,건조,맑음,단일로 - 기타,승합,남,48세,상해없음,,,,
2023032200100345,2023년 3월 22일 16시,수요일,제주특별자치도 제주시 오라이동,중상사고,0,1,0,0,차대사람 - 기타,안전운전불이행,건조,기타,단일로 - 기타,화물,남,29세,상해없음,보행자,여,75세,중상
2023032200100346,2023년 3월 22일 16시,수요일,제주특별자치도 제주시 삼도일동,경상사고,0,0,1,0,차대사람 - 횡단중,보행자보호의무위반,건조,맑음,교차로 - 교차로부근,승용,남,69세,상해없음,보행자,남,9세,경상
2023032300100075,2023년 3월 23일 07시,목요일,제주특별자치도 제주시 오라일동,경상사고,0,0,1,0,차대사람 - 횡단중,보행자보호의무위반,젖음/습기,흐림,교차로 - 교차로횡단보도내,승용,여,43세,상해없음,보행자,남,33세,경상
2023032300100118,2023년 3월 23일 08시,목요일,제주특별자치도 서귀포시 중문동,경상사고,0,0,1,0,차대사람 - 기타,안전운전불이행,건조,맑음,단일로 - 기타,승용,남,67세,상해없음,보행자,여,14세,경상
2023032300100214,2023년 3월 23일 11시,목요일,제주특별자치도 제주시 도남동,경상사고,0,0,2,0,차대차 - 추돌,신호위반,건조,맑음,교차로 - 교차로부근,승용,남,62세,상해없음,승용,남,57세,경상
2023032300100234,2023년 3월 23일 12시,목요일,제주특별자치도 제주시 구좌읍,경상사고,0,0,1,0,차대차 - 추돌,직진우회전진행방해,건조,맑음,교차로 - 교차로안,이륜,남,75세,경상,승용,남,34세,상해없음
2023032300100235,2023년 3월 23일 12시,목요일,제주특별자치도 제주시 도남동,경상사고,0,0,6,0,차대차 - 추돌,안전운전불이행,건조,맑음,단일로 - 기타,화물,남,52세,상해없음,승용,남,41세,경상
2023032300100405,2023년 3월 23일 17시,목요일,제주특별자치도 제주시 구좌읍,경상사고,0,0,1,0,차대차 - 기타,안전운전불이행,기타,기타,단일로 - 기타,승용,남,41세,상해없음,화물,남,47세,기타불명
2023032300100406,2023년 3월 23일 17시,목요일,제주특별자치도 제주시 한경면,경상사고,0,0,1,0,차량단독 - 공작물충돌,안전운전불이행,건조,맑음,교차로 - 교차로안,화물,남,58세,경상,,,,
2023032300100479,2023년 3월 23일 19시,목요일,제주특별자치도 제주시 노형동,경상사고,0,0,1,0,차대사람 - 기타,보행자보호의무위반,건조,맑음,단일로 - 기타,승용,남,64세,상해없음,보행자,남,37세,경상
2023032300100514,2023년 3월 23일 20시,목요일,제주특별자치도 제주시 도두일동,경상사고,0,0,2,0,차대차 - 추돌,안전운전불이행,건조,맑음,교차로 - 교차로부근,승용,남,34세,상해없음,승합,남,49세,경상
2023032300100538,2023년 3월 23일 21시,목요일,제주특별자치도 제주시 애월읍,경상사고,0,0,1,0,차대차 - 측면충돌,안전운전불이행,건조,맑음,교차로 - 교차로안,승용,남,47세,상해없음,승용,여,50세,경상
2023032300100539,2023년 3월 23일 21시,목요일,제주특별자치도 제주시 해안동,경상사고,0,0,1,0,차대차 - 추돌,안전운전불이행,건조,맑음,교차로 - 교차로부근,승용,남,62세,상해없음,승용,남,62세,상해없음
2023032300100564,2023년 3월 23일 23시,목요일,제주특별자치도 제주시 노형동,경상사고,0,0,1,0,차대차 - 추돌,안전운전불이행,건조,맑음,교차로 - 교차로안,승용,남,73세,상해없음,승용,남,65세,경상
2023032400100110,2023년 3월 24일 08시,금요일,제주특별자치도 제주시 삼도일동,중상사고,0,1,0,0,차대사람 - 횡단중,보행자보호의무위반,건조,맑음,교차로 - 교차로횡단보도내,승용,여,26세,상해없음,보행자,남,62세,중상
2023032400100173,2023년 3월 24일 10시,금요일,제주특별자치도 서귀포시 서귀동,경상사고,0,0,1,0,차대차 - 기타,신호위반,건조,맑음,교차로 - 교차로안,승용,여,60세,상해없음,승용,여,50세,경상
2023032400100327,2023년 3월 24일 14시,금요일,제주특별자치도 서귀포시 서귀동,경상사고,0,0,2,0,차대차 - 측면충돌,안전거리미확보,젖음/습기,비,교차로 - 교차로안,승용,남,58세,상해없음,승용,남,41세,경상
2023032400100328,2023년 3월 24일 14시,금요일,제주특별자치도 서귀포시 안덕면,경상사고,0,0,2,0,차대차 - 추돌,안전운전불이행,건조,맑음,교차로 - 교차로부근,승용,남,44세,상해없음,승용,남,36세,경상
2023032400100358,2023년 3월 24일 15시,금요일,제주특별자치도 제주시 연동,경상사고,0,0,1,0,차대차 - 추돌,안전운전불이행,건조,맑음,단일로 - 기타,승용,남,52세,상해없음,승용,남,25세,경상
2023032400100452,2023년 3월 24일 17시,금요일,제주특별자치도 제주시 도련이동,경상사고,0,0,1,0,차대차 - 추돌,안전운전불이행,젖음/습기,비,단일로 - 기타,이륜,여,22세,경상,승합,남,58세,상해없음
2023032400100453,2023년 3월 24일 17시,금요일,제주특별자치도 서귀포시 남원읍,중상사고,0,1,0,0,차대차 - 측면충돌,신호위반,젖음/습기,비,교차로 - 교차로안,승용,남,65세,상해없음,승용,여,41세,중상
2023032400100496,2023년 3월 24일 18시,금요일,제주특별자치도 제주시 삼도일동,중상사고,0,1,0,0,차대차 - 기타,안전거리미확보,젖음/습기,비,교차로 - 교차로부근,승용,남,81세,상해없음,이륜,남,28세,중상
2023032400100497,2023년 3월 24일 18시,금요일,제주특별자치도 서귀포시 성산읍,경상사고,0,0,1,0,차대차 - 측면충돌,안전운전불이행,젖음/습기,비,단일로 - 기타,승용,여,43세,상해없음,승용,여,42세,경상
2023032400100543,2023년 3월 24일 19시,금요일,제주특별자치도 제주시 이도이동,중상사고,0,1,0,0,차대사람 - 횡단중,안전운전불이행,젖음/습기,비,단일로 - 기타,승용,여,20세,상해없음,보행자,남,69세,중상
2023032400100544,2023년 3월 24일 19시,금요일,제주특별자치도 제주시 영평동,중상사고,0,3,1,0,차대차 - 측면충돌,신호위반,젖음/습기,기타,교차로 - 교차로안,승용,남,45세,중상,승용,남,53세,경상
2023032400100545,2023년 3월 24일 19시,금요일,제주특별자치도 제주시 화북이동,중상사고,0,1,1,0,차대차 - 정면충돌,안전운전불이행,젖음/습기,비,단일로 - 기타,승용,남,34세,상해없음,승용,남,55세,중상
2023032400100546,2023년 3월 24일 19시,금요일,제주특별자치도 서귀포시 동홍동,경상사고,0,0,1,0,차대사람 - 횡단중,안전운전불이행,건조,맑음,기타 - 기타,승용,여,65세,상해없음,보행자,남,14세,경상
2023032400100605,2023년 3월 24일 21시,금요일,제주특별자치도 제주시 연동,경상사고,0,0,1,0,차대사람 - 기타,안전운전불이행,젖음/습기,비,단일로 - 기타,승용,남,26세,상해없음,보행자,남,39세,경상
2023032400100647,2023년 3월 24일 23시,금요일,제주특별자치도 제주시 애월읍,경상사고,0,0,1,0,차대차 - 정면충돌,중앙선침범,젖음/습기,비,단일로 - 기타,승용,여,40세,상해없음,승용,남,75세,경상
2023032500100006,2023년 3월 25일 00시,토요일,제주특별자치도 제주시 이도일동,부상신고사고,0,0,0,1,차량단독 - 공작물충돌,안전운전불이행,젖음/습기,비,교차로 - 교차로횡단보도내,개인형이동수단(PM),남,25세,부상신고,,,,
2023032500100037,2023년 3월 25일 03시,토요일,제주특별자치도 제주시 연동,부상신고사고,0,0,0,1,차대차 - 측면충돌,안전운전불이행,젖음/습기,비,단일로 - 기타,승용,남,52세,상해없음,이륜,남,17세,부상신고
2023032500100227,2023년 3월 25일 13시,토요일,제주특별자치도 제주시 아라일동,사망사고,1,0,0,0,차량단독 - 공작물충돌,안전운전불이행,젖음/습기,비,단일로 - 기타,승용,여,66세,사망,,,,
2023032500100321,2023년 3월 25일 16시,토요일,제주특별자치도 서귀포시 성산읍,중상사고,0,1,0,0,차대차 - 기타,안전거리미확보,건조,맑음,단일로 - 기타,화물,남,44세,상해없음,승용,여,63세,중상
2023032500100362,2023년 3월 25일 17시,토요일,제주특별자치도 제주시 용담이동,경상사고,0,0,1,0,차대차 - 정면충돌,중앙선침범,건조,맑음,단일로 - 기타,승용,남,60세,상해없음,승용,여,38세,경상
2023032500100393,2023년 3월 25일 18시,토요일,제주특별자치도 서귀포시 남원읍,경상사고,0,0,3,0,차대차 - 측면충돌,직진우회전진행방해,건조,맑음,교차로 - 교차로안,승용,여,37세,경상,승용,남,23세,경상
2023032500100446,2023년 3월 25일 20시,토요일,제주특별자치도 제주시 삼도일동,경상사고,0,0,1,0,차대사람 - 횡단중,안전운전불이행,젖음/습기,비,교차로 - 교차로안,승용,남,38세,상해없음,보행자,남,60세,경상
2023032500100510,2023년 3월 25일 23시,토요일,제주특별자치도 서귀포시 서귀동,경상사고,0,0,1,0,차대사람 - 길가장자리구역통행중,안전운전불이행,건조,맑음,교차로 - 교차로안,승용,남,36세,기타불명,보행자,여,20세,경상
2023032600100149,2023년 3월 26일 12시,일요일,제주특별자치도 서귀포시 대정읍,경상사고,0,0,1,0,차량단독 - 기타,안전운전불이행,건조,맑음,단일로 - 기타,승용,남,29세,경상,,,,
2023032600100224,2023년 3월 26일 14시,일요일,제주특별자치도 서귀포시 대정읍,부상신고사고,0,0,0,1,차대차 - 측면충돌,안전운전불이행,건조,맑음,교차로 - 교차로안,승용,남,46세,상해없음,원동기,여,84세,부상신고
2023032600100273,2023년 3월 26일 15시,일요일,제주특별자치도 제주시 구좌읍,부상신고사고,0,0,0,1,차대차 - 기타,기타,건조,맑음,단일로 - 기타,승용,여,28세,상해없음,승용,남,54세,상해없음
2023032600100274,2023년 3월 26일 15시,일요일,제주특별자치도 서귀포시 남원읍,중상사고,0,1,0,0,차대차 - 측면충돌,직진우회전진행방해,건조,맑음,교차로 - 교차로안,승용,여,24세,상해없음,이륜,남,49세,중상
2023032600100275,2023년 3월 26일 15시,일요일,제주특별자치도 서귀포시 표선면,중상사고,0,2,0,0,차대차 - 기타,중앙선침범,건조,맑음,교차로 - 교차로횡단보도내,승용,남,70세,상해없음,승용,남,31세,중상
2023032600100387,2023년 3월 26일 19시,일요일,제주특별자치도 제주시 노형동,경상사고,0,0,1,0,차대차 - 측면충돌,안전운전불이행,건조,기타,교차로 - 교차로안,승용,여,23세,상해없음,승용,남,31세,경상
2023032700100022,2023년 3월 27일 04시,월요일,제주특별자치도 제주시 연동,경상사고,0,0,1,0,차대차 - 정면충돌,중앙선침범,건조,맑음,교차로 - 교차로부근,승용,남,22세,상해없음,승용,남,58세,경상
2023032700100214,2023년 3월 27일 12시,월요일,제주특별자치도 서귀포시 남원읍,경상사고,0,0,1,0,차대차 - 측면충돌,교차로운행방법위반,건조,맑음,교차로 - 교차로부근,승용,여,66세,상해없음,원동기,남,28세,경상
2023032700100247,2023년 3월 27일 13시,월요일,제주특별자치도 서귀포시 호근동,경상사고,0,0,2,0,차대차 - 측면충돌,직진우회전진행방해,건조,맑음,교차로 - 교차로안,승용,여,44세,경상,승용,여,64세,경상
2023032700100248,2023년 3월 27일 13시,월요일,제주특별자치도 제주시 노형동,경상사고,0,0,2,0,차대차 - 측면충돌,직진우회전진행방해,건조,맑음,교차로 - 교차로안,승용,여,37세,경상,승용,여,52세,경상
2023032700100448,2023년 3월 27일 18시,월요일,제주특별자치도 제주시 이도이동,경상사고,0,0,1,0,차대차 - 기타,안전거리미확보,건조,맑음,단일로 - 기타,승용,여,46세,상해없음,승용,남,67세,상해없음
2023032700100449,2023년 3월 27일 18시,월요일,제주특별자치도 서귀포시 강정동,경상사고,0,0,3,2,차대차 - 측면충돌,직진우회전진행방해,건조,맑음,교차로 - 교차로안,승용,남,37세,상해없음,승용,여,53세,경상
2023032700100450,2023년 3월 27일 18시,월요일,제주특별자치도 서귀포시 상예동,경상사고,0,0,1,0,차대차 - 기타,신호위반,건조,맑음,교차로 - 교차로안,승용,여,25세,상해없음,승합,남,56세,상해없음
2023032800100006,2023년 3월 28일 00시,화요일,제주특별자치도 제주시 아라이동,경상사고,0,0,4,0,차대차 - 추돌,안전운전불이행,건조,맑음,단일로 - 기타,승용,남,38세,상해없음,승용,남,22세,경상
2023032800100026,2023년 3월 28일 04시,화요일,제주특별자치도 제주시 노형동,중상사고,0,1,0,0,차대사람 - 횡단중,안전운전불이행,건조,기타,교차로 - 교차로부근,승용,남,59세,상해없음,보행자,여,76세,중상
2023032800100035,2023년 3월 28일 05시,화요일,제주특별자치도 서귀포시 안덕면,부상신고사고,0,0,0,1,차대차 - 추돌,안전운전불이행,건조,맑음,단일로 - 기타,화물,남,47세,부상신고,승합,남,63세,기타불명
2023032800100069,2023년 3월 28일 07시,화요일,제주특별자치도 제주시 화북이동,중상사고,0,1,1,0,차대차 - 추돌,안전운전불이행,건조,맑음,교차로 - 교차로횡단보도내,화물,남,69세,상해없음,화물,남,41세,경상
2023032800100070,2023년 3월 28일 07시,화요일,제주특별자치도 서귀포시 성산읍,경상사고,0,0,1,0,차대차 - 측면충돌,안전운전불이행,건조,맑음,단일로 - 기타,원동기,여,91세,경상,승용,남,69세,상해없음
2023032800100184,2023년 3월 28일 10시,화요일,제주특별자치도 제주시 오라삼동,중상사고,0,1,0,0,차대사람 - 기타,안전운전불이행,건조,맑음,단일로 - 기타,승용,여,68세,상해없음,보행자,여,67세,중상
2023032800100222,2023년 3월 28일 11시,화요일,제주특별자치도 제주시 일도이동,경상사고,0,0,1,0,차대차 - 기타,안전운전불이행,건조,맑음,교차로 - 교차로안,개인형이동수단(PM),여,32세,경상,승용,남,67세,상해없음
2023032800100254,2023년 3월 28일 12시,화요일,제주특별자치도 제주시 한림읍,경상사고,0,0,1,0,차대차 - 기타,안전운전불이행,건조,맑음,단일로 - 기타,화물,남,54세,상해없음,승용,남,79세,경상
2023032800100311,2023년 3월 28일 14시,화요일,제주특별자치도 서귀포시 신효동,중상사고,0,1,1,0,차대차 - 측면충돌,교차로운행방법위반,건조,맑음,교차로 - 교차로안,건설기계,남,56세,상해없음,승용,여,61세,경상
2023032800100347,2023년 3월 28일 15시,화요일,제주특별자치도 제주시 애월읍,경상사고,0,0,2,0,차대차 - 추돌,안전운전불이행,건조,맑음,단일로 - 기타,건설기계,남,45세,상해없음,승용,남,31세,경상
2023032800100390,2023년 3월 28일 16시,화요일,제주특별자치도 서귀포시 동홍동,경상사고,0,0,1,0,차대사람 - 횡단중,안전운전불이행,건조,맑음,교차로 - 교차로안,승합,남,54세,상해없음,보행자,여,65세,경상
2023032800100469,2023년 3월 28일 18시,화요일,제주특별자치도 제주시 건입동,경상사고,0,0,1,0,차대차 - 기타,안전운전불이행,건조,맑음,교차로 - 교차로안,승용,여,38세,상해없음,승합,남,53세,상해없음
2023032800100470,2023년 3월 28일 18시,화요일,제주특별자치도 제주시 아라일동,중상사고,0,1,0,0,차대차 - 측면충돌,안전운전불이행,건조,맑음,단일로 - 기타,승용,남,36세,상해없음,승용,여,28세,중상
2023032800100471,2023년 3월 28일 18시,화요일,제주특별자치도 서귀포시 안덕면,경상사고,0,0,1,0,차대차 - 추돌,안전거리미확보,건조,맑음,교차로 - 교차로부근,승용,남,26세,상해없음,승용,여,26세,경상
2023032800100472,2023년 3월 28일 18시,화요일,제주특별자치도 제주시 연동,중상사고,0,1,0,0,차대차 - 측면충돌,교차로운행방법위반,건조,맑음,교차로 - 교차로안,승용,여,58세,상해없음,이륜,여,36세,중상
2023032800100532,2023년 3월 28일 20시,화요일,제주특별자치도 제주시 노형동,경상사고,0,0,1,0,차대사람 - 횡단중,보행자보호의무위반,건조,맑음,단일로 - 기타,승용,남,50세,상해없음,보행자,남,11세,경상
2023032800100582,2023년 3월 28일 23시,화요일,제주특별자치도 서귀포시 대정읍,경상사고,0,0,2,0,차대차 - 측면충돌,신호위반,건조,맑음,교차로 - 교차로안,승용,여,19세,상해없음,승용,여,21세,경상
2023032900100105,2023년 3월 29일 08시,수요일,제주특별자치도 서귀포시 신효동,중상사고,0,1,0,0,차대차 - 추돌,안전운전불이행,건조,맑음,단일로 - 기타,승합,여,46세,상해없음,승용,남,29세,중상
2023032900100244,2023년 3월 29일 13시,수요일,제주특별자치도 제주시 용담이동,경상사고,0,0,2,0,차대차 - 기타,신호위반,건조,맑음,교차로 - 교차로안,승용,여,55세,경상,승합,남,51세,상해없음