사고번호,사고일시,요일,시군구,사고내용,사망자수,중상자수,경상자수,부상신고자수,사고유형,법규위반,노면상태,기상상태,도로형태,가해운전자 차종,가해운전자 성별,가해운전자 연령,가해운전자 상해정도,피해운전자 차종,피해운전자 성별,피해운전자 연령,피해운전자 상해정도
2023041000100086,2023년 4월 10일 08시,월요일,제주특별자치도 제주시 이도이동,경상사고,0,0,2,0,차대차 - 측면충돌,신호위반,건조,맑음,교차로 - 교차로안,승용,여,53세,경상,승용,남,45세,경상
2023041000100117,2023년 4월 10일 09시,월요일,제주특별자치도 제주시 해안동,경상사고,0,0,1,1,차대차 - 측면충돌,안전거리미확보,건조,맑음,단일로 - 기타,승용,남,49세,부상신고,승용,남,38세,경상
2023041000100149,2023년 4월 10일 10시,월요일,제주특별자치도 제주시 조천읍,중상사고,0,1,0,0,차대차 - 추돌,안전운전불이행,건조,맑음,교차로 - 교차로부근,화물,남,21세,상해없음,승용,남,50세,중상
2023041000100174,2023년 4월 10일 11시,월요일,제주특별자치도 제주시 한림읍,중상사고,0,1,1,1,차대차 - 측면충돌,신호위반,건조,맑음,교차로 - 교차로안,승용,여,25세,부상신고,승용,남,74세,중상
2023041000100235,2023년 4월 10일 13시,월요일,제주특별자치도 제주시 삼도이동,경상사고,0,0,1,0,차대차 - 측면충돌,안전운전불이행,건조,맑음,단일로 - 기타,승용,남,55세,상해없음,승용,여,61세,경상
2023041000100265,2023년 4월 10일 14시,월요일,제주특별자치도 제주시 월평동,중상사고,0,1,1,0,차대차 - 기타,중앙선침범,건조,맑음,단일로 - 기타,승합,여,52세,상해없음,화물,남,61세,경상
2023041000100308,2023년 4월 10일 15시,월요일,제주특별자치도 제주시 이도이동,경상사고,0,0,1,0,차대차 - 측면충돌,안전거리미확보,건조,맑음,단일로 - 기타,승용,여,50세,상해없음,승용,여,63세,경상
2023041000100309,2023년 4월 10일 15시,월요일,제주특별자치도 서귀포시 서홍동,중상사고,0,1,0,0,차량단독 - 공작물충돌,안전운전불이행,건조,맑음,주차장 - 주차장,승용,여,21세,중상,,,,
2023041000100389,2023년 4월 10일 17시,월요일,제주특별자치도 제주시 노형동,경상사고,0,0,1,0,차대차 - 추돌,안전거리미확보,건조,맑음,단일로 - 기타,승용,남,53세,상해없음,승합,남,48세,경상
2023041000100472,2023년 4월 10일 19시,월요일,제주특별자치도 제주시 이도이동,중상사고,0,1,0,0,차대사람 - 기타,안전운전불이행,건조,맑음,단일로 - 기타,승용,남,67세,상해없음,보행자,남,62세,중상
2023041000100473,2023년 4월 10일 19시,월요일,제주특별자치도 제주시 연동,경상사고,0,0,2,0,차대차 - 기타,안전거리미확보,건조,맑음,단일로 - 기타,승용,남,73세,상해없음,승용,남,29세,경상
2023041000100527,2023년 4월 10일 22시,월요일,제주특별자치도 서귀포시 성산읍,경상사고,0,0,1,0,차대차 - 측면충돌,안전운전불이행,건조,맑음,교차로 - 교차로부근,승용,여,50세,상해없음,승용,여,45세,경상
2023041100100117,2023년 4월 11일 09시,화요일,제주특별자치도 제주시 도두일동,경상사고,0,0,1,0,차대차 - 기타,안전운전불이행,건조,맑음,교차로 - 교차로부근,승합,남,68세,상해없음,승용,남,56세,경상
2023041100100140,2023년 4월 11일 10시,화요일,제주특별자치도 제주시 도련이동,경상사고,0,0,1,0,차대차 - 후진중충돌,안전운전불이행,건조,맑음,단일로 - 기타,화물,남,73세,상해없음,승용,남,68세,상해없음
2023041100100197,2023년 4월 11일 12시,화요일,제주특별자치도 제주시 이도이동,중상사고,0,1,0,0,차대사람 - 길가장자리구역통행중,안전운전불이행,건조,맑음,단일로 - 기타,승용,남,63세,상해없음,보행자,여,54세,중상
2023041100100285,2023년 4월 11일 15시,화요일,제주특별자치도 제주시 우도면,경상사고,0,0,1,0,차대차 - 후진중충돌,안전운전불이행,기타,기타,주차장 - 주차장,승용,여,65세,기타불명,이륜,남,26세,상해없음
2023041100100343,2023년 4월 11일 17시,화요일,제주특별자치도 제주시 조천읍,중상사고,0,4,1,0,차량단독 - 공작물충돌,안전운전불이행,젖음/습기,비,단일로 - 기타,승용,남,70세,경상,,,,
2023041100100420,2023년 4월 11일 19시,화요일,제주특별자치도 제주시 이도이동,경상사고,0,0,1,0,차대차 - 추돌,안전운전불이행,건조,맑음,단일로 - 기타,승용,남,22세,상해없음,승용,남,44세,경상
2023041100100446,2023년 4월 11일 20시,화요일,제주특별자치도 제주시 삼양일동,중상사고,0,1,0,0,차대사람 - 횡단중,안전운전불이행,건조,맑음,단일로 - 기타,승합,남,51세,상해없음,보행자,여,4세,중상
2023041100100447,2023년 4월 11일 20시,화요일,제주특별자치도 제주시 오라삼동,경상사고,0,0,2,0,차대차 - 추돌,안전거리미확보,건조,맑음,단일로 - 기타,승용,남,23세,상해없음,화물,남,36세,경상
2023041200100063,2023년 4월 12일 07시,수요일,제주특별자치도 제주시 오라이동,경상사고,0,0,3,0,차대차 - 측면충돌,안전운전불이행,건조,맑음,교차로 - 교차로안,화물,남,47세,경상,승용,남,42세,경상
2023041200100169,2023년 4월 12일 10시,수요일,제주특별자치도 제주시 아라이동,경상사고,0,0,1,0,차대차 - 측면충돌,안전운전불이행,기타,기타,교차로 - 교차로안,승용,남,56세,상해없음,승용,여,58세,경상
2023041200100170,2023년 4월 12일 10시,수요일,제주특별자치도 서귀포시 서귀동,경상사고,0,0,1,0,차대차 - 측면충돌,안전거리미확보,건조,맑음,교차로 - 교차로안,자전거,남,52세,경상,승용,남,68세,상해없음
2023041200100420,2023년 4월 12일 17시,수요일,제주특별자치도 서귀포시 성산읍,경상사고,0,0,2,0,차대차 - 측면충돌,신호위반,건조,맑음,교차로 - 교차로안,승용,여,30세,상해없음,승용,남,65세,경상
2023041200100421,2023년 4월 12일 17시,수요일,제주특별자치도 서귀포시 서홍동,경상사고,0,0,1,0,차대차 - 측면충돌,직진우회전진행방해,건조,맑음,교차로 - 교차로안,화물,남,45세,상해없음,승용,여,58세,경상
2023041200100460,2023년 4월 12일 18시,수요일,제주특별자치도 서귀포시 강정동,경상사고,0,0,1,0,차대차 - 추돌,안전운전불이행,건조,맑음,단일로 - 기타,화물,남,38세,상해없음,승용,남,42세,경상
2023041200100512,2023년 4월 12일 20시,수요일,제주특별자치도 제주시 애월읍,경상사고,0,0,1,0,차량단독 - 공작물충돌,안전운전불이행,건조,맑음,단일로 - 기타,승용,남,41세,경상,,,,
2023041200100538,2023년 4월 12일 21시,수요일,제주특별자치도 서귀포시 서홍동,경상사고,0,0,1,0,차대차 - 측면충돌,신호위반,건조,맑음,교차로 - 교차로횡단보도내,이륜,남,39세,경상,승용,여,29세,상해없음
2023041300100005,2023년 4월 13일 00시,목요일,제주특별자치도 제주시 도남동,경상사고,0,0,1,0,차량단독 - 기타,안전운전불이행,건조,맑음,단일로 - 기타,승용,남,58세,상해없음,,,,
2023041300100006,2023년 4월 13일 00시,목요일,제주특별자치도 서귀포시 성산읍,경상사고,0,0,1,0,차대사람 - 차도통행중,안전운전불이행,건조,맑음,교차로 - 교차로안,승용,여,51세,상해없음,보행자,남,57세,경상
2023041300100023,2023년 4월 13일 03시,목요일,제주특별자치도 제주시 아라일동,중상사고,0,1,1,0,차대차 - 측면충돌,기타,기타,기타,교차로 - 교차로안,승용,남,45세,중상,승용,남,18세,경상
2023041300100045,2023년 4월 13일 06시,목요일,제주특별자치도 제주시 애월읍,중상사고,0,1,1,0,차대차 - 측면충돌,신호위반,건조,맑음,교차로 - 교차로안,화물,남,57세,상해없음,승용,남,65세,경상
2023041300100209,2023년 4월 13일 11시,목요일,제주특별자치도 제주시 구좌읍,경상사고,0,0,1,0,차대차 - 측면충돌,중앙선침범,건조,맑음,단일로 - 기타,승용,남,60세,상해없음,승용,남,44세,경상
2023041300100264,2023년 4월 13일 13시,목요일,제주특별자치도 제주시 이도이동,경상사고,0,0,1,0,차대차 - 기타,안전운전불이행,건조,맑음,교차로 - 교차로안,기타불명,남,23세,상해없음,자전거,여,28세,경상
2023041300100297,2023년 4월 13일 14시,목요일,제주특별자치도 제주시 건입동,중상사고,0,2,2,0,차대차 - 정면충돌,중앙선침범,건조,맑음,교차로 - 교차로부근,승용,여,59세,상해없음,승용,남,69세,경상
2023041300100360,2023년 4월 13일 16시,목요일,제주특별자치도 제주시 연동,경상사고,0,0,1,0,차대사람 - 기타,안전운전불이행,건조,맑음,단일로 - 기타,승용,여,61세,상해없음,보행자,여,14세,경상
2023041300100361,2023년 4월 13일 16시,목요일,제주특별자치도 제주시 애월읍,경상사고,0,0,2,0,차대차 - 기타,안전운전불이행,건조,맑음,교차로 - 교차로안,승용,남,28세,경상,승용,남,71세,경상
2023041300100442,2023년 4월 13일 18시,목요일,제주특별자치도 서귀포시 강정동,부상신고사고,0,0,0,1,차대사람 - 차도통행중,안전운전불이행,건조,맑음,단일로 - 기타,승용,남,52세,상해없음,보행자,남,11세,부상신고
2023041300100476,2023년 4월 13일 19시,목요일,제주특별자치도 서귀포시 표선면,중상사고,0,2,0,0,차대차 - 측면충돌,교차로운행방법위반,건조,맑음,교차로 - 교차로안,화물,남,60세,상해없음,승합,남,61세,중상
2023041300100511,2023년 4월 13일 20시,목요일,제주특별자치도 제주시 해안동,경상사고,0,0,1,0,차대차 - 측면충돌,안전거리미확보,건조,맑음,교차로 - 교차로안,승용,여,62세,상해없음,승용,남,41세,경상
2023041400100148,2023년 4월 14일 10시,금요일,제주특별자치도 제주시 용담이동,경상사고,0,0,1,0,차대차 - 기타,안전운전불이행,젖음/습기,비,단일로 - 기타,승합,남,33세,상해없음,승용,남,29세,기타불명
2023041400100170,2023년 4월 14일 11시,금요일,제주특별자치도 제주시 애월읍,경상사고,0,0,1,0,차대차 - 추돌,안전운전불이행,젖음/습기,비,단일로 - 기타,승용,남,29세,상해없음,승용,남,40세,경상
2023041400100209,2023년 4월 14일 12시,금요일,제주특별자치도 서귀포시 성산읍,경상사고,0,0,1,0,차대차 - 기타,안전운전불이행,젖음/습기,비,단일로 - 기타,승용,남,72세,상해없음,이륜,남,29세,경상
2023041400100234,2023년 4월 14일 13시,금요일,제주특별자치도 서귀포시 서호동,경상사고,0,0,2,0,차대차 - 측면충돌,안전운전불이행,젖음/습기,비,단일로 - 기타,특수,여,57세,상해없음,승용,남,49세,경상
2023041400100274,2023년 4월 14일 14시,금요일,제주특별자치도 서귀포시 동홍동,중상사고,0,1,1,1,차대차 - 정면충돌,직진우회전진행방해,젖음/습기,비,교차로 - 교차로안,승용,여,38세,중상,승용,여,41세,부상신고
2023041400100275,2023년 4월 14일 14시,금요일,제주특별자치도 서귀포시 남원읍,경상사고,0,0,2,0,차대차 - 측면충돌,기타,젖음/습기,비,교차로 - 교차로안,화물,남,59세,경상,화물,남,63세,상해없음
2023041400100488,2023년 4월 14일 19시,금요일,제주특별자치도 제주시 아라일동,경상사고,0,0,1,0,차대차 - 기타,안전운전불이행,건조,맑음,단일로 - 기타,화물,남,45세,상해없음,승용,남,37세,경상
2023041400100489,2023년 4월 14일 19시,금요일,제주특별자치도 제주시 외도일동,부상신고사고,0,0,0,1,차대사람 - 기타,안전운전불이행,건조,맑음,교차로 - 교차로부근,승용,남,28세,상해없음,보행자,남,19세,부상신고
2023041500100061,2023년 4월 15일 05시,토요일,제주특별자치도 제주시 연동,경상사고,0,0,1,0,차대차 - 후진중충돌,안전운전불이행,젖음/습기,비,교차로 - 교차로부근,화물,남,43세,상해없음,승용,남,54세,경상
2023041500100067,2023년 4월 15일 06시,토요일,제주특별자치도 제주시 용강동,중상사고,0,1,0,0,차대차 - 정면충돌,안전운전불이행,젖음/습기,비,단일로 - 기타,승용,여,25세,상해없음,승용,남,42세,중상
2023041500100127,2023년 4월 15일 09시,토요일,제주특별자치도 제주시 오라일동,중상사고,0,1,0,0,차대차 - 추돌,안전운전불이행,건조,흐림,단일로 - 기타,승용,남,28세,상해없음,화물,남,66세,중상
2023041500100156,2023년 4월 15일 10시,토요일,제주특별자치도 제주시 화북이동,중상사고,0,1,0,0,차량단독 - 기타,안전운전불이행,건조,맑음,교차로 - 교차로부근,원동기,남,77세,중상,,,,
2023041500100192,2023년 4월 15일 11시,토요일,제주특별자치도 제주시 오라이동,경상사고,0,0,1,0,차대차 - 측면충돌,안전거리미확보,건조,맑음,교차로 - 교차로부근,승용,여,47세,상해없음,승용,여,37세,경상
2023041500100304,2023년 4월 15일 14시,토요일,제주특별자치도 제주시 연동,경상사고,0,0,1,1,차량단독 - 기타,기타,건조,맑음,교차로 - 교차로부근,승합,남,50세,상해없음,,,,
2023041500100393,2023년 4월 15일 17시,토요일,제주특별자치도 제주시 연동,경상사고,0,0,2,0,차대차 - 기타,안전운전불이행,건조,맑음,교차로 - 교차로안,승용,남,64세,상해없음,승용,여,41세,경상
2023041500100484,2023년 4월 15일 21시,토요일,제주특별자치도 제주시 연동,경상사고,0,0,1,0,차대차 - 추돌,안전운전불이행,건조,맑음,단일로 - 기타,승용,남,25세,상해없음,승용,남,28세,경상
2023041600100079,2023년 4월 16일 09시,일요일,제주특별자치도 제주시 오라이동,경상사고,0,0,2,0,차대차 - 후진중충돌,안전운전불이행,건조,맑음,교차로 - 교차로부근,화물,남,66세,상해없음,승용,여,27세,경상
2023041600100102,2023년 4월 16일 10시,일요일,제주특별자치도 서귀포시 동홍동,경상사고,0,0,1,0,차대차 - 기타,안전거리미확보,건조,맑음,단일로 - 기타,화물,남,46세,상해없음,이륜,남,32세,경상
2023041600100131,2023년 4월 16일 11시,일요일,제주특별자치도 제주시 오라이동,경상사고,0,0,1,0,차량단독 - 공작물충돌,안전운전불이행,건조,맑음,단일로 - 기타,이륜,남,20세,경상,,,,
2023041600100310,2023년 4월 16일 17시,일요일,제주특별자치도 제주시 용담이동,경상사고,0,0,2,0,차대차 - 추돌,안전운전불이행,건조,맑음,교차로 - 교차로부근,승용,남,31세,상해없음,승용,남,53세,경상
2023041600100330,2023년 4월 16일 18시,일요일,제주특별자치도 제주시 도련일동,경상사고,0,0,1,0,차대차 - 측면충돌,안전거리미확보,건조,맑음,교차로 - 교차로안,승용,여,52세,상해없음,승용,여,59세,경상
2023041600100331,2023년 4월 16일 18시,일요일,제주특별자치도 서귀포시 강정동,경상사고,0,0,1,0,차대차 - 측면충돌,안전운전불이행,건조,맑음,교차로 - 교차로안,이륜,남,48세,경상,승용,남,36세,상해없음
2023041600100356,2023년 4월 16일 19시,일요일,제주특별자치도 제주시 용담일동,경상사고,0,0,1,1,차대차 - 추돌,안전거리미확보,건조,맑음,교차로 - 교차로부근,승용,남,60세,상해없음,화물,남,49세,경상
2023041600100357,2023년 4월 16일 19시,일요일,제주특별자치도 제주시 연동,경상사고,0,0,1,0,차대차 - 측면충돌,안전운전불이행,건조,맑음,교차로 - 교차로횡단보도내,승합,남,44세,상해없음,자전거,남,12세,경상
2023041600100418,2023년 4월 16일 22시,일요일,제주특별자치도 서귀포시 동홍동,경상사고,0,0,1,0,차량단독 - 전도전복 - 전도,안전운전불이행,건조,맑음,교차로 - 교차로안,이륜,남,25세,경상,,,,
2023041600100429,2023년 4월 16일 23시,일요일,제주특별자치도 제주시 한림읍,경상사고,0,0,2,0,차대차 - 기타,신호위반,건조,맑음,기타 - 기타,승용,남,58세,경상,승용,여,59세,경상
2023041700100007,2023년 4월 17일 00시,월요일,제주특별자치도 제주시 구좌읍,경상사고,0,0,1,0,차대차 - 추돌,안전운전불이행,건조,기타,단일로 - 기타,승용,남,28세,경상,농기계,남,48세,상해없음
2023041700100054,2023년 4월 17일 06시,월요일,제주특별자치도 제주시 노형동,경상사고,0,0,1,0,차대차 - 추돌,안전거리미확보,건조,맑음,교차로 - 교차로부근,승용,남,67세,상해없음,승용,남,45세,경상
2023041700100074,2023년 4월 17일 07시,월요일,제주특별자치도 제주시 화북일동,경상사고,0,0,1,0,차대차 - 측면충돌,안전운전불이행,기타,기타,교차로 - 교차로안,승용,남,29세,상해없음,화물,남,63세,경상
2023041700100183,2023년 4월 17일 10시,월요일,제주특별자치도 제주시 구좌읍,경상사고,0,0,1,0,차대차 - 측면충돌,교차로운행방법위반,건조,맑음,교차로 - 교차로부근,이륜,남,29세,경상,승용,여,45세,상해없음
2023041700100260,2023년 4월 17일 12시,월요일,제주특별자치도 서귀포시 토평동,경상사고,0,0,1,0,차대차 - 추돌,안전거리미확보,건조,맑음,단일로 - 기타,승용,남,64세,상해없음,승용,여,62세,상해없음
2023041700100261,2023년 4월 17일 12시,월요일,제주특별자치도 제주시 용담이동,경상사고,0,0,1,0,차대차 - 측면충돌,안전운전불이행,건조,맑음,단일로 - 기타,건설기계,남,36세,상해없음,승용,남,48세,경상
2023041700100292,2023년 4월 17일 13시,월요일,제주특별자치도 서귀포시 성산읍,경상사고,0,0,2,0,차대차 - 추돌,안전거리미확보,건조,맑음,교차로 - 교차로안,승용,남,55세,상해없음,승용,남,64세,경상
2023041700100412,2023년 4월 17일 16시,월요일,제주특별자치도 서귀포시 성산읍,경상사고,0,0,1,0,차대사람 - 기타,기타,건조,맑음,기타 - 기타,승용,남,33세,상해없음,보행자,여,61세,경상
2023041700100493,2023년 4월 17일 18시,월요일,제주특별자치도 제주시 이도이동,부상신고사고,0,0,0,1,차량단독 - 공작물충돌,안전운전불이행,건조,맑음,단일로 - 기타,승용,여,21세,부상신고,,,,
2023041700100531,2023년 4월 17일 19시,월요일,제주특별자치도 서귀포시 안덕면,중상사고,0,1,0,0,차량단독 - 공작물충돌,안전운전불이행,건조,맑음,교차로 - 교차로안,승용,남,80세,중상,,,,
2023041700100607,2023년 4월 17일 23시,월요일,제주특별자치도 제주시 구좌읍,부상신고사고,0,0,0,1,차량단독 - 공작물충돌,안전운전불이행,건조,맑음,단일로 - 기타,화물,남,43세,부상신고,,,,
2023041800100016,2023년 4월 18일 01시,화요일,제주특별자치도 제주시 연동,경상사고,0,0,1,0,차대사람 - 기타,안전운전불이행,건조,흐림,단일로 - 기타,승용,남,33세,상해없음,보행자,남,37세,경상
2023041800100102,2023년 4월 18일 08시,화요일,제주특별자치도 서귀포시 서호동,중상사고,0,1,0,0,차대차 - 측면충돌,기타,건조,흐림,교차로 - 교차로안,승용,여,42세,중상,화물,남,51세,상해없음
2023041800100123,2023년 4월 18일 09시,화요일,제주특별자치도 제주시 연동,경상사고,0,0,1,0,차대사람 - 보도통행중,안전운전불이행,건조,맑음,단일로 - 기타,승용,남,38세,상해없음,보행자,남,55세,경상
2023041800100149,2023년 4월 18일 10시,화요일,제주특별자치도 제주시 한림읍,중상사고,0,1,0,0,차대차 - 기타,직진우회전진행방해,건조,맑음,교차로 - 교차로안,승용,남,54세,상해없음,승용,여,67세,중상
2023041800100171,2023년 4월 18일 11시,화요일,제주특별자치도 제주시 구좌읍,경상사고,0,0,1,0,차량단독 - 공작물충돌,안전운전불이행,건조,맑음,단일로 - 기타,승용,여,23세,경상,,,,
2023041800100231,2023년 4월 18일 13시,화요일,제주특별자치도 서귀포시 서귀동,중상사고,0,1,1,0,차대차 - 기타,직진우회전진행방해,젖음/습기,비,교차로 - 교차로안,승용,여,33세,경상,승용,남,52세,중상
2023041800100260,2023년 4월 18일 14시,화요일,제주특별자치도 제주시 삼도이동,경상사고,0,0,1,0,차대차 - 추돌,안전운전불이행,건조,맑음,단일로 - 기타,이륜,남,63세,경상,승용,남,54세,상해없음
2023041800100329,2023년 4월 18일 16시,화요일,제주특별자치도 서귀포시 남원읍,부상신고사고,0,0,0,2,차량단독 - 공작물충돌,안전운전불이행,건조,맑음,단일로 - 기타,승용,여,38세,상해없음,,,,
2023041800100330,2023년 4월 18일 16시,화요일,제주특별자치도 제주시 연동,경상사고,0,0,1,0,차대차 - 기타,중앙선침범,건조,맑음,단일로 - 기타,승용,남,32세,상해없음,승용,여,49세,경상
2023041900100031,2023년 4월 19일 05시,수요일,제주특별자치도 제주시 연동,중상사고,0,1,0,0,차대사람 - 횡단중,보행자보호의무위반,건조,맑음,교차로 - 교차로횡단보도내,승합,남,63세,상해없음,보행자,남,88세,중상
2023041900100074,2023년 4월 19일 07시,수요일,제주특별자치도 서귀포시 안덕면,부상신고사고,0,0,0,1,차량단독 - 공작물충돌,안전운전불이행,젖음/습기,흐림,교차로 - 교차로부근,화물,남,23세,부상신고,,,,
2023041900100143,2023년 4월 19일 09시,수요일,제주특별자치도 서귀포시 남원읍,경상사고,0,0,1,0,차대차 - 추돌,안전운전불이행,건조,맑음,교차로 - 교차로부근,승용,여,71세,상해없음,승용,여,59세,경상
2023041900100264,2023년 4월 19일 13시,수요일,제주특별자치도 제주시 애월읍,경상사고,0,0,1,0,차대차 - 측면충돌,안전운전불이행,건조,맑음,단일로 - 기타,농기계,남,57세,상해없음,승용,여,38세,경상
2023041900100299,2023년 4월 19일 14시,수요일,제주특별자치도 서귀포시 동홍동,경상사고,0,0,1,0,차대차 - 기타,안전운전불이행,건조,맑음,교차로 - 교차로부근,승용,남,26세,상해없음,승용,여,41세,경상
2023041900100300,2023년 4월 19일 14시,수요일,제주특별자치도 제주시 용담삼동,경상사고,0,0,2,0,차대차 - 측면충돌,중앙선침범,건조,맑음,단일로 - 기타,승용,남,34세,상해없음,승용,남,32세,경상
2023041900100374,2023년 4월 19일 16시,수요일,제주특별자치도 제주시 도남동,경상사고,0,0,1,0,차대차 - 기타,신호위반,건조,맑음,교차로 - 교차로안,승용,여,31세,상해없음,승용,여,66세,경상
2023041900100375,2023년 4월 19일 16시,수요일,제주특별자치도 서귀포시 안덕면,경상사고,0,0,1,1,차대차 - 측면충돌,기타,건조,맑음,교차로 - 교차로안,승용,남,68세,상해없음,승용,여,35세,경상
2023041900100421,2023년 4월 19일 17시,수요일,제주특별자치도 서귀포시 동홍동,경상사고,0,0,1,0,차대차 - 측면충돌,안전운전불이행,건조,흐림,단일로 - 기타,승용,여,53세,상해없음,승용,남,24세,경상
2023041900100506,2023년 4월 19일 19시,수요일,제주특별자치도 제주시 삼도이동,경상사고,0,0,1,0,차대사람 - 횡단중,보행자보호의무위반,건조,맑음,단일로 - 기타,승용,남,59세,상해없음,보행자,남,59세,경상
2023042000100112,2023년 4월 20일 08시,목요일,제주특별자치도 제주시 회천동,경상사고,0,0,1,0,차대차 - 측면충돌,안전운전불이행,건조,맑음,단일로 - 기타,화물,남,47세,상해없음,승용,남,61세,경상
2023042000100113,2023년 4월 20일 08시,목요일,제주특별자치도 서귀포시 남원읍,경상사고,0,0,1,0,차대차 - 기타,안전운전불이행,건조,맑음,교차로 - 교차로부근,승용,남,74세,상해없음,승용,여,57세,경상
2023042000100150,2023년 4월 20일 09시,목요일,제주특별자치도 제주시 오라이동,중상사고,0,2,0,0,차대차 - 추돌,안전운전불이행,건조,맑음,교차로 - 교차로안,화물,남,41세,상해없음,승용,남,68세,상해없음
2023042000100151,2023년 4월 20일 09시,목요일,제주특별자치도 제주시 구좌읍,경상사고,0,0,1,0,차대사람 - 기타,안전운전불이행,건조,맑음,단일로 - 기타,승용,여,68세,상해없음,보행자,여,68세,경상
2023042000100184,2023년 4월 20일 10시,목요일,제주특별자치도 서귀포시 안덕면,경상사고,0,0,1,0,차대차 - 기타,신호위반,건조,맑음,교차로 - 교차로안,승용,남,56세,상해없음,승용,남,65세,경상
2023042000100185,2023년 4월 20일 10시,목요일,제주특별자치도 서귀포시 표선면,부상신고사고,0,0,0,1,차대차 - 측면충돌,안전운전불이행,건조,맑음,교차로 - 교차로안,승용,남,55세,상해없음,원동기,여,81세,부상신고
2023042000100186,2023년 4월 20일 10시,목요일,제주특별자치도 제주시 노형동,경상사고,0,0,1,0,차대차 - 기타,안전운전불이행,건조,맑음,단일로 - 기타,승용,남,74세,상해없음,개인형이동수단(PM),여,30세,경상
2023042000100240,2023년 4월 20일 12시,목요일,제주특별자치도 제주시 이도이동,경상사고,0,0,1,0,차대차 - 기타,안전운전불이행,건조,맑음,단일로 - 기타,화물,남,24세,상해없음,화물,남,35세,경상
2023042000100273,2023년 4월 20일 13시,목요일,제주특별자치도 제주시 용담일동,경상사고,0,0,1,0,차대차 - 측면충돌,안전운전불이행,기타,기타,교차로 - 교차로부근,자전거,남,65세,경상,승용,남,71세,상해없음
2023042000100290,2023년 4월 20일 14시,목요일,제주특별자치도 제주시 연동,부상신고사고,0,0,0,4,차대차 - 측면충돌,안전거리미확보,건조,맑음,단일로 - 기타,승용,남,22세,상해없음,승용,여,27세,부상신고
2023042000100342,2023년 4월 20일 15시,목요일,제주특별자치도 제주시 일도이동,경상사고,0,0,1,0,차대차 - 기타,안전운전불이행,건조,맑음,단일로 - 기타,승합,남,72세,상해없음,승용,여,40세,경상
2023042000100377,2023년 4월 20일 16시,목요일,제주특별자치도 제주시 일도이동,경상사고,0,0,1,0,차대차 - 후진중충돌,안전운전불이행,건조,맑음,단일로 - 기타,승용,여,69세,상해없음,화물,여,58세,기타불명
2023042000100423,2023년 4월 20일 17시,목요일,제주특별자치도 서귀포시 상효동,경상사고,0,0,1,0,차대차 - 기타,안전거리미확보,건조,맑음,단일로 - 기타,승합,남,71세,상해없음,승용,남,57세,경상
2023042000100508,2023년 4월 20일 19시,목요일,제주특별자치도 제주시 외도일동,부상신고사고,0,0,0,1,차대차 - 기타,안전운전불이행,건조,맑음,교차로 - 교차로부근,승용,남,49세,상해없음,자전거,남,15세,부상신고
2023042100100204,2023년 4월 21일 11시,금요일,제주특별자치도 제주시 아라일동,부상신고사고,0,0,0,1,차대차 - 기타,안전운전불이행,건조,맑음,교차로 - 교차로안,승용,남,33세,상해없음,승용,남,74세,부상신고
2023042100100235,2023년 4월 21일 12시,금요일,제주특별자치도 제주시 한림읍,경상사고,0,0,1,0,차대차 - 측면충돌,신호위반,건조,맑음,교차로 - 교차로안,승용,여,69세,상해없음,화물,남,58세,경상
2023042100100507,2023년 4월 21일 18시,금요일,제주특별자치도 서귀포시 대정읍,중상사고,0,1,0,0,차대차 - 정면충돌,신호위반,건조,맑음,교차로 - 교차로횡단보도내,화물,여,56세,상해없음,자전거,남,54세,중상
2023042100100508,2023년 4월 21일 18시,금요일,제주특별자치도 서귀포시 서귀동,경상사고,0,0,1,0,차대차 - 측면충돌,안전운전불이행,건조,맑음,단일로 - 기타,승용,남,76세,상해없음,승용,남,38세,경상
2023042100100509,2023년 4월 21일 18시,금요일,제주특별자치도 제주시 노형동,경상사고,0,0,1,0,차대차 - 기타,안전운전불이행,건조,맑음,교차로 - 교차로부근,승용,남,65세,상해없음,승용,남,37세,경상
2023042100100560,2023년 4월 21일 19시,금요일,제주특별자치도 제주시 한경면,사망사고,1,0,0,0,차대사람 - 차도통행중,안전운전불이행,건조,맑음,단일로 - 기타,승합,남,41세,상해없음,보행자,여,83세,사망
2023042100100561,2023년 4월 21일 19시,금요일,제주특별자치도 제주시 노형동,경상사고,0,0,2,0,차대차 - 기타,안전운전불이행,건조,맑음,단일로 - 기타,승용,남,45세,상해없음,승용,여,35세,경상
2023042100100609,2023년 4월 21일 20시,금요일,제주특별자치도 제주시 도두이동,중상사고,0,2,1,1,차대차 - 측면충돌,신호위반,건조,맑음,교차로 - 교차로안,승용,남,31세,부상신고,승용,남,64세,중상
2023042100100668,2023년 4월 21일 23시,금요일,제주특별자치도 제주시 연동,경상사고,0,0,1,0,차대차 - 후진중충돌,안전운전불이행,젖음/습기,비,교차로 - 교차로부근,승용,남,67세,상해없음,승용,남,37세,경상
2023042200100010,2023년 4월 22일 00시,토요일,제주특별자치도 제주시 연동,경상사고,0,0,1,0,차대차 - 추돌,안전운전불이행,건조,맑음,단일로 - 기타,승용,남,33세,상해없음,승용,남,58세,경상