사고번호,사고일시,요일,시군구,사고내용,사망자수,중상자수,경상자수,부상신고자수,사고유형,법규위반,노면상태,기상상태,도로형태,가해운전자 차종,가해운전자 성별,가해운전자 연령,가해운전자 상해정도,피해운전자 차종,피해운전자 성별,피해운전자 연령,피해운전자 상해정도
2023050400100007,2023년 5월 4일 00시,목요일,제주특별자치도 제주시 용담이동,경상사고,0,0,1,0,차대차 - 기타,안전운전불이행,젖음/습기,비,교차로 - 교차로안,승용,남,73세,상해없음,승용,여,30세,상해없음
2023050400100204,2023년 5월 4일 11시,목요일,제주특별자치도 서귀포시 서귀동,경상사고,0,0,1,0,차대차 - 기타,안전운전불이행,젖음/습기,비,교차로 - 교차로안,화물,남,71세,상해없음,승용,여,26세,경상
2023050400100278,2023년 5월 4일 13시,목요일,제주특별자치도 제주시 한림읍,경상사고,0,0,1,0,차대사람 - 횡단중,안전운전불이행,젖음/습기,비,교차로 - 교차로안,승용,남,72세,상해없음,보행자,여,39세,경상
2023050400100487,2023년 5월 4일 18시,목요일,제주특별자치도 서귀포시 법환동,경상사고,0,0,2,0,차대차 - 기타,교차로운행방법위반,젖음/습기,비,교차로 - 교차로안,승용,여,62세,경상,승용,남,67세,상해없음
2023050500100053,2023년 5월 5일 04시,금요일,제주특별자치도 제주시 오라삼동,경상사고,0,0,1,0,차량단독 - 공작물충돌,기타,건조,기타,단일로 - 기타,승용,남,39세,경상,,,,
2023050500100068,2023년 5월 5일 06시,금요일,제주특별자치도 제주시 건입동,중상사고,0,1,1,0,차대차 - 측면충돌,신호위반,젖음/습기,비,교차로 - 교차로안,승용,남,68세,상해없음,승용,남,23세,기타불명
2023050500100069,2023년 5월 5일 06시,금요일,제주특별자치도 제주시 삼도이동,중상사고,0,1,0,0,차대차 - 추돌,안전운전불이행,젖음/습기,맑음,교차로 - 교차로부근,화물,남,60세,중상,승합,남,55세,상해없음
2023050500100099,2023년 5월 5일 09시,금요일,제주특별자치도 제주시 노형동,경상사고,0,0,3,0,차대차 - 측면충돌,중앙선침범,젖음/습기,비,교차로 - 교차로부근,승용,남,31세,상해없음,승용,남,31세,경상
2023050500100211,2023년 5월 5일 14시,금요일,제주특별자치도 서귀포시 서귀동,경상사고,0,0,1,0,차대차 - 추돌,안전운전불이행,젖음/습기,맑음,교차로 - 교차로안,이륜,남,43세,경상,화물,남,62세,상해없음
2023050500100235,2023년 5월 5일 15시,금요일,제주특별자치도 제주시 연동,경상사고,0,0,2,0,차대사람 - 횡단중,보행자보호의무위반,젖음/습기,흐림,교차로 - 교차로횡단보도내,승용,여,41세,상해없음,보행자,여,34세,경상
2023050500100259,2023년 5월 5일 16시,금요일,제주특별자치도 제주시 이도일동,경상사고,0,0,2,0,차대차 - 기타,안전운전불이행,젖음/습기,비,단일로 - 기타,승용,남,40세,상해없음,승용,남,35세,경상
2023050500100291,2023년 5월 5일 17시,금요일,제주특별자치도 서귀포시 표선면,경상사고,0,0,4,0,차대차 - 정면충돌,중앙선침범,젖음/습기,비,단일로 - 기타,승용,남,29세,상해없음,승용,남,39세,경상
2023050500100292,2023년 5월 5일 17시,금요일,제주특별자치도 서귀포시 안덕면,경상사고,0,0,1,0,차대차 - 기타,중앙선침범,젖음/습기,안개,단일로 - 기타,승용,남,80세,상해없음,승용,남,40세,경상
2023050500100418,2023년 5월 5일 21시,금요일,제주특별자치도 제주시 노형동,경상사고,0,0,1,0,차대차 - 측면충돌,안전거리미확보,건조,기타,단일로 - 기타,승용,여,24세,상해없음,승용,여,34세,경상
2023050600100062,2023년 5월 6일 06시,토요일,제주특별자치도 제주시 노형동,경상사고,0,0,1,0,차대차 - 추돌,안전운전불이행,건조,맑음,교차로 - 교차로부근,승용,남,33세,상해없음,승용,남,21세,경상
2023050600100180,2023년 5월 6일 12시,토요일,제주특별자치도 제주시 용담이동,중상사고,0,1,0,0,차대사람 - 기타,안전운전불이행,건조,맑음,기타 - 기타,승용,남,23세,상해없음,보행자,남,37세,중상
2023050600100273,2023년 5월 6일 15시,토요일,제주특별자치도 서귀포시 남원읍,경상사고,0,0,1,0,차대차 - 추돌,안전거리미확보,건조,맑음,교차로 - 교차로안,승용,여,59세,상해없음,승용,남,56세,상해없음
2023050600100274,2023년 5월 6일 15시,토요일,제주특별자치도 제주시 애월읍,경상사고,0,0,1,0,차대차 - 기타,안전운전불이행,건조,맑음,단일로 - 기타,화물,남,58세,상해없음,승용,기타불명,미분류,기타불명
2023050600100361,2023년 5월 6일 18시,토요일,제주특별자치도 제주시 연동,중상사고,0,1,0,0,차대차 - 기타,안전운전불이행,젖음/습기,비,기타 - 기타,승용,남,77세,기타불명,이륜,남,56세,중상
2023050600100416,2023년 5월 6일 20시,토요일,제주특별자치도 제주시 도남동,경상사고,0,0,1,0,차대차 - 정면충돌,안전운전불이행,건조,맑음,교차로 - 교차로안,승용,남,59세,상해없음,승용,여,57세,경상
2023050600100417,2023년 5월 6일 20시,토요일,제주특별자치도 제주시 애월읍,중상사고,0,1,1,0,차대차 - 추돌,안전거리미확보,건조,맑음,단일로 - 기타,승용,남,39세,경상,승용,남,32세,중상
2023050600100418,2023년 5월 6일 20시,토요일,제주특별자치도 제주시 노형동,중상사고,0,1,0,0,차대차 - 기타,신호위반,젖음/습기,비,교차로 - 교차로안,승용,여,58세,상해없음,원동기,남,20세,중상
2023050600100419,2023년 5월 6일 20시,토요일,제주특별자치도 제주시 용담이동,경상사고,0,0,1,0,차대차 - 기타,안전운전불이행,젖음/습기,비,교차로 - 교차로안,승용,여,59세,기타불명,이륜,남,38세,경상
2023050600100450,2023년 5월 6일 21시,토요일,제주특별자치도 제주시 이도일동,중상사고,0,1,0,0,차대차 - 기타,안전운전불이행,건조,맑음,단일로 - 기타,이륜,남,18세,상해없음,이륜,남,28세,중상
2023050600100471,2023년 5월 6일 22시,토요일,제주특별자치도 제주시 일도이동,경상사고,0,0,1,0,차대차 - 측면충돌,직진우회전진행방해,젖음/습기,흐림,교차로 - 교차로안,승용,남,29세,상해없음,승용,남,58세,경상
2023050600100485,2023년 5월 6일 23시,토요일,제주특별자치도 제주시 아라일동,경상사고,0,0,1,0,차대차 - 측면충돌,안전운전불이행,젖음/습기,비,교차로 - 교차로부근,승용,남,42세,상해없음,이륜,남,27세,경상
2023050700100008,2023년 5월 7일 00시,일요일,제주특별자치도 제주시 아라일동,중상사고,0,1,1,0,차대차 - 정면충돌,신호위반,건조,흐림,교차로 - 교차로안,이륜,남,43세,중상,승용,남,32세,경상
2023050700100067,2023년 5월 7일 08시,일요일,제주특별자치도 서귀포시 중문동,경상사고,0,0,1,0,차량단독 - 기타,기타,건조,맑음,단일로 - 기타,승합,남,67세,상해없음,,,,
2023050700100068,2023년 5월 7일 08시,일요일,제주특별자치도 제주시 연동,부상신고사고,0,0,0,1,차대사람 - 기타,안전운전불이행,젖음/습기,비,단일로 - 기타,기타불명,기타불명,미분류,기타불명,보행자,여,46세,부상신고
2023050700100108,2023년 5월 7일 10시,일요일,제주특별자치도 제주시 아라일동,경상사고,0,0,2,0,차대차 - 측면충돌,안전운전불이행,젖음/습기,비,교차로 - 교차로안,이륜,남,45세,상해없음,승용,남,58세,경상
2023050700100164,2023년 5월 7일 12시,일요일,제주특별자치도 서귀포시 표선면,중상사고,0,1,0,0,차대차 - 측면충돌,기타,젖음/습기,비,교차로 - 교차로안,이륜,여,73세,중상,승용,여,34세,상해없음
2023050700100201,2023년 5월 7일 13시,일요일,제주특별자치도 제주시 해안동,경상사고,0,0,1,0,차대차 - 정면충돌,안전운전불이행,젖음/습기,비,단일로 - 기타,승용,남,28세,상해없음,승용,여,37세,경상
2023050700100257,2023년 5월 7일 15시,일요일,제주특별자치도 서귀포시 성산읍,중상사고,0,1,5,0,차대차 - 측면충돌,기타,젖음/습기,비,교차로 - 교차로안,승용,남,26세,경상,승합,남,77세,상해없음
2023050700100258,2023년 5월 7일 15시,일요일,제주특별자치도 제주시 외도일동,부상신고사고,0,0,0,1,차대차 - 정면충돌,안전운전불이행,건조,맑음,단일로 - 기타,승용,여,47세,부상신고,승용,남,53세,상해없음
2023050700100277,2023년 5월 7일 16시,일요일,제주특별자치도 제주시 화북이동,중상사고,0,2,2,0,차대차 - 측면충돌,안전거리미확보,젖음/습기,흐림,교차로 - 교차로안,승용,남,55세,중상,화물,남,59세,중상
2023050700100278,2023년 5월 7일 16시,일요일,제주특별자치도 제주시 이호이동,경상사고,0,0,2,0,차대차 - 추돌,안전운전불이행,건조,흐림,교차로 - 교차로부근,승용,여,59세,상해없음,승용,여,29세,경상
2023050700100305,2023년 5월 7일 17시,일요일,제주특별자치도 제주시 연동,경상사고,0,0,1,0,차대차 - 기타,불법유턴,젖음/습기,비,교차로 - 교차로횡단보도내,원동기,남,67세,경상,승용,여,53세,상해없음
2023050800100004,2023년 5월 8일 00시,월요일,제주특별자치도 제주시 연동,경상사고,0,0,1,1,차대차 - 정면충돌,직진우회전진행방해,젖음/습기,비,교차로 - 교차로안,이륜,남,48세,부상신고,이륜,남,30세,경상
2023050800100013,2023년 5월 8일 02시,월요일,제주특별자치도 제주시 이도이동,경상사고,0,0,2,0,차대차 - 측면충돌,신호위반,건조,맑음,교차로 - 교차로안,승용,남,58세,상해없음,승용,남,70세,경상
2023050800100045,2023년 5월 8일 06시,월요일,제주특별자치도 제주시 이도이동,경상사고,0,0,1,0,차대사람 - 횡단중,안전운전불이행,건조,맑음,단일로 - 기타,승용,남,82세,상해없음,보행자,여,39세,경상
2023050800100162,2023년 5월 8일 09시,월요일,제주특별자치도 제주시 이도이동,사망사고,1,0,0,0,차대사람 - 횡단중,안전운전불이행,건조,맑음,교차로 - 교차로횡단보도내,승용,남,43세,상해없음,보행자,여,92세,사망
2023050800100163,2023년 5월 8일 09시,월요일,제주특별자치도 제주시 봉개동,경상사고,0,0,1,0,차대사람 - 기타,안전운전불이행,건조,맑음,단일로 - 기타,승합,남,45세,상해없음,보행자,남,67세,경상
2023050800100164,2023년 5월 8일 09시,월요일,제주특별자치도 제주시 화북일동,경상사고,0,0,1,0,차대차 - 기타,직진우회전진행방해,건조,맑음,교차로 - 교차로안,화물,남,37세,상해없음,승용,남,46세,경상
2023050800100165,2023년 5월 8일 09시,월요일,제주특별자치도 제주시 용담이동,중상사고,0,1,0,0,차대사람 - 기타,안전운전불이행,건조,맑음,교차로 - 교차로안,승용,남,25세,상해없음,보행자,여,55세,중상
2023050800100266,2023년 5월 8일 12시,월요일,제주특별자치도 제주시 일도이동,경상사고,0,0,2,0,차대차 - 기타,신호위반,건조,맑음,단일로 - 기타,이륜,남,82세,경상,화물,남,50세,경상
2023050800100267,2023년 5월 8일 12시,월요일,제주특별자치도 서귀포시 표선면,중상사고,0,1,1,0,차대차 - 측면충돌,교차로운행방법위반,건조,맑음,교차로 - 교차로안,이륜,여,73세,경상,이륜,여,75세,중상
2023050800100313,2023년 5월 8일 13시,월요일,제주특별자치도 제주시 애월읍,중상사고,0,2,0,1,차대차 - 측면충돌,안전거리미확보,건조,맑음,단일로 - 기타,화물,남,49세,상해없음,이륜,남,32세,중상
2023050800100361,2023년 5월 8일 14시,월요일,제주특별자치도 제주시 삼도일동,경상사고,0,0,1,0,차대사람 - 길가장자리구역통행중,안전운전불이행,건조,맑음,단일로 - 기타,승용,남,65세,상해없음,보행자,남,58세,경상
2023050800100362,2023년 5월 8일 14시,월요일,제주특별자치도 제주시 구좌읍,경상사고,0,0,1,0,차대차 - 기타,중앙선침범,건조,맑음,단일로 - 기타,승용,여,50세,상해없음,승용,여,61세,경상
2023050800100395,2023년 5월 8일 15시,월요일,제주특별자치도 제주시 이호일동,경상사고,0,0,1,0,차대차 - 기타,중앙선침범,건조,맑음,단일로 - 기타,승용,남,51세,상해없음,승용,남,32세,경상
2023050800100442,2023년 5월 8일 16시,월요일,제주특별자치도 서귀포시 성산읍,경상사고,0,0,1,1,차량단독 - 공작물충돌,안전운전불이행,건조,맑음,단일로 - 기타,승합,남,69세,상해없음,,,,
2023050800100493,2023년 5월 8일 17시,월요일,제주특별자치도 제주시 구좌읍,중상사고,0,1,0,0,차량단독 - 기타,안전운전불이행,건조,맑음,단일로 - 기타,승합,남,54세,기타불명,,,,
2023050800100494,2023년 5월 8일 17시,월요일,제주특별자치도 제주시 노형동,중상사고,0,1,0,0,차대차 - 측면충돌,안전운전불이행,건조,맑음,교차로 - 교차로부근,승용,남,31세,기타불명,이륜,남,25세,중상
2023050800100546,2023년 5월 8일 18시,월요일,제주특별자치도 제주시 조천읍,경상사고,0,0,2,0,차대차 - 기타,직진우회전진행방해,기타,기타,교차로 - 교차로안,승용,여,24세,상해없음,승용,남,56세,경상
2023050800100574,2023년 5월 8일 19시,월요일,제주특별자치도 서귀포시 표선면,중상사고,0,1,0,0,차대차 - 측면충돌,직진우회전진행방해,건조,맑음,교차로 - 교차로안,승용,여,65세,상해없음,이륜,남,41세,중상
2023050800100669,2023년 5월 8일 23시,월요일,제주특별자치도 제주시 삼양이동,경상사고,0,0,1,0,차량단독 - 공작물충돌,안전운전불이행,건조,맑음,교차로 - 교차로부근,승용,남,30세,경상,,,,
2023050800100670,2023년 5월 8일 23시,월요일,제주특별자치도 제주시 애월읍,경상사고,0,0,2,0,차대차 - 측면충돌,안전거리미확보,건조,맑음,교차로 - 교차로부근,승용,여,41세,경상,화물,남,44세,경상
2023050900100216,2023년 5월 9일 11시,화요일,제주특별자치도 제주시 노형동,부상신고사고,0,0,0,2,차대차 - 기타,안전거리미확보,건조,맑음,기타 - 기타,승용,여,63세,기타불명,승합,남,63세,상해없음
2023050900100217,2023년 5월 9일 11시,화요일,제주특별자치도 제주시 용담이동,경상사고,0,0,2,0,차대차 - 측면충돌,신호위반,건조,맑음,교차로 - 교차로안,화물,남,44세,상해없음,승용,여,24세,경상
2023050900100338,2023년 5월 9일 15시,화요일,제주특별자치도 제주시 영평동,경상사고,0,0,2,0,차대차 - 추돌,안전운전불이행,건조,맑음,단일로 - 기타,건설기계,남,34세,상해없음,승용,남,53세,경상
2023050900100339,2023년 5월 9일 15시,화요일,제주특별자치도 제주시 한림읍,중상사고,0,1,1,0,차량단독 - 공작물충돌,안전운전불이행,건조,맑음,단일로 - 기타,승용,여,68세,경상,,,,
2023050900100376,2023년 5월 9일 16시,화요일,제주특별자치도 제주시 삼도일동,경상사고,0,0,2,0,차대차 - 추돌,안전거리미확보,건조,맑음,교차로 - 교차로부근,승용,여,28세,경상,승용,여,53세,경상
2023050900100512,2023년 5월 9일 19시,화요일,제주특별자치도 서귀포시 색달동,경상사고,0,0,1,0,차대차 - 기타,중앙선침범,건조,맑음,단일로 - 기타,승용,여,41세,상해없음,이륜,남,32세,경상
2023051000100061,2023년 5월 10일 07시,수요일,제주특별자치도 제주시 구좌읍,경상사고,0,0,2,0,차대차 - 정면충돌,안전운전불이행,건조,맑음,교차로 - 교차로안,승합,남,29세,경상,화물,남,79세,경상
2023051000100115,2023년 5월 10일 08시,수요일,제주특별자치도 제주시 도남동,경상사고,0,0,1,1,차대차 - 추돌,안전거리미확보,건조,맑음,단일로 - 기타,화물,남,33세,상해없음,승용,여,60세,부상신고
2023051000100201,2023년 5월 10일 10시,수요일,제주특별자치도 제주시 노형동,경상사고,0,0,1,0,차대차 - 측면충돌,교차로운행방법위반,건조,맑음,교차로 - 교차로안,승용,여,43세,상해없음,승용,남,46세,경상
2023051000100233,2023년 5월 10일 11시,수요일,제주특별자치도 제주시 애월읍,경상사고,0,0,1,0,차대차 - 추돌,안전운전불이행,건조,맑음,기타 - 기타,승용,여,46세,상해없음,승용,여,41세,경상
2023051000100331,2023년 5월 10일 14시,수요일,제주특별자치도 제주시 한림읍,경상사고,0,0,1,0,차대차 - 기타,안전운전불이행,건조,맑음,기타 - 기타,화물,남,50세,기타불명,승용,남,41세,경상
2023051000100372,2023년 5월 10일 15시,수요일,제주특별자치도 제주시 조천읍,경상사고,0,0,1,0,차대사람 - 횡단중,보행자보호의무위반,건조,맑음,단일로 - 기타,승용,남,34세,상해없음,보행자,여,81세,경상
2023051000100373,2023년 5월 10일 15시,수요일,제주특별자치도 서귀포시 서홍동,경상사고,0,0,2,0,차대차 - 측면충돌,안전운전불이행,건조,맑음,기타 - 기타,승용,남,62세,상해없음,승용,남,25세,경상
2023051000100476,2023년 5월 10일 17시,수요일,제주특별자치도 제주시 조천읍,경상사고,0,0,1,0,차대차 - 측면충돌,신호위반,건조,맑음,교차로 - 교차로안,승용,여,27세,상해없음,승용,여,45세,경상
2023051000100477,2023년 5월 10일 17시,수요일,제주특별자치도 제주시 애월읍,중상사고,0,1,0,0,차대차 - 측면충돌,안전거리미확보,건조,맑음,단일로 - 기타,승용,남,59세,상해없음,승용,여,33세,중상
2023051000100548,2023년 5월 10일 19시,수요일,제주특별자치도 제주시 노형동,경상사고,0,0,1,1,차대차 - 측면충돌,안전운전불이행,건조,맑음,단일로 - 기타,승용,남,68세,부상신고,승용,여,65세,경상
2023051000100608,2023년 5월 10일 21시,수요일,제주특별자치도 제주시 연동,경상사고,0,0,1,0,차대사람 - 차도통행중,안전운전불이행,건조,맑음,단일로 - 기타,승용,여,42세,상해없음,보행자,남,19세,경상
2023051100100012,2023년 5월 11일 00시,목요일,제주특별자치도 제주시 도남동,중상사고,0,1,0,0,차대사람 - 기타,안전운전불이행,건조,맑음,단일로 - 기타,승용,남,42세,상해없음,보행자,여,27세,중상
2023051100100077,2023년 5월 11일 07시,목요일,제주특별자치도 서귀포시 표선면,경상사고,0,0,2,0,차대차 - 기타,안전운전불이행,건조,맑음,교차로 - 교차로부근,화물,남,33세,경상,화물,남,72세,경상
2023051100100265,2023년 5월 11일 12시,목요일,제주특별자치도 제주시 삼도이동,경상사고,0,0,1,0,차대사람 - 횡단중,보행자보호의무위반,건조,맑음,교차로 - 교차로횡단보도내,승용,여,53세,상해없음,보행자,여,61세,경상
2023051100100291,2023년 5월 11일 13시,목요일,제주특별자치도 서귀포시 남원읍,중상사고,0,1,0,0,차대차 - 기타,교차로운행방법위반,건조,맑음,교차로 - 교차로안,화물,여,67세,상해없음,원동기,여,67세,중상
2023051100100326,2023년 5월 11일 14시,목요일,제주특별자치도 서귀포시 표선면,경상사고,0,0,2,0,차대차 - 기타,기타,건조,맑음,단일로 - 기타,화물,남,44세,상해없음,승용,남,39세,상해없음
2023051100100393,2023년 5월 11일 16시,목요일,제주특별자치도 서귀포시 대정읍,경상사고,0,0,1,0,차대사람 - 횡단중,보행자보호의무위반,건조,맑음,단일로 - 기타,승용,여,28세,상해없음,보행자,여,17세,경상
2023051100100442,2023년 5월 11일 17시,목요일,제주특별자치도 서귀포시 안덕면,경상사고,0,0,1,0,차대차 - 기타,교차로운행방법위반,건조,맑음,단일로 - 기타,승용,여,43세,상해없음,이륜,남,39세,경상
2023051100100622,2023년 5월 11일 23시,목요일,제주특별자치도 제주시 도련일동,경상사고,0,0,1,0,차대차 - 측면충돌,안전운전불이행,건조,맑음,단일로 - 기타,개인형이동수단(PM),남,17세,경상,이륜,남,29세,상해없음
2023051200100027,2023년 5월 12일 04시,금요일,제주특별자치도 제주시 이도이동,중상사고,0,1,0,0,차대차 - 측면충돌,안전운전불이행,건조,맑음,교차로 - 교차로안,개인형이동수단(PM),남,53세,중상,승용,남,48세,상해없음
2023051200100113,2023년 5월 12일 08시,금요일,제주특별자치도 제주시 연동,중상사고,0,1,1,0,차대차 - 기타,안전거리미확보,건조,맑음,교차로 - 교차로안,승용,여,59세,중상,승용,남,24세,경상
2023051200100114,2023년 5월 12일 08시,금요일,제주특별자치도 제주시 용담이동,경상사고,0,0,1,0,차대차 - 측면충돌,안전운전불이행,건조,맑음,단일로 - 기타,승용,남,32세,경상,승합,남,60세,상해없음
2023051200100149,2023년 5월 12일 09시,금요일,제주특별자치도 제주시 연동,경상사고,0,0,1,0,차대차 - 추돌,안전운전불이행,건조,맑음,교차로 - 교차로부근,승용,남,51세,상해없음,승용,여,41세,경상
2023051200100251,2023년 5월 12일 12시,금요일,제주특별자치도 제주시 오라이동,경상사고,0,0,1,0,차대차 - 후진중충돌,안전운전불이행,건조,맑음,교차로 - 교차로안,승용,여,54세,상해없음,승용,여,27세,경상
2023051200100252,2023년 5월 12일 12시,금요일,제주특별자치도 서귀포시 신효동,부상신고사고,0,0,0,4,차량단독 - 공작물충돌,안전운전불이행,건조,맑음,단일로 - 기타,승용,남,52세,기타불명,,,,
2023051200100253,2023년 5월 12일 12시,금요일,제주특별자치도 제주시 외도일동,경상사고,0,0,2,0,차대차 - 기타,안전운전불이행,건조,맑음,단일로 - 기타,승용,남,64세,상해없음,승용,여,63세,경상
2023051200100290,2023년 5월 12일 13시,금요일,제주특별자치도 제주시 오라일동,경상사고,0,0,1,0,차대차 - 추돌,안전운전불이행,건조,맑음,단일로 - 기타,승용,남,65세,상해없음,승합,여,50세,경상
2023051200100291,2023년 5월 12일 13시,금요일,제주특별자치도 제주시 도두일동,경상사고,0,0,1,0,차대사람 - 차도통행중,안전운전불이행,건조,맑음,단일로 - 기타,화물,여,73세,상해없음,보행자,여,81세,경상
2023051200100368,2023년 5월 12일 15시,금요일,제주특별자치도 제주시 용담이동,부상신고사고,0,0,0,1,차대차 - 측면충돌,안전운전불이행,건조,맑음,단일로 - 기타,승용,남,72세,상해없음,승합,남,44세,부상신고
2023051200100402,2023년 5월 12일 16시,금요일,제주특별자치도 제주시 삼도일동,중상사고,0,1,0,0,차대사람 - 횡단중,안전운전불이행,건조,맑음,단일로 - 기타,승용,남,69세,기타불명,보행자,여,76세,중상
2023051200100545,2023년 5월 12일 19시,금요일,제주특별자치도 제주시 용담일동,경상사고,0,0,4,0,차대차 - 추돌,안전운전불이행,건조,기타,단일로 - 기타,승용,남,70세,상해없음,승용,남,32세,경상
2023051200100597,2023년 5월 12일 21시,금요일,제주특별자치도 서귀포시 안덕면,경상사고,0,0,1,0,차량단독 - 공작물충돌,안전운전불이행,건조,맑음,단일로 - 기타,승용,여,29세,경상,,,,
2023051200100625,2023년 5월 12일 22시,금요일,제주특별자치도 제주시 도남동,중상사고,0,1,0,0,차대사람 - 차도통행중,안전운전불이행,젖음/습기,흐림,교차로 - 교차로안,승용,남,51세,상해없음,보행자,남,46세,중상
2023051300100039,2023년 5월 13일 03시,토요일,제주특별자치도 제주시 이도이동,중상사고,0,1,1,0,차대차 - 측면충돌,신호위반,젖음/습기,비,교차로 - 교차로안,승용,남,68세,상해없음,승용,남,62세,경상
2023051300100040,2023년 5월 13일 03시,토요일,제주특별자치도 제주시 애월읍,경상사고,0,0,1,0,차량단독 - 공작물충돌,안전운전불이행,건조,맑음,단일로 - 기타,승용,남,21세,경상,,,,
2023051300100128,2023년 5월 13일 09시,토요일,제주특별자치도 제주시 일도이동,경상사고,0,0,2,0,차대차 - 측면충돌,직진우회전진행방해,젖음/습기,비,교차로 - 교차로안,화물,남,63세,경상,승용,남,23세,경상
2023051300100129,2023년 5월 13일 09시,토요일,제주특별자치도 서귀포시 대정읍,부상신고사고,0,0,0,1,차대차 - 기타,중앙선침범,건조,맑음,교차로 - 교차로안,원동기,남,68세,부상신고,승용,남,40세,상해없음
2023051300100236,2023년 5월 13일 12시,토요일,제주특별자치도 제주시 노형동,부상신고사고,0,0,0,1,차대차 - 측면충돌,안전운전불이행,건조,맑음,기타 - 기타,화물,남,68세,상해없음,이륜,남,30세,부상신고
2023051300100331,2023년 5월 13일 14시,토요일,제주특별자치도 제주시 삼도일동,중상사고,0,1,0,0,차대차 - 정면충돌,직진우회전진행방해,건조,맑음,교차로 - 교차로안,이륜,남,66세,중상,승용,여,53세,상해없음
2023051300100332,2023년 5월 13일 14시,토요일,제주특별자치도 서귀포시 남원읍,경상사고,0,0,1,0,차대사람 - 기타,안전운전불이행,건조,맑음,단일로 - 기타,승합,남,60세,상해없음,보행자,여,67세,경상
2023051300100396,2023년 5월 13일 16시,토요일,제주특별자치도 제주시 연동,경상사고,0,0,2,0,차대사람 - 기타,교차로운행방법위반,건조,맑음,교차로 - 교차로횡단보도내,승용,남,40세,상해없음,보행자,여,60세,경상
2023051300100468,2023년 5월 13일 18시,토요일,제주특별자치도 제주시 삼도일동,경상사고,0,0,1,0,차대차 - 추돌,안전운전불이행,건조,맑음,단일로 - 기타,승용,여,59세,상해없음,화물,남,57세,경상
2023051300100517,2023년 5월 13일 20시,토요일,제주특별자치도 제주시 용담이동,경상사고,0,0,1,0,차대차 - 기타,안전거리미확보,건조,맑음,교차로 - 교차로안,화물,남,59세,상해없음,승용,여,25세,경상
2023051400100035,2023년 5월 14일 04시,일요일,제주특별자치도 서귀포시 대정읍,중상사고,0,1,0,0,차대차 - 측면충돌,기타,건조,맑음,교차로 - 교차로안,승용,남,70세,상해없음,승용,여,60세,중상
2023051400100145,2023년 5월 14일 12시,일요일,제주특별자치도 제주시 한림읍,중상사고,0,2,0,0,차대차 - 측면충돌,직진우회전진행방해,건조,맑음,교차로 - 교차로안,승용,남,34세,상해없음,승용,여,73세,중상
2023051400100146,2023년 5월 14일 12시,일요일,제주특별자치도 제주시 노형동,경상사고,0,0,1,0,차대차 - 기타,안전운전불이행,건조,맑음,기타 - 기타,이륜,남,36세,상해없음,승용,여,66세,경상
2023051400100223,2023년 5월 14일 14시,일요일,제주특별자치도 제주시 한림읍,중상사고,0,1,0,0,차대차 - 기타,안전운전불이행,건조,맑음,교차로 - 교차로안,이륜,여,76세,중상,승용,여,49세,상해없음
2023051400100262,2023년 5월 14일 15시,일요일,제주특별자치도 제주시 노형동,경상사고,0,0,1,0,차대차 - 측면충돌,신호위반,건조,맑음,교차로 - 교차로안,승용,남,68세,상해없음,승용,남,31세,경상
2023051400100335,2023년 5월 14일 17시,일요일,제주특별자치도 제주시 애월읍,경상사고,0,0,1,0,차대차 - 추돌,안전운전불이행,건조,맑음,단일로 - 기타,승용,여,55세,상해없음,승용,남,66세,경상
2023051400100362,2023년 5월 14일 18시,일요일,제주특별자치도 서귀포시 안덕면,경상사고,0,0,1,0,차대차 - 측면충돌,안전운전불이행,건조,맑음,단일로 - 기타,화물,남,75세,상해없음,승용,남,44세,경상
2023051400100428,2023년 5월 14일 20시,일요일,제주특별자치도 제주시 오라이동,중상사고,0,1,0,0,차대차 - 기타,안전운전불이행,건조,흐림,교차로 - 교차로안,승용,남,21세,상해없음,승용,남,30세,중상
2023051500100012,2023년 5월 15일 03시,월요일,제주특별자치도 제주시 연동,경상사고,0,0,1,1,차대차 - 측면충돌,안전운전불이행,건조,맑음,교차로 - 교차로안,승용,여,23세,부상신고,승용,남,28세,상해없음
2023051500100177,2023년 5월 15일 10시,월요일,제주특별자치도 서귀포시 대포동,중상사고,0,1,0,0,차대사람 - 길가장자리구역통행중,안전운전불이행,건조,맑음,단일로 - 기타,승용,남,42세,상해없음,보행자,남,42세,중상
2023051500100178,2023년 5월 15일 10시,월요일,제주특별자치도 제주시 이호이동,경상사고,0,0,1,1,차대차 - 기타,안전거리미확보,건조,맑음,단일로 - 기타,승용,여,33세,부상신고,승용,여,40세,경상
2023051500100282,2023년 5월 15일 13시,월요일,제주특별자치도 서귀포시 색달동,경상사고,0,0,1,1,차대차 - 후진중충돌,안전운전불이행,건조,맑음,단일로 - 기타,승용,여,65세,상해없음,승용,남,21세,경상
2023051500100320,2023년 5월 15일 14시,월요일,제주특별자치도 제주시 한림읍,경상사고,0,0,1,0,차대차 - 측면충돌,교차로운행방법위반,젖음/습기,흐림,교차로 - 교차로안,화물,남,60세,상해없음,승용,여,25세,경상
2023051500100356,2023년 5월 15일 15시,월요일,제주특별자치도 제주시 도남동,경상사고,0,0,1,0,차대차 - 추돌,안전운전불이행,건조,맑음,교차로 - 교차로부근,승용,여,55세,상해없음,승용,남,43세,경상