사고번호,사고일시,요일,시군구,사고내용,사망자수,중상자수,경상자수,부상신고자수,사고유형,법규위반,노면상태,기상상태,도로형태,가해운전자 차종,가해운전자 성별,가해운전자 연령,가해운전자 상해정도,피해운전자 차종,피해운전자 성별,피해운전자 연령,피해운전자 상해정도
2023051500100391,2023년 5월 15일 16시,월요일,제주특별자치도 서귀포시 동홍동,경상사고,0,0,1,0,차대차 - 측면충돌,안전거리미확보,건조,맑음,교차로 - 교차로부근,승용,남,63세,상해없음,화물,남,31세,경상
2023051500100442,2023년 5월 15일 17시,월요일,제주특별자치도 제주시 화북이동,경상사고,0,0,1,0,차대차 - 정면충돌,안전운전불이행,건조,맑음,교차로 - 교차로안,승용,여,38세,상해없음,승용,여,32세,경상
2023051500100485,2023년 5월 15일 18시,월요일,제주특별자치도 제주시 이도이동,경상사고,0,0,1,0,차대차 - 후진중충돌,불법유턴,건조,맑음,단일로 - 기타,승용,여,57세,상해없음,승용,여,36세,경상
2023051500100512,2023년 5월 15일 19시,월요일,제주특별자치도 서귀포시 남원읍,중상사고,0,1,0,0,차대사람 - 보도통행중,보행자보호의무위반,건조,맑음,교차로 - 교차로횡단보도내,승용,여,65세,상해없음,보행자,여,84세,중상
2023051500100513,2023년 5월 15일 19시,월요일,제주특별자치도 서귀포시 대정읍,경상사고,0,0,2,0,차대차 - 측면충돌,직진우회전진행방해,건조,맑음,교차로 - 교차로안,승용,남,24세,경상,승합,남,43세,상해없음
2023051500100514,2023년 5월 15일 19시,월요일,제주특별자치도 제주시 노형동,경상사고,0,0,1,0,차대사람 - 횡단중,보행자보호의무위반,건조,맑음,교차로 - 교차로횡단보도내,승용,여,52세,상해없음,보행자,남,40세,경상
2023051600100041,2023년 5월 16일 06시,화요일,제주특별자치도 제주시 용담이동,경상사고,0,0,1,0,차량단독 - 기타,안전운전불이행,건조,맑음,단일로 - 기타,승합,남,50세,상해없음,,,,
2023051600100106,2023년 5월 16일 08시,화요일,제주특별자치도 제주시 화북이동,중상사고,0,1,2,0,차대차 - 측면충돌,신호위반,건조,맑음,교차로 - 교차로안,승용,남,46세,경상,이륜,남,36세,중상
2023051600100107,2023년 5월 16일 08시,화요일,제주특별자치도 제주시 봉개동,경상사고,0,0,1,0,차대차 - 측면충돌,신호위반,기타,기타,교차로 - 교차로안,승용,남,32세,상해없음,승용,여,32세,경상
2023051600100186,2023년 5월 16일 10시,화요일,제주특별자치도 서귀포시 대정읍,경상사고,0,0,1,0,차대차 - 측면충돌,기타,건조,맑음,교차로 - 교차로안,승용,남,25세,경상,승용,남,83세,상해없음
2023051600100221,2023년 5월 16일 11시,화요일,제주특별자치도 제주시 일도이동,경상사고,0,0,3,0,차대차 - 측면충돌,중앙선침범,건조,맑음,단일로 - 기타,승용,여,62세,상해없음,승용,남,52세,경상
2023051600100297,2023년 5월 16일 13시,화요일,제주특별자치도 제주시 해안동,중상사고,0,1,0,0,차대차 - 추돌,안전운전불이행,건조,맑음,단일로 - 기타,화물,여,62세,기타불명,승용,여,24세,중상
2023051600100334,2023년 5월 16일 14시,화요일,제주특별자치도 서귀포시 동홍동,경상사고,0,0,1,0,차량단독 - 공작물충돌,안전운전불이행,건조,맑음,단일로 - 기타,승용,남,73세,경상,,,,
2023051600100335,2023년 5월 16일 14시,화요일,제주특별자치도 서귀포시 대정읍,부상신고사고,0,0,0,1,차대차 - 추돌,안전운전불이행,건조,맑음,교차로 - 교차로안,승용,남,33세,상해없음,승용,남,82세,부상신고
2023051600100392,2023년 5월 16일 15시,화요일,제주특별자치도 제주시 노형동,경상사고,0,0,1,0,차대차 - 측면충돌,안전운전불이행,건조,맑음,교차로 - 교차로안,승합,여,49세,상해없음,자전거,여,33세,경상
2023051600100430,2023년 5월 16일 16시,화요일,제주특별자치도 제주시 한림읍,경상사고,0,0,1,0,차량단독 - 도로외이탈 - 기타,안전운전불이행,건조,맑음,단일로 - 기타,화물,남,55세,경상,,,,
2023051600100667,2023년 5월 16일 23시,화요일,제주특별자치도 제주시 한림읍,경상사고,0,0,3,0,차대차 - 추돌,기타,건조,맑음,교차로 - 교차로부근,승용,여,29세,경상,승용,여,25세,경상
2023051700100128,2023년 5월 17일 08시,수요일,제주특별자치도 제주시 조천읍,경상사고,0,0,1,0,차대사람 - 보도통행중,기타,건조,맑음,단일로 - 기타,화물,남,25세,상해없음,보행자,남,70세,경상
2023051700100180,2023년 5월 17일 09시,수요일,제주특별자치도 제주시 삼도일동,부상신고사고,0,0,0,1,차대차 - 추돌,안전거리미확보,건조,맑음,단일로 - 기타,승합,남,55세,상해없음,승용,남,27세,부상신고
2023051700100181,2023년 5월 17일 09시,수요일,제주특별자치도 서귀포시 안덕면,경상사고,0,0,5,0,차대차 - 측면충돌,안전운전불이행,건조,맑음,단일로 - 기타,승용,여,50세,상해없음,승용,여,55세,경상
2023051700100182,2023년 5월 17일 09시,수요일,제주특별자치도 제주시 연동,경상사고,0,0,1,0,차량단독 - 공작물충돌,안전운전불이행,건조,맑음,교차로 - 교차로안,승용,남,51세,상해없음,,,,
2023051700100225,2023년 5월 17일 10시,수요일,제주특별자치도 제주시 한림읍,부상신고사고,0,0,0,1,차대차 - 측면충돌,불법유턴,건조,맑음,교차로 - 교차로부근,이륜,여,81세,부상신고,화물,남,62세,상해없음
2023051700100263,2023년 5월 17일 11시,수요일,제주특별자치도 제주시 봉개동,경상사고,0,0,1,0,차대차 - 측면충돌,안전거리미확보,건조,맑음,단일로 - 기타,화물,남,49세,상해없음,승용,남,61세,경상
2023051700100347,2023년 5월 17일 13시,수요일,제주특별자치도 제주시 해안동,경상사고,0,0,1,0,차대차 - 측면충돌,신호위반,건조,맑음,교차로 - 교차로안,이륜,남,58세,경상,승용,여,66세,상해없음
2023051700100348,2023년 5월 17일 13시,수요일,제주특별자치도 제주시 외도일동,경상사고,0,0,1,0,차대사람 - 기타,안전운전불이행,건조,맑음,기타 - 기타,승용,남,75세,상해없음,보행자,여,10세,경상
2023051700100581,2023년 5월 17일 18시,수요일,제주특별자치도 제주시 건입동,중상사고,0,1,0,0,차대차 - 정면충돌,안전운전불이행,건조,맑음,단일로 - 기타,승용,남,48세,상해없음,이륜,여,33세,중상
2023051700100582,2023년 5월 17일 18시,수요일,제주특별자치도 제주시 이도이동,경상사고,0,0,1,0,차대차 - 후진중충돌,안전운전불이행,건조,흐림,단일로 - 기타,승용,여,57세,상해없음,이륜,남,39세,경상
2023051700100583,2023년 5월 17일 18시,수요일,제주특별자치도 제주시 이도일동,경상사고,0,0,2,0,차대차 - 측면충돌,안전거리미확보,건조,맑음,단일로 - 기타,승합,남,64세,상해없음,승용,남,75세,경상
2023051700100649,2023년 5월 17일 20시,수요일,제주특별자치도 제주시 한림읍,경상사고,0,0,2,0,차대사람 - 횡단중,보행자보호의무위반,건조,기타,교차로 - 교차로횡단보도내,이륜,남,30세,경상,보행자,여,74세,경상
2023051700100674,2023년 5월 17일 21시,수요일,제주특별자치도 제주시 이도이동,경상사고,0,0,1,0,차대사람 - 기타,안전운전불이행,건조,맑음,단일로 - 기타,승용,여,41세,상해없음,보행자,남,37세,경상
2023051700100702,2023년 5월 17일 23시,수요일,제주특별자치도 제주시 연동,중상사고,0,1,0,0,차대차 - 측면충돌,안전운전불이행,젖음/습기,비,단일로 - 기타,승용,남,47세,상해없음,이륜,남,49세,중상
2023051800100200,2023년 5월 18일 10시,목요일,제주특별자치도 서귀포시 색달동,경상사고,0,0,2,0,차대차 - 측면충돌,안전운전불이행,젖음/습기,비,단일로 - 기타,승용,여,27세,상해없음,승용,여,26세,경상
2023051800100226,2023년 5월 18일 11시,목요일,제주특별자치도 서귀포시 서귀동,경상사고,0,0,1,0,차대사람 - 횡단중,신호위반,젖음/습기,비,교차로 - 교차로횡단보도내,승용,여,68세,상해없음,보행자,남,36세,경상
2023051800100292,2023년 5월 18일 13시,목요일,제주특별자치도 제주시 이도이동,경상사고,0,0,1,0,차대차 - 측면충돌,안전운전불이행,건조,맑음,교차로 - 교차로부근,이륜,남,32세,경상,승용,여,21세,상해없음
2023051800100293,2023년 5월 18일 13시,목요일,제주특별자치도 서귀포시 동홍동,중상사고,0,1,0,0,차대차 - 측면충돌,안전운전불이행,젖음/습기,비,교차로 - 교차로안,승용,여,37세,상해없음,승용,여,74세,중상
2023051800100333,2023년 5월 18일 14시,목요일,제주특별자치도 제주시 구좌읍,경상사고,0,0,1,0,차대차 - 추돌,안전운전불이행,젖음/습기,비,단일로 - 기타,화물,남,63세,상해없음,승용,여,29세,경상
2023051800100458,2023년 5월 18일 17시,목요일,제주특별자치도 제주시 일도일동,경상사고,0,0,3,0,차대차 - 측면충돌,안전운전불이행,젖음/습기,비,단일로 - 기타,승용,남,58세,상해없음,승용,남,61세,경상
2023051800100459,2023년 5월 18일 17시,목요일,제주특별자치도 제주시 조천읍,경상사고,0,0,2,0,차대차 - 측면충돌,중앙선침범,젖음/습기,비,단일로 - 기타,승용,남,50세,경상,화물,남,62세,경상
2023051900100012,2023년 5월 19일 01시,금요일,제주특별자치도 서귀포시 대정읍,경상사고,0,0,1,0,차대차 - 정면충돌,안전운전불이행,건조,맑음,단일로 - 기타,승용,남,48세,경상,승용,기타불명,미분류,기타불명
2023051900100013,2023년 5월 19일 01시,금요일,제주특별자치도 서귀포시 법환동,경상사고,0,0,1,0,차대사람 - 기타,안전운전불이행,건조,기타,교차로 - 교차로안,승용,남,31세,상해없음,보행자,남,44세,경상
2023051900100040,2023년 5월 19일 05시,금요일,제주특별자치도 제주시 연동,경상사고,0,0,1,0,차대사람 - 기타,안전운전불이행,젖음/습기,흐림,기타 - 기타,화물,남,40세,상해없음,보행자,여,48세,경상
2023051900100129,2023년 5월 19일 08시,금요일,제주특별자치도 제주시 애월읍,경상사고,0,0,3,0,차대차 - 추돌,안전거리미확보,건조,맑음,단일로 - 기타,화물,남,25세,상해없음,승용,남,60세,경상
2023051900100216,2023년 5월 19일 10시,금요일,제주특별자치도 제주시 노형동,중상사고,0,1,0,0,차대차 - 측면충돌,직진우회전진행방해,건조,맑음,교차로 - 교차로안,승용,남,46세,상해없음,이륜,남,38세,중상
2023051900100464,2023년 5월 19일 16시,금요일,제주특별자치도 서귀포시 강정동,경상사고,0,0,2,0,차대차 - 측면충돌,교차로운행방법위반,건조,맑음,교차로 - 교차로안,승용,남,27세,상해없음,승용,남,40세,경상
2023051900100520,2023년 5월 19일 17시,금요일,제주특별자치도 서귀포시 색달동,중상사고,0,1,0,0,차대차 - 기타,차로위반,건조,맑음,단일로 - 기타,이륜,여,62세,중상,승용,남,66세,상해없음
2023051900100613,2023년 5월 19일 19시,금요일,제주특별자치도 제주시 이도이동,경상사고,0,0,1,0,차대차 - 추돌,안전운전불이행,건조,맑음,단일로 - 기타,승용,여,59세,상해없음,이륜,여,27세,경상
2023051900100614,2023년 5월 19일 19시,금요일,제주특별자치도 제주시 애월읍,경상사고,0,0,2,0,차대차 - 정면충돌,신호위반,건조,맑음,교차로 - 교차로안,승용,남,56세,경상,화물,남,43세,경상
2023051900100706,2023년 5월 19일 22시,금요일,제주특별자치도 제주시 삼양이동,중상사고,0,1,0,0,차량단독 - 전도전복 - 전도,안전운전불이행,기타,기타,단일로 - 기타,이륜,남,34세,중상,,,,
2023052000100070,2023년 5월 20일 06시,토요일,제주특별자치도 제주시 오라일동,경상사고,0,0,1,0,차대차 - 추돌,안전운전불이행,건조,맑음,단일로 - 기타,승용,남,67세,상해없음,승용,여,62세,경상
2023052000100207,2023년 5월 20일 11시,토요일,제주특별자치도 제주시 구좌읍,경상사고,0,0,1,0,차대차 - 측면충돌,안전운전불이행,기타,기타,교차로 - 교차로안,이륜,남,32세,경상,승용,남,44세,상해없음
2023052000100208,2023년 5월 20일 11시,토요일,제주특별자치도 제주시 아라이동,경상사고,0,0,1,0,차대차 - 측면충돌,안전운전불이행,건조,맑음,교차로 - 교차로안,승용,남,52세,상해없음,이륜,남,31세,경상
2023052000100209,2023년 5월 20일 11시,토요일,제주특별자치도 서귀포시 동홍동,경상사고,0,0,1,0,차대차 - 기타,안전운전불이행,건조,맑음,단일로 - 기타,화물,남,39세,상해없음,승용,여,50세,경상
2023052000100263,2023년 5월 20일 12시,토요일,제주특별자치도 서귀포시 남원읍,중상사고,0,1,3,0,차대차 - 측면충돌,안전거리미확보,건조,맑음,단일로 - 기타,승용,남,67세,상해없음,승용,여,34세,중상
2023052000100264,2023년 5월 20일 12시,토요일,제주특별자치도 서귀포시 서홍동,경상사고,0,0,3,0,차대차 - 추돌,안전운전불이행,건조,맑음,단일로 - 기타,건설기계,남,32세,기타불명,승용,여,45세,경상
2023052000100308,2023년 5월 20일 13시,토요일,제주특별자치도 서귀포시 법환동,부상신고사고,0,0,0,1,차대차 - 추돌,안전운전불이행,건조,맑음,단일로 - 기타,이륜,남,77세,상해없음,승용,남,26세,상해없음
2023052000100440,2023년 5월 20일 16시,토요일,제주특별자치도 제주시 도련이동,중상사고,0,1,0,0,차대차 - 기타,중앙선침범,건조,맑음,교차로 - 교차로부근,승용,여,26세,상해없음,이륜,남,62세,중상
2023052000100501,2023년 5월 20일 18시,토요일,제주특별자치도 서귀포시 토평동,경상사고,0,0,2,0,차대차 - 기타,차로위반,건조,맑음,교차로 - 교차로부근,화물,남,55세,경상,화물,남,21세,경상
2023052000100528,2023년 5월 20일 19시,토요일,제주특별자치도 서귀포시 중문동,중상사고,0,1,0,0,차대사람 - 보도통행중,보행자보호의무위반,건조,맑음,교차로 - 교차로안,승용,여,33세,상해없음,보행자,남,67세,중상
2023052100100080,2023년 5월 21일 09시,일요일,제주특별자치도 서귀포시 하원동,경상사고,0,0,1,0,차대사람 - 기타,안전운전불이행,건조,맑음,기타 - 기타,승용,여,68세,상해없음,보행자,남,39세,경상
2023052100100124,2023년 5월 21일 11시,일요일,제주특별자치도 제주시 노형동,경상사고,0,0,2,0,차대차 - 기타,직진우회전진행방해,건조,맑음,교차로 - 교차로안,승용,남,60세,경상,승용,여,30세,경상
2023052100100125,2023년 5월 21일 11시,일요일,제주특별자치도 제주시 애월읍,부상신고사고,0,0,0,1,차대차 - 측면충돌,직진우회전진행방해,건조,맑음,교차로 - 교차로안,승용,여,54세,부상신고,건설기계,남,62세,상해없음
2023052100100192,2023년 5월 21일 13시,일요일,제주특별자치도 제주시 노형동,중상사고,0,1,0,0,차대차 - 측면충돌,직진우회전진행방해,건조,맑음,교차로 - 교차로안,승용,남,44세,중상,승용,남,21세,상해없음
2023052100100218,2023년 5월 21일 14시,일요일,제주특별자치도 서귀포시 강정동,경상사고,0,0,1,0,차대차 - 후진중충돌,안전운전불이행,건조,맑음,단일로 - 기타,승용,남,61세,상해없음,자전거,남,53세,경상
2023052100100248,2023년 5월 21일 15시,일요일,제주특별자치도 제주시 아라일동,중상사고,0,1,0,0,차량단독 - 공작물충돌,안전운전불이행,건조,맑음,단일로 - 기타,승용,여,56세,상해없음,,,,
2023052100100317,2023년 5월 21일 17시,일요일,제주특별자치도 제주시 조천읍,경상사고,0,0,1,0,차대차 - 정면충돌,신호위반,건조,맑음,교차로 - 교차로안,승용,남,39세,상해없음,승용,남,31세,경상
2023052100100318,2023년 5월 21일 17시,일요일,제주특별자치도 제주시 조천읍,경상사고,0,0,1,0,차대차 - 추돌,안전운전불이행,건조,맑음,단일로 - 기타,승용,여,43세,상해없음,승용,여,59세,경상
2023052200100003,2023년 5월 22일 00시,월요일,제주특별자치도 서귀포시 남원읍,중상사고,0,1,2,0,차대차 - 기타,신호위반,건조,맑음,교차로 - 교차로안,이륜,남,45세,중상,승용,여,60세,경상
2023052200100034,2023년 5월 22일 06시,월요일,제주특별자치도 제주시 이도일동,경상사고,0,0,1,0,차대차 - 기타,안전운전불이행,건조,맑음,교차로 - 교차로안,자전거,여,74세,경상,승용,남,23세,상해없음
2023052200100158,2023년 5월 22일 10시,월요일,제주특별자치도 제주시 노형동,경상사고,0,0,1,0,차대차 - 기타,안전거리미확보,건조,맑음,교차로 - 교차로부근,화물,남,66세,상해없음,이륜,남,28세,경상
2023052200100187,2023년 5월 22일 11시,월요일,제주특별자치도 제주시 화북이동,중상사고,0,1,0,0,차대차 - 추돌,안전운전불이행,건조,기타,단일로 - 기타,승용,남,28세,상해없음,화물,남,37세,중상
2023052200100188,2023년 5월 22일 11시,월요일,제주특별자치도 서귀포시 안덕면,경상사고,0,0,1,0,차량단독 - 공작물충돌,안전운전불이행,건조,맑음,단일로 - 기타,승용,남,22세,경상,,,,
2023052200100218,2023년 5월 22일 12시,월요일,제주특별자치도 서귀포시 동홍동,중상사고,0,1,1,0,차대차 - 추돌,안전운전불이행,건조,맑음,단일로 - 기타,화물,남,56세,상해없음,승용,여,63세,중상
2023052200100293,2023년 5월 22일 14시,월요일,제주특별자치도 제주시 삼도이동,중상사고,0,1,0,0,차대사람 - 횡단중,보행자보호의무위반,건조,맑음,교차로 - 교차로횡단보도내,승용,남,65세,상해없음,보행자,남,68세,중상
2023052200100294,2023년 5월 22일 14시,월요일,제주특별자치도 제주시 용담일동,중상사고,0,2,0,0,차대차 - 측면충돌,교차로운행방법위반,젖음/습기,비,교차로 - 교차로안,승용,여,32세,중상,승용,여,43세,중상
2023052200100475,2023년 5월 22일 18시,월요일,제주특별자치도 제주시 이도이동,중상사고,0,1,0,0,차대사람 - 횡단중,안전운전불이행,건조,맑음,단일로 - 기타,이륜,남,40세,상해없음,보행자,남,7세,중상
2023052200100476,2023년 5월 22일 18시,월요일,제주특별자치도 제주시 삼도이동,경상사고,0,0,1,0,차대차 - 측면충돌,안전운전불이행,건조,맑음,단일로 - 기타,승용,남,37세,상해없음,승용,남,27세,기타불명
2023052200100539,2023년 5월 22일 20시,월요일,제주특별자치도 제주시 오라이동,중상사고,0,1,0,0,차대사람 - 횡단중,보행자보호의무위반,건조,맑음,단일로 - 기타,승용,여,70세,상해없음,보행자,남,15세,중상
2023052200100573,2023년 5월 22일 21시,월요일,제주특별자치도 서귀포시 표선면,경상사고,0,0,2,0,차대차 - 추돌,기타,건조,맑음,교차로 - 교차로부근,승용,여,59세,경상,승용,여,55세,경상
2023052200100616,2023년 5월 22일 23시,월요일,제주특별자치도 서귀포시 강정동,경상사고,0,0,1,0,차대차 - 기타,안전거리미확보,건조,맑음,교차로 - 교차로부근,승용,남,41세,상해없음,이륜,남,44세,경상
2023052300100057,2023년 5월 23일 07시,화요일,제주특별자치도 제주시 한경면,경상사고,0,0,1,0,차량단독 - 기타,안전운전불이행,건조,맑음,기타 - 기타,원동기,여,85세,경상,,,,
2023052300100102,2023년 5월 23일 08시,화요일,제주특별자치도 제주시 연동,경상사고,0,0,1,0,차대차 - 측면충돌,교차로운행방법위반,건조,맑음,단일로 - 기타,승용,남,64세,상해없음,승용,남,64세,경상
2023052300100157,2023년 5월 23일 09시,화요일,제주특별자치도 제주시 노형동,경상사고,0,0,1,0,차대차 - 추돌,안전운전불이행,건조,맑음,기타 - 기타,승용,여,48세,상해없음,승용,여,32세,경상
2023052300100240,2023년 5월 23일 11시,화요일,제주특별자치도 제주시 아라이동,중상사고,0,1,1,0,차대차 - 측면충돌,안전운전불이행,건조,맑음,단일로 - 기타,승용,남,48세,상해없음,승용,여,55세,경상
2023052300100273,2023년 5월 23일 12시,화요일,제주특별자치도 제주시 아라일동,경상사고,0,0,2,0,차대차 - 측면충돌,안전거리미확보,건조,맑음,교차로 - 교차로부근,승용,남,54세,경상,승용,여,63세,경상
2023052300100348,2023년 5월 23일 14시,화요일,제주특별자치도 제주시 건입동,경상사고,0,0,1,0,차대차 - 추돌,안전거리미확보,건조,맑음,교차로 - 교차로안,건설기계,남,27세,상해없음,화물,남,54세,경상
2023052300100489,2023년 5월 23일 17시,화요일,제주특별자치도 제주시 도남동,경상사고,0,0,1,0,차대차 - 기타,안전운전불이행,건조,맑음,단일로 - 기타,승용,남,24세,상해없음,승용,여,34세,경상
2023052300100491,2023년 5월 23일 17시,화요일,제주특별자치도 제주시 연동,경상사고,0,0,1,0,차대사람 - 기타,안전운전불이행,건조,맑음,단일로 - 기타,승용,남,70세,상해없음,보행자,여,23세,경상
2023052300100543,2023년 5월 23일 18시,화요일,제주특별자치도 제주시 이도이동,경상사고,0,0,1,0,차대차 - 측면충돌,안전운전불이행,건조,맑음,단일로 - 기타,승용,남,52세,상해없음,승용,여,40세,경상
2023052300100622,2023년 5월 23일 21시,화요일,제주특별자치도 제주시 외도일동,경상사고,0,0,1,0,차대차 - 기타,안전운전불이행,건조,맑음,교차로 - 교차로부근,승용,남,33세,기타불명,승용,남,28세,경상
2023052300100651,2023년 5월 23일 23시,화요일,제주특별자치도 제주시 연동,경상사고,0,0,1,1,차대차 - 추돌,교차로운행방법위반,건조,맑음,교차로 - 교차로부근,화물,남,68세,상해없음,화물,남,43세,경상
2023052400100038,2023년 5월 24일 05시,수요일,제주특별자치도 제주시 노형동,경상사고,0,0,2,0,차대차 - 후진중충돌,안전운전불이행,건조,맑음,교차로 - 교차로부근,화물,남,48세,상해없음,승합,남,54세,경상
2023052400100127,2023년 5월 24일 08시,수요일,제주특별자치도 제주시 도남동,경상사고,0,0,2,0,차대차 - 측면충돌,안전운전불이행,건조,맑음,교차로 - 교차로안,승용,여,51세,경상,승용,남,41세,경상
2023052400100128,2023년 5월 24일 08시,수요일,제주특별자치도 제주시 아라이동,중상사고,0,1,0,0,차대사람 - 차도통행중,안전운전불이행,건조,맑음,단일로 - 기타,화물,남,31세,상해없음,보행자,여,66세,중상
2023052400100129,2023년 5월 24일 08시,수요일,제주특별자치도 서귀포시 서홍동,경상사고,0,0,1,0,차대차 - 측면충돌,기타,건조,맑음,교차로 - 교차로안,승용,여,45세,상해없음,승용,여,59세,경상
2023052400100204,2023년 5월 24일 10시,수요일,제주특별자치도 서귀포시 호근동,중상사고,0,1,0,0,차대차 - 기타,안전운전불이행,건조,맑음,단일로 - 기타,승용,여,63세,중상,승용,여,39세,기타불명
2023052400100205,2023년 5월 24일 10시,수요일,제주특별자치도 서귀포시 표선면,중상사고,0,2,0,0,차대차 - 정면충돌,안전운전불이행,건조,맑음,교차로 - 교차로부근,승용,남,52세,중상,화물,남,64세,중상
2023052400100206,2023년 5월 24일 10시,수요일,제주특별자치도 서귀포시 표선면,경상사고,0,0,1,0,차대차 - 추돌,안전운전불이행,건조,맑음,단일로 - 기타,승용,남,78세,상해없음,농기계,남,59세,경상
2023052400100290,2023년 5월 24일 13시,수요일,제주특별자치도 제주시 도남동,경상사고,0,0,1,0,차대사람 - 차도통행중,안전운전불이행,건조,맑음,단일로 - 기타,승용,남,39세,상해없음,보행자,남,8세,경상
2023052400100322,2023년 5월 24일 14시,수요일,제주특별자치도 제주시 조천읍,부상신고사고,0,0,0,6,차량단독 - 도로외이탈 - 추락,안전운전불이행,건조,기타,단일로 - 기타,승용,여,37세,부상신고,,,,
2023052400100361,2023년 5월 24일 15시,수요일,제주특별자치도 서귀포시 동홍동,중상사고,0,1,0,0,차대차 - 정면충돌,중앙선침범,건조,맑음,교차로 - 교차로부근,승용,남,22세,상해없음,승용,여,50세,중상
2023052400100400,2023년 5월 24일 16시,수요일,제주특별자치도 제주시 일도이동,경상사고,0,0,1,0,차대차 - 측면충돌,신호위반,건조,맑음,교차로 - 교차로부근,승용,남,53세,상해없음,승용,여,71세,경상
2023052400100401,2023년 5월 24일 16시,수요일,제주특별자치도 제주시 한림읍,경상사고,0,0,1,0,차대차 - 측면충돌,안전운전불이행,건조,맑음,교차로 - 교차로안,승합,남,61세,상해없음,승용,여,38세,경상
2023052400100445,2023년 5월 24일 17시,수요일,제주특별자치도 서귀포시 토평동,경상사고,0,0,1,0,차대차 - 추돌,안전운전불이행,건조,맑음,교차로 - 교차로부근,승합,남,61세,상해없음,승용,여,51세,경상
2023052400100446,2023년 5월 24일 17시,수요일,제주특별자치도 제주시 연동,경상사고,0,0,1,0,차대차 - 측면충돌,안전운전불이행,건조,맑음,교차로 - 교차로안,승용,여,51세,상해없음,승용,여,40세,경상
2023052400100447,2023년 5월 24일 17시,수요일,제주특별자치도 제주시 한림읍,중상사고,0,1,0,0,차대차 - 기타,안전운전불이행,건조,맑음,단일로 - 기타,승용,남,28세,상해없음,기타불명,남,60세,중상
2023052400100448,2023년 5월 24일 17시,수요일,제주특별자치도 제주시 애월읍,경상사고,0,0,5,0,차대차 - 정면충돌,직진우회전진행방해,건조,맑음,교차로 - 교차로안,승용,남,23세,경상,화물,남,62세,경상
2023052400100515,2023년 5월 24일 19시,수요일,제주특별자치도 서귀포시 성산읍,경상사고,0,0,1,3,차대차 - 정면충돌,신호위반,건조,맑음,교차로 - 교차로안,이륜,남,58세,경상,승용,남,55세,부상신고
2023052400100540,2023년 5월 24일 20시,수요일,제주특별자치도 제주시 연동,경상사고,0,0,1,0,차량단독 - 공작물충돌,안전운전불이행,건조,기타,단일로 - 기타,승용,남,67세,상해없음,,,,
2023052400100595,2023년 5월 24일 23시,수요일,제주특별자치도 제주시 도련일동,중상사고,0,1,1,0,차대차 - 정면충돌,중앙선침범,건조,맑음,단일로 - 기타,개인형이동수단(PM),여,14세,중상,승용,남,37세,상해없음
2023052400100596,2023년 5월 24일 23시,수요일,제주특별자치도 서귀포시 서홍동,경상사고,0,0,1,0,차대차 - 기타,안전운전불이행,건조,맑음,기타 - 기타,기타불명,기타불명,미분류,기타불명,개인형이동수단(PM),남,21세,경상
2023052500100049,2023년 5월 25일 06시,목요일,제주특별자치도 제주시 용담이동,경상사고,0,0,1,0,차대사람 - 차도통행중,보행자보호의무위반,건조,맑음,교차로 - 교차로안,승용,남,52세,상해없음,보행자,여,64세,경상
2023052500100155,2023년 5월 25일 09시,목요일,제주특별자치도 서귀포시 하효동,사망사고,1,0,0,0,차대사람 - 기타,보행자보호의무위반,건조,맑음,교차로 - 교차로횡단보도내,승용,여,33세,상해없음,보행자,여,75세,사망
2023052500100156,2023년 5월 25일 09시,목요일,제주특별자치도 제주시 노형동,경상사고,0,0,1,0,차대차 - 기타,신호위반,건조,맑음,교차로 - 교차로안,승용,여,48세,상해없음,승용,남,50세,경상
2023052500100189,2023년 5월 25일 10시,목요일,제주특별자치도 제주시 조천읍,중상사고,0,1,12,5,차대차 - 측면충돌,신호위반,건조,맑음,교차로 - 교차로안,건설기계,남,49세,기타불명,승합,남,53세,경상
2023052500100355,2023년 5월 25일 15시,목요일,제주특별자치도 제주시 화북일동,중상사고,0,1,0,0,차대차 - 기타,안전운전불이행,건조,맑음,단일로 - 기타,자전거,남,78세,중상,승합,남,51세,상해없음
2023052500100399,2023년 5월 25일 16시,목요일,제주특별자치도 제주시 삼양이동,경상사고,0,0,1,0,차대차 - 기타,안전운전불이행,건조,맑음,교차로 - 교차로횡단보도내,자전거,남,13세,경상,화물,남,66세,상해없음
2023052500100440,2023년 5월 25일 17시,목요일,제주특별자치도 제주시 한경면,경상사고,0,0,1,0,차대차 - 기타,기타,건조,맑음,교차로 - 교차로안,승용,남,63세,상해없음,화물,남,45세,경상
2023052500100479,2023년 5월 25일 18시,목요일,제주특별자치도 제주시 삼도이동,경상사고,0,0,1,0,차대차 - 측면충돌,안전운전불이행,건조,맑음,단일로 - 기타,승용,여,30세,상해없음,이륜,여,37세,경상
2023052500100518,2023년 5월 25일 19시,목요일,제주특별자치도 서귀포시 표선면,부상신고사고,0,0,0,1,차량단독 - 전도전복 - 전도,안전운전불이행,건조,맑음,단일로 - 기타,이륜,남,20세,부상신고,,,,
2023052500100620,2023년 5월 25일 23시,목요일,제주특별자치도 서귀포시 상예동,부상신고사고,0,0,0,1,차대차 - 추돌,안전운전불이행,건조,맑음,교차로 - 교차로부근,승용,남,20세,부상신고,승용,남,53세,기타불명