사고번호,사고일시,요일,시군구,사고내용,사망자수,중상자수,경상자수,부상신고자수,사고유형,법규위반,노면상태,기상상태,도로형태,가해운전자 차종,가해운전자 성별,가해운전자 연령,가해운전자 상해정도,피해운전자 차종,피해운전자 성별,피해운전자 연령,피해운전자 상해정도
2023052600100026,2023년 5월 26일 02시,금요일,제주특별자치도 제주시 연동,사망사고,1,0,0,0,차대사람 - 기타,안전운전불이행,건조,맑음,단일로 - 기타,승용,남,58세,상해없음,보행자,여,39세,사망
2023052600100155,2023년 5월 26일 09시,금요일,제주특별자치도 서귀포시 서홍동,경상사고,0,0,2,0,차대차 - 정면충돌,신호위반,건조,맑음,교차로 - 교차로안,승용,남,61세,상해없음,승합,남,46세,상해없음
2023052600100273,2023년 5월 26일 12시,금요일,제주특별자치도 제주시 용담이동,경상사고,0,0,1,0,차대차 - 측면충돌,안전운전불이행,건조,맑음,교차로 - 교차로안,승용,남,71세,상해없음,승용,여,52세,경상
2023052600100350,2023년 5월 26일 14시,금요일,제주특별자치도 서귀포시 안덕면,경상사고,0,0,2,0,차대차 - 기타,직진우회전진행방해,건조,맑음,교차로 - 교차로안,승용,여,53세,경상,승용,여,38세,경상
2023052600100391,2023년 5월 26일 15시,금요일,제주특별자치도 서귀포시 서귀동,경상사고,0,0,1,0,차대사람 - 차도통행중,기타,건조,맑음,단일로 - 기타,기타불명,기타불명,미분류,기타불명,보행자,여,66세,경상
2023052600100548,2023년 5월 26일 18시,금요일,제주특별자치도 제주시 구좌읍,경상사고,0,0,1,0,차대차 - 측면충돌,안전운전불이행,건조,흐림,교차로 - 교차로안,승용,남,29세,상해없음,승용,남,20세,경상
2023052600100549,2023년 5월 26일 18시,금요일,제주특별자치도 제주시 삼도일동,경상사고,0,0,2,0,차대차 - 추돌,안전운전불이행,건조,맑음,단일로 - 기타,승용,남,50세,상해없음,승용,남,34세,경상
2023052600100596,2023년 5월 26일 19시,금요일,제주특별자치도 서귀포시 서홍동,중상사고,0,1,0,0,차대차 - 기타,신호위반,건조,맑음,교차로 - 교차로안,승용,여,29세,상해없음,이륜,남,20세,중상
2023052600100626,2023년 5월 26일 20시,금요일,제주특별자치도 제주시 용담이동,경상사고,0,0,1,0,차대차 - 추돌,안전거리미확보,건조,맑음,단일로 - 기타,승용,남,69세,상해없음,승용,남,36세,경상
2023052700100006,2023년 5월 27일 00시,토요일,제주특별자치도 제주시 이도일동,중상사고,0,1,0,0,차대차 - 측면충돌,안전거리미확보,건조,맑음,단일로 - 기타,승용,여,56세,상해없음,승용,남,64세,중상
2023052700100007,2023년 5월 27일 00시,토요일,제주특별자치도 서귀포시 대정읍,중상사고,0,1,0,0,차량단독 - 공작물충돌,안전운전불이행,건조,맑음,교차로 - 교차로부근,이륜,남,27세,중상,,,,
2023052700100031,2023년 5월 27일 02시,토요일,제주특별자치도 서귀포시 안덕면,중상사고,0,2,0,0,차량단독 - 공작물충돌,안전운전불이행,건조,맑음,단일로 - 기타,승용,남,46세,중상,,,,
2023052700100038,2023년 5월 27일 03시,토요일,제주특별자치도 제주시 용담일동,경상사고,0,0,1,0,차대차 - 측면충돌,신호위반,건조,맑음,교차로 - 교차로안,승용,여,64세,상해없음,승용,남,75세,경상
2023052700100072,2023년 5월 27일 07시,토요일,제주특별자치도 제주시 애월읍,중상사고,0,1,0,0,차대차 - 측면충돌,안전거리미확보,건조,맑음,교차로 - 교차로부근,이륜,남,81세,중상,승용,남,55세,상해없음
2023052700100141,2023년 5월 27일 10시,토요일,제주특별자치도 제주시 연동,경상사고,0,0,2,0,차대사람 - 보도통행중,기타,건조,맑음,단일로 - 기타,승용,여,28세,상해없음,보행자,여,44세,경상
2023052700100222,2023년 5월 27일 12시,토요일,제주특별자치도 제주시 노형동,경상사고,0,0,2,0,차대차 - 추돌,안전거리미확보,건조,맑음,단일로 - 기타,승용,남,31세,기타불명,승용,여,36세,경상
2023052700100263,2023년 5월 27일 13시,토요일,제주특별자치도 제주시 도련이동,중상사고,0,1,0,0,차대차 - 추돌,신호위반,건조,맑음,교차로 - 교차로안,승용,여,25세,상해없음,승용,남,62세,중상
2023052700100408,2023년 5월 27일 17시,토요일,제주특별자치도 서귀포시 신효동,중상사고,0,1,0,0,차대사람 - 기타,안전운전불이행,건조,맑음,기타 - 기타,승용,남,63세,상해없음,보행자,여,62세,중상
2023052700100409,2023년 5월 27일 17시,토요일,제주특별자치도 제주시 애월읍,경상사고,0,0,1,1,차대차 - 측면충돌,안전운전불이행,건조,맑음,단일로 - 기타,승용,남,75세,부상신고,승용,여,32세,상해없음
2023052700100512,2023년 5월 27일 20시,토요일,제주특별자치도 서귀포시 신효동,경상사고,0,0,1,0,차대차 - 후진중충돌,안전운전불이행,건조,맑음,기타 - 기타,승용,여,32세,상해없음,승용,남,36세,경상
2023052800100017,2023년 5월 28일 00시,일요일,제주특별자치도 제주시 도남동,경상사고,0,0,1,0,차대차 - 후진중충돌,안전운전불이행,건조,맑음,단일로 - 기타,화물,남,21세,상해없음,이륜,남,53세,경상
2023052800100160,2023년 5월 28일 12시,일요일,제주특별자치도 제주시 애월읍,경상사고,0,0,1,0,차대사람 - 기타,안전운전불이행,건조,맑음,교차로 - 교차로안,승용,남,35세,상해없음,보행자,남,72세,경상
2023052800100306,2023년 5월 28일 17시,일요일,제주특별자치도 서귀포시 토평동,경상사고,0,0,1,0,차대차 - 후진중충돌,안전운전불이행,건조,맑음,단일로 - 기타,승용,여,64세,상해없음,승용,남,47세,상해없음
2023052900100113,2023년 5월 29일 10시,월요일,제주특별자치도 제주시 도남동,경상사고,0,0,1,0,차대차 - 측면충돌,교차로운행방법위반,건조,맑음,교차로 - 교차로안,승합,남,45세,상해없음,개인형이동수단(PM),여,28세,경상
2023052900100130,2023년 5월 29일 11시,월요일,제주특별자치도 제주시 노형동,부상신고사고,0,0,0,4,차대차 - 측면충돌,직진우회전진행방해,건조,맑음,교차로 - 교차로안,승용,여,51세,부상신고,승용,남,75세,부상신고
2023052900100218,2023년 5월 29일 14시,월요일,제주특별자치도 제주시 이도이동,중상사고,0,1,0,0,차대차 - 기타,안전운전불이행,건조,맑음,단일로 - 기타,화물,남,59세,상해없음,자전거,남,10세,중상
2023052900100285,2023년 5월 29일 16시,월요일,제주특별자치도 제주시 연동,중상사고,0,2,2,0,차대차 - 측면충돌,안전운전불이행,건조,맑음,교차로 - 교차로안,승용,남,36세,상해없음,승용,남,42세,중상
2023052900100323,2023년 5월 29일 17시,월요일,제주특별자치도 서귀포시 성산읍,중상사고,0,1,0,0,차대차 - 기타,교차로운행방법위반,건조,맑음,교차로 - 교차로안,승용,남,62세,상해없음,이륜,남,61세,중상
2023052900100370,2023년 5월 29일 18시,월요일,제주특별자치도 제주시 애월읍,부상신고사고,0,0,0,1,차대차 - 추돌,안전운전불이행,건조,맑음,교차로 - 교차로부근,이륜,남,35세,부상신고,승용,여,62세,상해없음
2023052900100438,2023년 5월 29일 21시,월요일,제주특별자치도 제주시 구좌읍,중상사고,0,1,0,0,차대사람 - 횡단중,안전운전불이행,젖음/습기,비,단일로 - 기타,승용,남,50세,상해없음,보행자,여,59세,중상
2023052900100469,2023년 5월 29일 23시,월요일,제주특별자치도 제주시 한경면,경상사고,0,0,1,0,차대차 - 기타,안전운전불이행,젖음/습기,비,교차로 - 교차로안,자전거,남,28세,경상,승용,남,30세,상해없음
2023053000100008,2023년 5월 30일 00시,화요일,제주특별자치도 제주시 이호이동,경상사고,0,0,1,0,차대차 - 추돌,안전거리미확보,건조,맑음,단일로 - 기타,승용,남,60세,상해없음,화물,남,24세,상해없음
2023053000100034,2023년 5월 30일 06시,화요일,제주특별자치도 제주시 연동,부상신고사고,0,0,0,1,차대차 - 측면충돌,안전운전불이행,젖음/습기,비,교차로 - 교차로안,승용,여,57세,상해없음,승용,여,37세,부상신고
2023053000100101,2023년 5월 30일 08시,화요일,제주특별자치도 서귀포시 서홍동,경상사고,0,0,3,2,차대차 - 측면충돌,직진우회전진행방해,젖음/습기,비,교차로 - 교차로안,승용,남,67세,부상신고,승용,남,79세,경상
2023053000100291,2023년 5월 30일 13시,화요일,제주특별자치도 제주시 애월읍,부상신고사고,0,0,0,1,차대차 - 추돌,안전운전불이행,젖음/습기,비,교차로 - 교차로부근,승용,남,53세,상해없음,승용,여,54세,부상신고
2023053000100323,2023년 5월 30일 14시,화요일,제주특별자치도 제주시 용담일동,중상사고,0,1,0,0,차대사람 - 횡단중,안전운전불이행,젖음/습기,비,단일로 - 기타,승용,남,40세,상해없음,보행자,여,78세,중상
2023053000100359,2023년 5월 30일 15시,화요일,제주특별자치도 제주시 아라일동,중상사고,0,1,0,0,차대사람 - 보도통행중,보행자보호의무위반,기타,기타,교차로 - 교차로안,승용,여,63세,상해없음,보행자,여,18세,중상
2023053000100360,2023년 5월 30일 15시,화요일,제주특별자치도 제주시 도련일동,경상사고,0,0,2,0,차대차 - 기타,안전운전불이행,젖음/습기,비,교차로 - 교차로횡단보도내,승용,남,57세,경상,승용,남,37세,상해없음
2023053000100361,2023년 5월 30일 15시,화요일,제주특별자치도 서귀포시 동홍동,경상사고,0,0,1,0,차대사람 - 횡단중,보행자보호의무위반,건조,맑음,교차로 - 교차로안,승용,남,51세,상해없음,보행자,남,12세,경상
2023053000100521,2023년 5월 30일 19시,화요일,제주특별자치도 제주시 한림읍,경상사고,0,0,1,0,차대사람 - 횡단중,안전운전불이행,건조,맑음,단일로 - 기타,이륜,남,24세,상해없음,보행자,남,73세,경상
2023053100100060,2023년 5월 31일 07시,수요일,제주특별자치도 제주시 노형동,경상사고,0,0,2,0,차대차 - 추돌,안전운전불이행,젖음/습기,비,단일로 - 기타,화물,남,50세,상해없음,승용,남,70세,상해없음
2023053100100061,2023년 5월 31일 07시,수요일,제주특별자치도 제주시 노형동,경상사고,0,0,2,1,차대차 - 측면충돌,안전거리미확보,젖음/습기,흐림,단일로 - 기타,승용,여,50세,상해없음,승용,여,41세,부상신고
2023053100100189,2023년 5월 31일 11시,수요일,제주특별자치도 제주시 아라이동,부상신고사고,0,0,0,1,차대차 - 측면충돌,안전운전불이행,기타,기타,단일로 - 기타,이륜,남,45세,부상신고,승용,남,23세,상해없음
2023053100100190,2023년 5월 31일 11시,수요일,제주특별자치도 제주시 조천읍,경상사고,0,0,2,0,차대차 - 추돌,안전운전불이행,건조,맑음,교차로 - 교차로부근,화물,여,18세,상해없음,승용,여,30세,경상
2023053100100218,2023년 5월 31일 12시,수요일,제주특별자치도 제주시 이도일동,경상사고,0,0,1,0,차대사람 - 횡단중,보행자보호의무위반,건조,맑음,기타 - 기타,승용,남,66세,상해없음,보행자,여,65세,경상
2023053100100336,2023년 5월 31일 15시,수요일,제주특별자치도 제주시 이도이동,경상사고,0,0,2,0,차대차 - 측면충돌,안전운전불이행,건조,맑음,단일로 - 기타,승용,남,57세,상해없음,승용,남,34세,경상
2023053100100429,2023년 5월 31일 17시,수요일,제주특별자치도 제주시 한림읍,중상사고,0,1,0,0,차대차 - 기타,직진우회전진행방해,건조,맑음,교차로 - 교차로안,승용,남,21세,상해없음,승용,여,53세,상해없음
2023053100100477,2023년 5월 31일 18시,수요일,제주특별자치도 제주시 해안동,경상사고,0,0,1,0,차대차 - 기타,안전거리미확보,건조,맑음,단일로 - 기타,승용,남,45세,상해없음,화물,남,36세,경상
2023053100100560,2023년 5월 31일 21시,수요일,제주특별자치도 서귀포시 동홍동,중상사고,0,1,0,0,차대차 - 기타,직진우회전진행방해,건조,맑음,교차로 - 교차로안,승용,여,44세,상해없음,개인형이동수단(PM),남,46세,중상
2023060100100116,2023년 6월 1일 09시,목요일,제주특별자치도 제주시 노형동,중상사고,0,1,0,0,차대차 - 측면충돌,안전운전불이행,건조,맑음,교차로 - 교차로안,이륜,여,33세,중상,승용,남,67세,상해없음
2023060100100191,2023년 6월 1일 12시,목요일,제주특별자치도 제주시 구좌읍,중상사고,0,2,0,0,차대차 - 추돌,안전운전불이행,젖음/습기,비,교차로 - 교차로부근,승용,남,62세,상해없음,승용,남,26세,중상
2023060100100250,2023년 6월 1일 14시,목요일,제주특별자치도 제주시 노형동,중상사고,0,1,0,0,차대차 - 기타,기타,건조,맑음,단일로 - 기타,승용,남,40세,기타불명,이륜,남,44세,중상
2023060100100483,2023년 6월 1일 21시,목요일,제주특별자치도 제주시 삼도일동,경상사고,0,0,1,0,차대차 - 추돌,안전운전불이행,젖음/습기,기타,교차로 - 교차로안,승용,남,58세,상해없음,승용,여,41세,경상
2023060100100484,2023년 6월 1일 21시,목요일,제주특별자치도 제주시 연동,경상사고,0,0,1,0,차대차 - 측면충돌,안전운전불이행,젖음/습기,비,단일로 - 기타,승용,여,30세,상해없음,승용,여,37세,경상
2023060200100175,2023년 6월 2일 10시,금요일,제주특별자치도 제주시 노형동,부상신고사고,0,0,0,1,차대차 - 측면충돌,안전거리미확보,건조,맑음,교차로 - 교차로부근,승용,여,69세,부상신고,승용,여,56세,상해없음
2023060200100235,2023년 6월 2일 12시,금요일,제주특별자치도 제주시 해안동,부상신고사고,0,0,0,1,차대차 - 기타,안전거리미확보,건조,맑음,단일로 - 기타,승용,여,29세,상해없음,승용,남,53세,부상신고
2023060200100265,2023년 6월 2일 13시,금요일,제주특별자치도 제주시 조천읍,중상사고,0,2,0,0,차대차 - 측면충돌,안전운전불이행,기타,기타,교차로 - 교차로안,화물,남,70세,상해없음,승용,남,46세,중상
2023060200100266,2023년 6월 2일 13시,금요일,제주특별자치도 제주시 일도이동,경상사고,0,0,1,0,차대차 - 측면충돌,교차로운행방법위반,건조,맑음,교차로 - 교차로부근,승용,여,23세,상해없음,승용,여,49세,경상
2023060200100399,2023년 6월 2일 16시,금요일,제주특별자치도 제주시 구좌읍,경상사고,0,0,1,0,차대차 - 측면충돌,교차로운행방법위반,건조,맑음,교차로 - 교차로안,승용,남,29세,상해없음,이륜,여,29세,경상
2023060200100400,2023년 6월 2일 16시,금요일,제주특별자치도 제주시 애월읍,경상사고,0,0,4,0,차대차 - 기타,기타,건조,맑음,교차로 - 교차로안,화물,남,54세,경상,화물,남,41세,경상
2023060200100466,2023년 6월 2일 17시,금요일,제주특별자치도 서귀포시 대정읍,사망사고,1,1,0,0,차대차 - 측면충돌,직진우회전진행방해,건조,맑음,교차로 - 교차로안,농기계,남,79세,사망,승용,남,32세,상해없음
2023060200100588,2023년 6월 2일 20시,금요일,제주특별자치도 제주시 아라이동,경상사고,0,0,3,0,차대차 - 정면충돌,중앙선침범,건조,맑음,교차로 - 교차로안,승용,여,27세,상해없음,승용,여,41세,경상
2023060200100615,2023년 6월 2일 21시,금요일,제주특별자치도 제주시 노형동,경상사고,0,0,1,0,차대차 - 측면충돌,기타,건조,맑음,교차로 - 교차로안,승용,여,66세,기타불명,개인형이동수단(PM),남,44세,경상
2023060300100021,2023년 6월 3일 02시,토요일,제주특별자치도 제주시 영평동,경상사고,0,0,1,0,차량단독 - 기타,안전운전불이행,기타,기타,기타 - 기타,개인형이동수단(PM),여,27세,경상,,,,
2023060300100043,2023년 6월 3일 05시,토요일,제주특별자치도 제주시 이도이동,경상사고,0,0,2,0,차대차 - 기타,신호위반,건조,맑음,교차로 - 교차로안,승용,남,28세,상해없음,승용,남,58세,경상
2023060300100084,2023년 6월 3일 08시,토요일,제주특별자치도 제주시 조천읍,중상사고,0,1,1,0,차대차 - 추돌,안전운전불이행,건조,맑음,단일로 - 기타,이륜,남,26세,중상,화물,남,39세,경상
2023060300100111,2023년 6월 3일 09시,토요일,제주특별자치도 제주시 도남동,경상사고,0,0,1,0,차대사람 - 횡단중,보행자보호의무위반,건조,맑음,교차로 - 교차로횡단보도내,승용,여,45세,상해없음,보행자,여,28세,경상
2023060300100112,2023년 6월 3일 09시,토요일,제주특별자치도 제주시 애월읍,경상사고,0,0,1,0,차대차 - 기타,안전거리미확보,건조,맑음,기타 - 기타,승용,여,23세,상해없음,이륜,남,46세,경상
2023060300100137,2023년 6월 3일 10시,토요일,제주특별자치도 서귀포시 성산읍,중상사고,0,1,0,0,차대차 - 기타,안전운전불이행,건조,맑음,교차로 - 교차로부근,이륜,남,42세,중상,화물,남,71세,상해없음
2023060300100171,2023년 6월 3일 11시,토요일,제주특별자치도 제주시 삼도일동,중상사고,0,1,0,0,차대사람 - 차도통행중,안전운전불이행,건조,맑음,단일로 - 기타,승용,여,38세,상해없음,보행자,남,67세,중상
2023060300100266,2023년 6월 3일 13시,토요일,제주특별자치도 제주시 외도일동,부상신고사고,0,0,0,1,차대사람 - 횡단중,안전운전불이행,건조,맑음,단일로 - 기타,승용,여,44세,상해없음,보행자,남,45세,부상신고
2023060300100370,2023년 6월 3일 16시,토요일,제주특별자치도 제주시 조천읍,중상사고,0,1,0,0,차대사람 - 차도통행중,기타,건조,맑음,단일로 - 기타,승용,여,70세,상해없음,보행자,남,74세,중상
2023060300100411,2023년 6월 3일 17시,토요일,제주특별자치도 제주시 이도이동,경상사고,0,0,1,0,차대차 - 기타,안전운전불이행,건조,맑음,단일로 - 기타,승용,남,34세,상해없음,이륜,남,41세,경상
2023060300100412,2023년 6월 3일 17시,토요일,제주특별자치도 제주시 애월읍,경상사고,0,0,2,0,차대차 - 추돌,안전거리미확보,건조,맑음,단일로 - 기타,승용,여,29세,상해없음,승용,남,51세,경상
2023060300100453,2023년 6월 3일 18시,토요일,제주특별자치도 서귀포시 동홍동,경상사고,0,0,1,0,차대차 - 후진중충돌,안전운전불이행,건조,맑음,기타 - 기타,승용,남,76세,상해없음,승용,여,28세,경상
2023060300100454,2023년 6월 3일 18시,토요일,제주특별자치도 제주시 도평동,경상사고,0,0,1,0,차대차 - 측면충돌,안전운전불이행,건조,맑음,단일로 - 기타,승용,남,48세,상해없음,자전거,여,8세,경상
2023060300100502,2023년 6월 3일 20시,토요일,제주특별자치도 제주시 애월읍,경상사고,0,0,2,0,차량단독 - 공작물충돌,안전운전불이행,건조,맑음,단일로 - 기타,승용,여,43세,경상,,,,
2023060300100550,2023년 6월 3일 22시,토요일,제주특별자치도 서귀포시 성산읍,경상사고,0,0,1,0,차대차 - 기타,안전운전불이행,건조,기타,단일로 - 기타,승용,여,55세,상해없음,승용,여,48세,경상
2023060400100009,2023년 6월 4일 00시,일요일,제주특별자치도 제주시 이도이동,중상사고,0,1,2,0,차대차 - 측면충돌,신호위반,건조,맑음,교차로 - 교차로안,이륜,남,39세,중상,승용,남,54세,경상
2023060400100171,2023년 6월 4일 12시,일요일,제주특별자치도 서귀포시 남원읍,중상사고,0,3,1,0,차대차 - 추돌,안전운전불이행,건조,맑음,교차로 - 교차로부근,승용,남,65세,상해없음,승용,여,39세,중상
2023060400100172,2023년 6월 4일 12시,일요일,제주특별자치도 서귀포시 대정읍,중상사고,0,4,1,0,차대차 - 기타,신호위반,건조,맑음,교차로 - 교차로안,화물,남,72세,경상,승용,남,78세,중상
2023060400100173,2023년 6월 4일 12시,일요일,제주특별자치도 서귀포시 중문동,경상사고,0,0,1,0,차대차 - 추돌,안전운전불이행,건조,맑음,단일로 - 기타,화물,남,29세,상해없음,원동기,남,37세,경상
2023060400100212,2023년 6월 4일 13시,일요일,제주특별자치도 제주시 용담이동,경상사고,0,0,1,0,차대차 - 기타,안전거리미확보,건조,맑음,단일로 - 기타,승용,남,38세,상해없음,승합,남,41세,상해없음
2023060400100278,2023년 6월 4일 15시,일요일,제주특별자치도 서귀포시 안덕면,중상사고,0,1,2,0,차대차 - 측면충돌,직진우회전진행방해,건조,맑음,교차로 - 교차로안,승용,남,60세,상해없음,승용,남,52세,경상
2023060400100321,2023년 6월 4일 16시,일요일,제주특별자치도 제주시 한림읍,경상사고,0,0,1,0,차량단독 - 기타,안전운전불이행,건조,맑음,단일로 - 기타,이륜,남,65세,경상,,,,
2023060400100322,2023년 6월 4일 16시,일요일,제주특별자치도 제주시 노형동,중상사고,0,1,0,0,차대차 - 측면충돌,신호위반,건조,맑음,교차로 - 교차로안,승용,남,26세,상해없음,이륜,남,47세,중상
2023060400100356,2023년 6월 4일 17시,일요일,제주특별자치도 서귀포시 성산읍,중상사고,0,1,0,0,차대사람 - 길가장자리구역통행중,안전운전불이행,건조,맑음,단일로 - 기타,승용,여,23세,상해없음,보행자,여,75세,중상
2023060400100399,2023년 6월 4일 19시,일요일,제주특별자치도 제주시 삼도이동,경상사고,0,0,1,0,차대사람 - 기타,안전운전불이행,건조,맑음,교차로 - 교차로부근,승용,남,49세,상해없음,보행자,남,4세,경상
2023060400100400,2023년 6월 4일 19시,일요일,제주특별자치도 서귀포시 호근동,경상사고,0,0,6,0,차대차 - 기타,안전운전불이행,건조,맑음,단일로 - 기타,승용,남,42세,경상,승용,여,41세,경상
2023060400100473,2023년 6월 4일 23시,일요일,제주특별자치도 제주시 화북일동,경상사고,0,0,2,0,차대차 - 추돌,안전운전불이행,건조,맑음,단일로 - 기타,승용,여,65세,상해없음,승용,남,29세,경상
2023060500100092,2023년 6월 5일 08시,월요일,제주특별자치도 제주시 구좌읍,중상사고,0,1,0,0,차대차 - 기타,안전운전불이행,젖음/습기,흐림,교차로 - 교차로안,이륜,여,80세,중상,승용,여,46세,상해없음
2023060500100345,2023년 6월 5일 15시,월요일,제주특별자치도 제주시 영평동,경상사고,0,0,3,0,차대차 - 추돌,안전운전불이행,건조,맑음,교차로 - 교차로안,화물,남,33세,상해없음,승용,남,62세,경상
2023060500100346,2023년 6월 5일 15시,월요일,제주특별자치도 제주시 애월읍,경상사고,0,0,1,0,차대사람 - 기타,안전운전불이행,건조,맑음,기타 - 기타,승용,남,69세,상해없음,보행자,남,27세,경상
2023060500100385,2023년 6월 5일 16시,월요일,제주특별자치도 서귀포시 하원동,경상사고,0,0,1,0,차대차 - 기타,안전운전불이행,건조,맑음,단일로 - 기타,승용,여,26세,상해없음,자전거,남,38세,경상
2023060500100425,2023년 6월 5일 17시,월요일,제주특별자치도 서귀포시 표선면,경상사고,0,0,1,0,차대차 - 기타,중앙선침범,건조,맑음,단일로 - 기타,화물,남,64세,상해없음,승용,남,25세,경상
2023060500100475,2023년 6월 5일 18시,월요일,제주특별자치도 제주시 노형동,중상사고,0,1,0,0,차대사람 - 차도통행중,안전운전불이행,젖음/습기,비,교차로 - 교차로안,화물,남,61세,상해없음,보행자,여,74세,중상
2023060500100476,2023년 6월 5일 18시,월요일,제주특별자치도 제주시 노형동,경상사고,0,0,1,0,차대차 - 기타,안전운전불이행,건조,맑음,교차로 - 교차로부근,승용,여,55세,상해없음,승용,여,32세,경상
2023060500100544,2023년 6월 5일 20시,월요일,제주특별자치도 제주시 삼도이동,경상사고,0,0,1,0,차대차 - 추돌,안전거리미확보,젖음/습기,기타,교차로 - 교차로부근,승용,남,30세,상해없음,승용,남,46세,경상
2023060500100545,2023년 6월 5일 20시,월요일,제주특별자치도 제주시 일도이동,중상사고,0,1,0,0,차대사람 - 횡단중,보행자보호의무위반,젖음/습기,비,교차로 - 교차로안,승용,여,42세,상해없음,보행자,여,9세,중상
2023060500100574,2023년 6월 5일 21시,월요일,제주특별자치도 제주시 일도이동,중상사고,0,1,0,0,차대사람 - 횡단중,보행자보호의무위반,젖음/습기,비,교차로 - 교차로횡단보도내,이륜,남,24세,상해없음,보행자,여,59세,중상
2023060500100605,2023년 6월 5일 22시,월요일,제주특별자치도 제주시 애월읍,경상사고,0,0,1,0,차대사람 - 횡단중,안전운전불이행,건조,맑음,단일로 - 기타,승용,남,69세,상해없음,보행자,여,45세,경상
2023060500100629,2023년 6월 5일 23시,월요일,제주특별자치도 제주시 삼도이동,중상사고,0,1,0,0,차대사람 - 횡단중,보행자보호의무위반,젖음/습기,비,단일로 - 기타,승용,여,55세,상해없음,보행자,남,54세,중상
2023060600100035,2023년 6월 6일 04시,화요일,제주특별자치도 제주시 이도일동,경상사고,0,0,1,0,차대차 - 측면충돌,안전거리미확보,젖음/습기,비,교차로 - 교차로부근,승용,남,66세,상해없음,승용,남,63세,상해없음
2023060600100156,2023년 6월 6일 11시,화요일,제주특별자치도 제주시 이호이동,경상사고,0,0,1,0,차대차 - 측면충돌,직진우회전진행방해,건조,맑음,교차로 - 교차로안,승용,남,57세,상해없음,이륜,남,41세,경상
2023060600100224,2023년 6월 6일 13시,화요일,제주특별자치도 서귀포시 안덕면,경상사고,0,0,1,0,차대사람 - 기타,중앙선침범,건조,맑음,단일로 - 기타,승용,남,66세,상해없음,보행자,남,24세,경상
2023060600100313,2023년 6월 6일 16시,화요일,제주특별자치도 제주시 외도일동,중상사고,0,3,0,0,차대차 - 기타,중앙선침범,건조,맑음,교차로 - 교차로부근,승용,남,24세,중상,승용,남,71세,중상
2023060600100355,2023년 6월 6일 17시,화요일,제주특별자치도 서귀포시 서귀동,부상신고사고,0,0,0,1,차대차 - 측면충돌,신호위반,건조,맑음,교차로 - 교차로안,승용,남,19세,상해없음,원동기,남,35세,부상신고
2023060600100389,2023년 6월 6일 18시,화요일,제주특별자치도 제주시 애월읍,경상사고,0,0,2,0,차대차 - 기타,안전운전불이행,건조,맑음,단일로 - 기타,승용,여,45세,상해없음,승용,남,32세,경상
2023060600100435,2023년 6월 6일 20시,화요일,제주특별자치도 서귀포시 성산읍,경상사고,0,0,3,0,차대차 - 추돌,안전운전불이행,건조,기타,교차로 - 교차로안,승용,남,53세,상해없음,승용,남,36세,상해없음
2023060700100010,2023년 6월 7일 00시,수요일,제주특별자치도 제주시 조천읍,경상사고,0,0,2,0,차대차 - 측면충돌,신호위반,건조,맑음,교차로 - 교차로안,승용,여,26세,상해없음,승용,남,50세,경상
2023060700100035,2023년 6월 7일 06시,수요일,제주특별자치도 서귀포시 표선면,경상사고,0,0,1,0,차대차 - 기타,교차로운행방법위반,건조,맑음,교차로 - 교차로안,승용,남,61세,상해없음,승용,남,25세,경상
2023060700100058,2023년 6월 7일 07시,수요일,제주특별자치도 서귀포시 안덕면,경상사고,0,0,1,0,차대차 - 후진중충돌,안전운전불이행,건조,맑음,교차로 - 교차로안,승용,여,62세,상해없음,승용,남,31세,경상
2023060700100182,2023년 6월 7일 10시,수요일,제주특별자치도 서귀포시 동홍동,경상사고,0,0,2,0,차대차 - 기타,신호위반,건조,맑음,교차로 - 교차로안,승용,여,55세,경상,승용,여,47세,경상
2023060700100183,2023년 6월 7일 10시,수요일,제주특별자치도 서귀포시 강정동,경상사고,0,0,1,0,차대사람 - 기타,안전운전불이행,건조,맑음,기타 - 기타,승용,남,49세,상해없음,보행자,남,27세,경상
2023060700100184,2023년 6월 7일 10시,수요일,제주특별자치도 제주시 노형동,중상사고,0,1,0,0,차대사람 - 보도통행중,기타,건조,맑음,단일로 - 기타,화물,남,35세,상해없음,보행자,남,77세,중상
2023060700100251,2023년 6월 7일 12시,수요일,제주특별자치도 서귀포시 성산읍,경상사고,0,0,3,0,차대차 - 기타,직진우회전진행방해,건조,맑음,교차로 - 교차로안,승용,남,83세,상해없음,승합,남,27세,경상
2023060700100353,2023년 6월 7일 15시,수요일,제주특별자치도 제주시 오라일동,경상사고,0,0,2,0,차대차 - 추돌,직진우회전진행방해,건조,맑음,교차로 - 교차로안,승용,남,23세,상해없음,화물,남,62세,경상
2023060700100441,2023년 6월 7일 17시,수요일,제주특별자치도 제주시 조천읍,중상사고,0,1,1,0,차대차 - 정면충돌,중앙선침범,건조,맑음,단일로 - 기타,승용,여,22세,경상,화물,남,45세,중상
2023060700100442,2023년 6월 7일 17시,수요일,제주특별자치도 제주시 연동,경상사고,0,0,3,0,차대차 - 추돌,안전거리미확보,건조,맑음,단일로 - 기타,승용,남,64세,상해없음,승용,여,36세,경상
2023060700100483,2023년 6월 7일 18시,수요일,제주특별자치도 서귀포시 남원읍,경상사고,0,0,1,0,차대차 - 정면충돌,중앙선침범,건조,맑음,단일로 - 기타,승용,남,67세,상해없음,승용,남,53세,경상