사고번호,사고일시,요일,시군구,사고내용,사망자수,중상자수,경상자수,부상신고자수,사고유형,법규위반,노면상태,기상상태,도로형태,가해운전자 차종,가해운전자 성별,가해운전자 연령,가해운전자 상해정도,피해운전자 차종,피해운전자 성별,피해운전자 연령,피해운전자 상해정도
2023060700100484,2023년 6월 7일 18시,수요일,제주특별자치도 서귀포시 대정읍,경상사고,0,0,2,0,차대차 - 측면충돌,안전운전불이행,건조,맑음,단일로 - 기타,승용,여,64세,경상,승용,남,86세,경상
2023060700100486,2023년 6월 7일 18시,수요일,제주특별자치도 제주시 연동,경상사고,0,0,1,0,차대차 - 측면충돌,안전운전불이행,건조,맑음,교차로 - 교차로안,승용,남,55세,상해없음,승용,여,52세,상해없음
2023060700100592,2023년 6월 7일 22시,수요일,제주특별자치도 제주시 화북이동,경상사고,0,0,1,1,차대차 - 정면충돌,신호위반,건조,맑음,교차로 - 교차로안,승용,남,25세,부상신고,승용,여,33세,경상
2023060700100614,2023년 6월 7일 23시,수요일,제주특별자치도 제주시 건입동,경상사고,0,0,1,0,차대차 - 추돌,안전운전불이행,건조,맑음,단일로 - 기타,승용,여,53세,상해없음,이륜,남,41세,경상
2023060700100615,2023년 6월 7일 23시,수요일,제주특별자치도 제주시 삼도이동,부상신고사고,0,0,0,1,차대차 - 측면충돌,안전운전불이행,건조,맑음,단일로 - 기타,승용,여,20세,상해없음,이륜,남,34세,부상신고
2023060700100616,2023년 6월 7일 23시,수요일,제주특별자치도 서귀포시 신효동,경상사고,0,0,1,0,차대차 - 추돌,안전운전불이행,건조,맑음,교차로 - 교차로부근,화물,남,53세,상해없음,승용,남,50세,경상
2023060800100029,2023년 6월 8일 03시,목요일,제주특별자치도 제주시 이도이동,경상사고,0,0,3,0,차대차 - 추돌,안전운전불이행,건조,맑음,단일로 - 기타,승용,남,48세,기타불명,승용,남,54세,경상
2023060800100076,2023년 6월 8일 07시,목요일,제주특별자치도 제주시 화북일동,경상사고,0,0,1,0,차대차 - 정면충돌,신호위반,건조,흐림,교차로 - 교차로부근,승용,남,40세,상해없음,승용,남,53세,경상
2023060800100110,2023년 6월 8일 08시,목요일,제주특별자치도 서귀포시 안덕면,경상사고,0,0,1,0,차대차 - 기타,차로위반,건조,맑음,단일로 - 기타,승용,여,48세,상해없음,화물,남,52세,경상
2023060800100149,2023년 6월 8일 09시,목요일,제주특별자치도 제주시 한림읍,경상사고,0,0,1,0,차량단독 - 공작물충돌,안전운전불이행,건조,맑음,단일로 - 기타,화물,남,73세,경상,,,,
2023060800100233,2023년 6월 8일 12시,목요일,제주특별자치도 제주시 건입동,중상사고,0,1,0,0,차대차 - 측면충돌,안전운전불이행,건조,맑음,단일로 - 기타,승용,남,56세,상해없음,이륜,남,48세,중상
2023060800100234,2023년 6월 8일 12시,목요일,제주특별자치도 제주시 일도이동,경상사고,0,0,1,0,차대차 - 기타,안전운전불이행,건조,맑음,기타 - 기타,승용,여,57세,상해없음,화물,남,35세,경상
2023060800100292,2023년 6월 8일 14시,목요일,제주특별자치도 제주시 구좌읍,경상사고,0,0,1,0,차대차 - 측면충돌,안전운전불이행,건조,맑음,교차로 - 교차로안,이륜,여,60세,경상,승용,여,51세,상해없음
2023060800100321,2023년 6월 8일 15시,목요일,제주특별자치도 제주시 일도이동,중상사고,0,1,0,0,차대사람 - 기타,안전운전불이행,건조,맑음,단일로 - 기타,승합,여,71세,상해없음,보행자,여,74세,중상
2023060800100395,2023년 6월 8일 17시,목요일,제주특별자치도 서귀포시 안덕면,경상사고,0,0,1,0,차대차 - 기타,신호위반,건조,맑음,교차로 - 교차로안,승용,남,77세,상해없음,승용,남,29세,경상
2023060800100396,2023년 6월 8일 17시,목요일,제주특별자치도 서귀포시 동홍동,경상사고,0,0,1,0,차대사람 - 횡단중,안전운전불이행,건조,흐림,단일로 - 기타,승용,남,57세,상해없음,보행자,남,5세,경상
2023060800100397,2023년 6월 8일 17시,목요일,제주특별자치도 제주시 노형동,경상사고,0,0,1,0,차대차 - 기타,안전거리미확보,건조,맑음,단일로 - 기타,승용,여,63세,상해없음,승용,남,55세,경상
2023060800100460,2023년 6월 8일 19시,목요일,제주특별자치도 제주시 구좌읍,중상사고,0,1,2,0,차대차 - 측면충돌,교차로운행방법위반,건조,맑음,교차로 - 교차로안,승용,여,22세,경상,승용,남,29세,중상
2023060800100490,2023년 6월 8일 20시,목요일,제주특별자치도 제주시 도남동,경상사고,0,0,2,0,차대차 - 정면충돌,안전운전불이행,건조,기타,교차로 - 교차로안,승용,남,52세,상해없음,승용,남,23세,경상
2023060800100528,2023년 6월 8일 21시,목요일,제주특별자치도 제주시 노형동,경상사고,0,0,1,0,차대사람 - 횡단중,보행자보호의무위반,건조,맑음,교차로 - 교차로횡단보도내,승용,여,57세,상해없음,보행자,남,21세,경상
2023060900100067,2023년 6월 9일 07시,금요일,제주특별자치도 제주시 일도이동,경상사고,0,0,1,0,차대사람 - 횡단중,신호위반,건조,맑음,단일로 - 기타,승용,남,57세,상해없음,보행자,여,54세,경상
2023060900100068,2023년 6월 9일 07시,금요일,제주특별자치도 제주시 도두일동,경상사고,0,0,1,0,차대차 - 기타,직진우회전진행방해,건조,맑음,교차로 - 교차로안,승용,남,37세,상해없음,승합,여,65세,경상
2023060900100277,2023년 6월 9일 13시,금요일,제주특별자치도 제주시 노형동,부상신고사고,0,0,0,1,차대차 - 추돌,안전운전불이행,건조,맑음,교차로 - 교차로부근,승용,남,64세,상해없음,화물,남,35세,부상신고
2023060900100343,2023년 6월 9일 15시,금요일,제주특별자치도 서귀포시 남원읍,경상사고,0,0,2,0,차대차 - 추돌,안전운전불이행,건조,맑음,단일로 - 기타,승용,남,32세,상해없음,승용,남,49세,경상
2023060900100344,2023년 6월 9일 15시,금요일,제주특별자치도 제주시 연동,경상사고,0,0,1,1,차대차 - 측면충돌,안전거리미확보,건조,맑음,단일로 - 기타,승용,여,21세,상해없음,승용,남,54세,부상신고
2023060900100397,2023년 6월 9일 16시,금요일,제주특별자치도 제주시 한림읍,경상사고,0,0,1,0,차대차 - 기타,신호위반,건조,맑음,교차로 - 교차로안,화물,남,53세,상해없음,화물,남,37세,상해없음
2023060900100455,2023년 6월 9일 17시,금요일,제주특별자치도 서귀포시 성산읍,경상사고,0,0,3,0,차대차 - 기타,차로위반,건조,맑음,교차로 - 교차로안,승용,여,43세,경상,승용,여,28세,경상
2023060900100549,2023년 6월 9일 19시,금요일,제주특별자치도 제주시 용담이동,경상사고,0,0,1,0,차대차 - 기타,안전거리미확보,건조,맑음,단일로 - 기타,승용,남,66세,상해없음,승합,남,54세,경상
2023060900100607,2023년 6월 9일 21시,금요일,제주특별자치도 제주시 외도일동,경상사고,0,0,1,0,차대사람 - 기타,안전운전불이행,건조,기타,단일로 - 기타,승용,남,43세,상해없음,보행자,남,38세,경상
2023061000100013,2023년 6월 10일 00시,토요일,제주특별자치도 제주시 구좌읍,중상사고,0,1,2,0,차대차 - 정면충돌,중앙선침범,건조,맑음,단일로 - 기타,승용,여,32세,상해없음,승용,여,53세,중상
2023061000100106,2023년 6월 10일 09시,토요일,제주특별자치도 제주시 애월읍,부상신고사고,0,0,0,1,차대사람 - 기타,안전운전불이행,건조,맑음,기타 - 기타,기타불명,기타불명,미분류,기타불명,보행자,여,68세,부상신고
2023061000100132,2023년 6월 10일 10시,토요일,제주특별자치도 제주시 화북이동,중상사고,0,1,2,1,차대차 - 추돌,안전운전불이행,건조,맑음,단일로 - 기타,승용,여,42세,부상신고,화물,남,65세,중상
2023061000100321,2023년 6월 10일 15시,토요일,제주특별자치도 제주시 오등동,중상사고,0,2,1,0,차량단독 - 공작물충돌,안전운전불이행,건조,맑음,교차로 - 교차로안,승용,여,44세,경상,,,,
2023061000100322,2023년 6월 10일 15시,토요일,제주특별자치도 제주시 아라일동,경상사고,0,0,1,0,차량단독 - 기타,기타,건조,기타,단일로 - 기타,승합,남,60세,상해없음,,,,
2023061000100323,2023년 6월 10일 15시,토요일,제주특별자치도 제주시 연동,중상사고,0,1,0,1,차대차 - 측면충돌,안전운전불이행,건조,맑음,교차로 - 교차로부근,승용,남,58세,상해없음,승용,남,31세,중상
2023061000100492,2023년 6월 10일 21시,토요일,제주특별자치도 제주시 조천읍,중상사고,0,1,0,2,차량단독 - 공작물충돌,안전운전불이행,젖음/습기,안개,단일로 - 기타,이륜,남,18세,부상신고,,,,
2023061000100493,2023년 6월 10일 21시,토요일,제주특별자치도 제주시 이도이동,경상사고,0,0,1,0,차대차 - 측면충돌,중앙선침범,기타,기타,단일로 - 기타,승용,남,43세,상해없음,승용,남,25세,경상
2023061000100494,2023년 6월 10일 21시,토요일,제주특별자치도 제주시 조천읍,경상사고,0,0,3,0,차대차 - 기타,안전거리미확보,건조,맑음,단일로 - 기타,승합,남,55세,상해없음,승용,여,41세,경상
2023061100100035,2023년 6월 11일 02시,일요일,제주특별자치도 제주시 이도이동,경상사고,0,0,1,0,차대차 - 측면충돌,안전운전불이행,건조,맑음,교차로 - 교차로부근,승용,남,31세,상해없음,승용,여,60세,경상
2023061100100046,2023년 6월 11일 03시,일요일,제주특별자치도 제주시 연동,경상사고,0,0,1,0,차량단독 - 기타,안전운전불이행,건조,맑음,교차로 - 교차로부근,승용,남,55세,상해없음,,,,
2023061100100056,2023년 6월 11일 04시,일요일,제주특별자치도 제주시 삼도이동,중상사고,0,1,0,0,차량단독 - 전도전복 - 전도,안전운전불이행,건조,기타,단일로 - 기타,개인형이동수단(PM),남,48세,중상,,,,
2023061100100059,2023년 6월 11일 05시,일요일,제주특별자치도 서귀포시 월평동,경상사고,0,0,1,0,차대차 - 추돌,안전운전불이행,건조,맑음,교차로 - 교차로안,승용,남,28세,상해없음,화물,남,60세,경상
2023061100100077,2023년 6월 11일 07시,일요일,제주특별자치도 제주시 애월읍,경상사고,0,0,1,0,차대차 - 기타,안전운전불이행,건조,맑음,교차로 - 교차로안,승용,남,22세,상해없음,승용,남,32세,경상
2023061100100087,2023년 6월 11일 08시,일요일,제주특별자치도 제주시 연동,경상사고,0,0,1,0,차량단독 - 기타,기타,건조,맑음,단일로 - 기타,승용,남,60세,상해없음,,,,
2023061100100133,2023년 6월 11일 11시,일요일,제주특별자치도 제주시 도남동,경상사고,0,0,2,0,차대차 - 측면충돌,안전운전불이행,건조,맑음,교차로 - 교차로부근,이륜,남,57세,경상,승용,여,52세,경상
2023061100100134,2023년 6월 11일 11시,일요일,제주특별자치도 서귀포시 서귀동,경상사고,0,0,2,0,차대차 - 측면충돌,직진우회전진행방해,건조,맑음,교차로 - 교차로안,승용,남,66세,상해없음,승용,여,42세,경상
2023061100100161,2023년 6월 11일 12시,일요일,제주특별자치도 제주시 조천읍,중상사고,0,1,0,0,차대차 - 측면충돌,직진우회전진행방해,건조,맑음,교차로 - 교차로안,승용,여,30세,상해없음,이륜,여,71세,중상
2023061100100217,2023년 6월 11일 14시,일요일,제주특별자치도 제주시 도남동,부상신고사고,0,0,0,3,차대차 - 추돌,안전거리미확보,건조,맑음,교차로 - 교차로안,승용,여,39세,부상신고,승용,남,30세,부상신고
2023061100100218,2023년 6월 11일 14시,일요일,제주특별자치도 제주시 연동,경상사고,0,0,1,0,차대차 - 기타,직진우회전진행방해,건조,맑음,교차로 - 교차로안,승용,여,44세,상해없음,승용,남,29세,경상
2023061100100258,2023년 6월 11일 15시,일요일,제주특별자치도 제주시 도련일동,경상사고,0,0,1,2,차대차 - 측면충돌,직진우회전진행방해,건조,맑음,교차로 - 교차로안,승용,여,42세,기타불명,승용,여,32세,경상
2023061100100259,2023년 6월 11일 15시,일요일,제주특별자치도 서귀포시 서귀동,경상사고,0,0,1,0,차대사람 - 기타,안전운전불이행,건조,맑음,기타 - 기타,승용,남,56세,상해없음,보행자,여,43세,경상
2023061100100284,2023년 6월 11일 16시,일요일,제주특별자치도 서귀포시 동홍동,경상사고,0,0,3,0,차대차 - 추돌,안전거리미확보,건조,맑음,교차로 - 교차로부근,승용,여,54세,상해없음,승용,남,47세,경상
2023061100100400,2023년 6월 11일 21시,일요일,제주특별자치도 서귀포시 남원읍,중상사고,0,2,0,0,차대차 - 정면충돌,직진우회전진행방해,젖음/습기,기타,교차로 - 교차로안,원동기,남,30세,중상,화물,남,60세,상해없음
2023061200100010,2023년 6월 12일 01시,월요일,제주특별자치도 제주시 연동,부상신고사고,0,0,0,1,차대사람 - 기타,안전운전불이행,건조,맑음,단일로 - 기타,승용,남,41세,상해없음,보행자,남,43세,부상신고
2023061200100109,2023년 6월 12일 08시,월요일,제주특별자치도 제주시 용담이동,경상사고,0,0,1,0,차대차 - 측면충돌,안전운전불이행,건조,맑음,교차로 - 교차로부근,승용,여,26세,상해없음,승용,여,60세,경상
2023061200100218,2023년 6월 12일 11시,월요일,제주특별자치도 제주시 외도이동,중상사고,0,1,1,0,차량단독 - 공작물충돌,안전운전불이행,건조,맑음,단일로 - 기타,이륜,남,67세,경상,,,,
2023061200100254,2023년 6월 12일 12시,월요일,제주특별자치도 서귀포시 서귀동,경상사고,0,0,1,0,차대사람 - 보도통행중,안전운전불이행,건조,맑음,기타 - 기타,승용,남,25세,상해없음,보행자,남,38세,경상
2023061200100255,2023년 6월 12일 12시,월요일,제주특별자치도 서귀포시 안덕면,중상사고,0,2,7,0,차대차 - 측면충돌,기타,건조,맑음,교차로 - 교차로안,승용,남,28세,경상,승용,여,60세,중상
2023061200100285,2023년 6월 12일 13시,월요일,제주특별자치도 제주시 조천읍,경상사고,0,0,2,0,차대차 - 측면충돌,중앙선침범,기타,기타,단일로 - 기타,승용,남,57세,상해없음,승용,남,47세,경상
2023061200100397,2023년 6월 12일 16시,월요일,제주특별자치도 제주시 삼도일동,중상사고,0,1,0,0,차대사람 - 횡단중,신호위반,건조,맑음,교차로 - 교차로안,화물,남,60세,상해없음,보행자,여,54세,중상
2023061200100398,2023년 6월 12일 16시,월요일,제주특별자치도 제주시 이도일동,경상사고,0,0,1,0,차대차 - 측면충돌,교차로운행방법위반,건조,맑음,교차로 - 교차로안,승용,여,44세,상해없음,이륜,남,32세,경상
2023061200100399,2023년 6월 12일 16시,월요일,제주특별자치도 서귀포시 동홍동,경상사고,0,0,2,0,차대차 - 기타,교차로운행방법위반,건조,맑음,교차로 - 교차로부근,승용,남,52세,상해없음,승용,여,51세,경상
2023061200100481,2023년 6월 12일 18시,월요일,제주특별자치도 서귀포시 색달동,경상사고,0,0,3,0,차대차 - 기타,직진우회전진행방해,건조,맑음,교차로 - 교차로안,승용,남,28세,상해없음,승용,남,40세,경상
2023061300100060,2023년 6월 13일 07시,화요일,제주특별자치도 제주시 오라일동,경상사고,0,0,1,0,차량단독 - 기타,기타,건조,맑음,단일로 - 기타,승합,남,62세,상해없음,,,,
2023061300100148,2023년 6월 13일 09시,화요일,제주특별자치도 서귀포시 대정읍,경상사고,0,0,2,0,차대차 - 기타,교차로운행방법위반,건조,맑음,교차로 - 교차로안,승용,여,43세,경상,화물,남,59세,경상
2023061300100149,2023년 6월 13일 09시,화요일,제주특별자치도 서귀포시 서홍동,부상신고사고,0,0,0,1,차대차 - 추돌,안전거리미확보,건조,맑음,교차로 - 교차로부근,이륜,남,68세,부상신고,승용,여,38세,상해없음
2023061300100150,2023년 6월 13일 09시,화요일,제주특별자치도 제주시 한림읍,경상사고,0,0,1,0,차대사람 - 차도통행중,안전운전불이행,건조,맑음,교차로 - 교차로안,승용,여,26세,상해없음,보행자,남,48세,경상
2023061300100182,2023년 6월 13일 10시,화요일,제주특별자치도 제주시 아라일동,중상사고,0,1,0,0,차대차 - 기타,안전거리미확보,건조,맑음,단일로 - 기타,승용,여,37세,상해없음,승합,남,61세,상해없음
2023061300100183,2023년 6월 13일 10시,화요일,제주특별자치도 제주시 이도이동,경상사고,0,0,1,0,차대차 - 추돌,안전운전불이행,건조,맑음,단일로 - 기타,승용,여,40세,상해없음,승용,남,46세,경상
2023061300100184,2023년 6월 13일 10시,화요일,제주특별자치도 제주시 일도일동,경상사고,0,0,1,0,차대차 - 측면충돌,안전거리미확보,건조,맑음,교차로 - 교차로부근,화물,남,51세,상해없음,승용,여,37세,경상
2023061300100207,2023년 6월 13일 11시,화요일,제주특별자치도 제주시 일도이동,중상사고,0,1,0,0,차대차 - 추돌,안전운전불이행,건조,맑음,단일로 - 기타,화물,남,54세,상해없음,화물,남,38세,중상
2023061300100275,2023년 6월 13일 13시,화요일,제주특별자치도 서귀포시 상효동,중상사고,0,1,3,0,차량단독 - 공작물충돌,안전운전불이행,건조,맑음,단일로 - 기타,승합,남,49세,상해없음,,,,
2023061300100386,2023년 6월 13일 16시,화요일,제주특별자치도 제주시 이도이동,경상사고,0,0,1,0,차대차 - 측면충돌,직진우회전진행방해,건조,맑음,교차로 - 교차로부근,승용,여,65세,상해없음,승용,여,54세,경상
2023061300100387,2023년 6월 13일 16시,화요일,제주특별자치도 제주시 용담이동,경상사고,0,0,2,0,차대차 - 측면충돌,직진우회전진행방해,건조,맑음,교차로 - 교차로안,화물,남,45세,경상,승용,여,24세,경상
2023061300100444,2023년 6월 13일 17시,화요일,제주특별자치도 제주시 회천동,경상사고,0,0,1,0,차대차 - 기타,안전운전불이행,건조,맑음,단일로 - 기타,승용,남,54세,상해없음,승용,여,39세,경상
2023061300100499,2023년 6월 13일 18시,화요일,제주특별자치도 서귀포시 서호동,경상사고,0,0,1,0,차대차 - 측면충돌,안전거리미확보,건조,맑음,단일로 - 기타,승용,여,45세,상해없음,승용,남,41세,경상
2023061300100602,2023년 6월 13일 22시,화요일,제주특별자치도 제주시 이도일동,경상사고,0,0,1,0,차대차 - 정면충돌,안전운전불이행,건조,기타,교차로 - 교차로안,승용,남,52세,상해없음,이륜,남,53세,경상
2023061400100046,2023년 6월 14일 06시,수요일,제주특별자치도 서귀포시 성산읍,부상신고사고,0,0,0,1,차량단독 - 전도전복 - 전도,안전운전불이행,건조,맑음,단일로 - 기타,이륜,여,74세,부상신고,,,,
2023061400100111,2023년 6월 14일 08시,수요일,제주특별자치도 서귀포시 서호동,중상사고,0,1,1,0,차대차 - 기타,안전운전불이행,건조,맑음,교차로 - 교차로부근,승용,남,35세,경상,승용,남,40세,중상
2023061400100181,2023년 6월 14일 10시,수요일,제주특별자치도 제주시 애월읍,경상사고,0,0,1,0,차대차 - 측면충돌,안전운전불이행,건조,맑음,단일로 - 기타,화물,여,51세,상해없음,승용,남,41세,경상
2023061400100261,2023년 6월 14일 12시,수요일,제주특별자치도 서귀포시 대정읍,경상사고,0,0,2,0,차대차 - 측면충돌,안전운전불이행,건조,맑음,교차로 - 교차로안,화물,남,31세,상해없음,승용,남,62세,경상
2023061400100358,2023년 6월 14일 15시,수요일,제주특별자치도 제주시 애월읍,경상사고,0,0,1,0,차량단독 - 기타,안전운전불이행,건조,맑음,단일로 - 기타,기타불명,기타불명,미분류,기타불명,,,,
2023061400100439,2023년 6월 14일 17시,수요일,제주특별자치도 제주시 노형동,경상사고,0,0,5,0,차대차 - 측면충돌,신호위반,건조,맑음,교차로 - 교차로안,승용,여,43세,상해없음,승용,남,35세,경상
2023061400100490,2023년 6월 14일 18시,수요일,제주특별자치도 서귀포시 동홍동,경상사고,0,0,1,0,차대차 - 기타,차로위반,건조,맑음,단일로 - 기타,원동기,남,52세,경상,화물,남,25세,상해없음
2023061400100491,2023년 6월 14일 18시,수요일,제주특별자치도 제주시 용담이동,경상사고,0,0,1,0,차대차 - 측면충돌,안전거리미확보,건조,맑음,단일로 - 기타,이륜,남,28세,경상,승용,남,37세,상해없음
2023061400100555,2023년 6월 14일 20시,수요일,제주특별자치도 제주시 해안동,경상사고,0,0,1,0,차대차 - 추돌,안전거리미확보,건조,맑음,교차로 - 교차로부근,승용,여,53세,상해없음,승용,남,32세,경상
2023061400100576,2023년 6월 14일 21시,수요일,제주특별자치도 서귀포시 법환동,부상신고사고,0,0,0,1,차량단독 - 공작물충돌,안전운전불이행,건조,맑음,교차로 - 교차로부근,승용,여,44세,부상신고,,,,
2023061500100009,2023년 6월 15일 00시,목요일,제주특별자치도 제주시 삼도이동,경상사고,0,0,1,0,차대차 - 측면충돌,안전운전불이행,건조,맑음,교차로 - 교차로안,승용,남,69세,상해없음,이륜,남,24세,상해없음
2023061500100135,2023년 6월 15일 08시,목요일,제주특별자치도 제주시 용담이동,경상사고,0,0,1,1,차대차 - 측면충돌,안전거리미확보,건조,맑음,단일로 - 기타,승용,남,70세,부상신고,승용,여,64세,경상
2023061500100169,2023년 6월 15일 09시,목요일,제주특별자치도 제주시 화북일동,경상사고,0,0,1,0,차대차 - 기타,신호위반,건조,맑음,교차로 - 교차로부근,승합,남,27세,상해없음,승용,여,26세,경상
2023061500100196,2023년 6월 15일 10시,목요일,제주특별자치도 제주시 이도이동,경상사고,0,0,1,0,차대차 - 측면충돌,기타,건조,맑음,기타 - 기타,이륜,남,42세,경상,화물,남,45세,상해없음
2023061500100197,2023년 6월 15일 10시,목요일,제주특별자치도 제주시 화북이동,경상사고,0,0,2,0,차대차 - 기타,안전거리미확보,건조,맑음,단일로 - 기타,승용,남,54세,상해없음,승용,여,71세,경상
2023061500100263,2023년 6월 15일 12시,목요일,제주특별자치도 제주시 구좌읍,경상사고,0,0,3,0,차대차 - 추돌,안전거리미확보,건조,맑음,교차로 - 교차로부근,화물,남,37세,상해없음,승용,남,27세,경상
2023061500100416,2023년 6월 15일 16시,목요일,제주특별자치도 서귀포시 서귀동,경상사고,0,0,1,0,차대차 - 기타,안전운전불이행,건조,맑음,교차로 - 교차로안,승용,남,73세,상해없음,이륜,남,31세,경상
2023061500100417,2023년 6월 15일 16시,목요일,제주특별자치도 서귀포시 동홍동,사망사고,2,1,1,0,차대차 - 정면충돌,중앙선침범,건조,맑음,교차로 - 교차로안,건설기계,남,21세,경상,화물,남,61세,사망
2023061500100466,2023년 6월 15일 17시,목요일,제주특별자치도 제주시 조천읍,중상사고,0,1,0,0,차대차 - 측면충돌,직진우회전진행방해,건조,맑음,교차로 - 교차로안,화물,남,47세,상해없음,이륜,남,31세,중상
2023061500100467,2023년 6월 15일 17시,목요일,제주특별자치도 제주시 연동,부상신고사고,0,0,0,2,차대차 - 측면충돌,안전운전불이행,건조,맑음,교차로 - 교차로부근,화물,남,69세,상해없음,승용,여,36세,부상신고
2023061500100468,2023년 6월 15일 17시,목요일,제주특별자치도 제주시 노형동,경상사고,0,0,1,0,차대차 - 측면충돌,안전운전불이행,건조,맑음,교차로 - 교차로횡단보도내,승용,여,26세,상해없음,자전거,여,37세,경상
2023061500100539,2023년 6월 15일 19시,목요일,제주특별자치도 제주시 노형동,경상사고,0,0,1,0,차대사람 - 기타,안전운전불이행,건조,맑음,단일로 - 기타,승용,여,46세,상해없음,보행자,여,26세,경상
2023061500100620,2023년 6월 15일 22시,목요일,제주특별자치도 제주시 삼도일동,경상사고,0,0,1,0,차대차 - 정면충돌,신호위반,건조,맑음,교차로 - 교차로안,승용,남,50세,상해없음,승용,남,58세,경상
2023061600100040,2023년 6월 16일 05시,금요일,제주특별자치도 제주시 애월읍,사망사고,1,0,0,0,차대사람 - 횡단중,기타,건조,맑음,교차로 - 교차로부근,화물,남,57세,상해없음,보행자,여,72세,사망
2023061600100248,2023년 6월 16일 12시,금요일,제주특별자치도 제주시 노형동,경상사고,0,0,1,0,차대차 - 측면충돌,신호위반,건조,맑음,교차로 - 교차로안,승용,여,31세,상해없음,승용,남,31세,경상
2023061600100286,2023년 6월 16일 13시,금요일,제주특별자치도 제주시 노형동,중상사고,0,1,0,0,차대차 - 추돌,안전운전불이행,건조,맑음,교차로 - 교차로부근,승용,남,44세,상해없음,이륜,남,39세,중상
2023061600100287,2023년 6월 16일 13시,금요일,제주특별자치도 제주시 연동,경상사고,0,0,1,0,차대차 - 기타,직진우회전진행방해,건조,맑음,교차로 - 교차로안,승용,여,26세,상해없음,승용,남,53세,경상
2023061600100330,2023년 6월 16일 14시,금요일,제주특별자치도 제주시 조천읍,경상사고,0,0,1,0,차대사람 - 기타,안전운전불이행,건조,기타,단일로 - 기타,승합,남,60세,상해없음,보행자,남,72세,경상
2023061600100371,2023년 6월 16일 15시,금요일,제주특별자치도 제주시 연동,경상사고,0,0,1,0,차대사람 - 기타,안전운전불이행,건조,맑음,단일로 - 기타,승용,남,52세,상해없음,보행자,여,66세,경상
2023061600100372,2023년 6월 16일 15시,금요일,제주특별자치도 제주시 노형동,경상사고,0,0,6,0,차대차 - 추돌,안전거리미확보,건조,맑음,단일로 - 기타,승용,남,21세,상해없음,승용,여,37세,경상
2023061600100484,2023년 6월 16일 17시,금요일,제주특별자치도 서귀포시 동홍동,경상사고,0,0,2,0,차대차 - 측면충돌,기타,건조,맑음,단일로 - 기타,승용,남,39세,경상,승용,여,52세,경상
2023061600100591,2023년 6월 16일 19시,금요일,제주특별자치도 제주시 애월읍,경상사고,0,0,3,0,차대차 - 추돌,안전운전불이행,건조,맑음,단일로 - 기타,승용,남,37세,상해없음,승용,남,21세,경상
2023061600100592,2023년 6월 16일 19시,금요일,제주특별자치도 제주시 해안동,중상사고,0,1,0,0,차대차 - 추돌,안전운전불이행,건조,맑음,단일로 - 기타,승용,남,53세,상해없음,승용,여,32세,중상
2023061600100628,2023년 6월 16일 20시,금요일,제주특별자치도 제주시 연동,경상사고,0,0,1,0,차대차 - 기타,안전운전불이행,건조,맑음,교차로 - 교차로횡단보도내,승용,남,68세,상해없음,개인형이동수단(PM),남,13세,경상
2023061600100650,2023년 6월 16일 21시,금요일,제주특별자치도 제주시 도남동,중상사고,0,1,0,0,차대차 - 기타,안전운전불이행,건조,맑음,교차로 - 교차로부근,승용,여,61세,상해없음,자전거,남,14세,중상
2023061700100091,2023년 6월 17일 07시,토요일,제주특별자치도 제주시 구좌읍,중상사고,0,1,0,0,차량단독 - 전도전복 - 전복,안전운전불이행,건조,맑음,단일로 - 기타,승용,남,29세,상해없음,,,,
2023061700100113,2023년 6월 17일 08시,토요일,제주특별자치도 제주시 외도이동,중상사고,0,1,0,0,차대차 - 측면충돌,신호위반,건조,맑음,교차로 - 교차로부근,승용,남,55세,상해없음,이륜,남,62세,중상
2023061700100225,2023년 6월 17일 11시,토요일,제주특별자치도 제주시 노형동,경상사고,0,0,1,0,차대차 - 기타,안전거리미확보,건조,맑음,단일로 - 기타,승용,남,75세,상해없음,승용,여,50세,경상
2023061700100268,2023년 6월 17일 12시,토요일,제주특별자치도 제주시 이도이동,경상사고,0,0,4,0,차대차 - 측면충돌,직진우회전진행방해,건조,맑음,교차로 - 교차로안,승용,여,53세,상해없음,승용,여,43세,경상
2023061700100315,2023년 6월 17일 13시,토요일,제주특별자치도 제주시 연동,중상사고,0,1,0,0,차대차 - 기타,안전운전불이행,건조,맑음,단일로 - 기타,승용,여,40세,상해없음,승합,남,59세,상해없음
2023061700100361,2023년 6월 17일 14시,토요일,제주특별자치도 서귀포시 표선면,경상사고,0,0,2,0,차대차 - 측면충돌,교차로운행방법위반,건조,맑음,교차로 - 교차로안,승용,남,69세,상해없음,승용,남,28세,경상
2023061800100161,2023년 6월 18일 12시,일요일,제주특별자치도 서귀포시 대포동,경상사고,0,0,2,0,차대차 - 기타,안전운전불이행,건조,맑음,단일로 - 기타,승합,남,24세,상해없음,승용,남,25세,경상
2023061800100224,2023년 6월 18일 14시,일요일,제주특별자치도 제주시 도두이동,경상사고,0,0,2,0,차대차 - 측면충돌,직진우회전진행방해,건조,맑음,교차로 - 교차로안,승용,남,44세,기타불명,승용,남,37세,경상
2023061800100225,2023년 6월 18일 14시,일요일,제주특별자치도 제주시 노형동,중상사고,0,1,0,0,차대차 - 기타,직진우회전진행방해,건조,맑음,교차로 - 교차로안,승용,여,53세,상해없음,이륜,남,64세,중상