사고번호,사고일시,요일,시군구,사고내용,사망자수,중상자수,경상자수,부상신고자수,사고유형,법규위반,노면상태,기상상태,도로형태,가해운전자 차종,가해운전자 성별,가해운전자 연령,가해운전자 상해정도,피해운전자 차종,피해운전자 성별,피해운전자 연령,피해운전자 상해정도
2023062900100102,2023년 6월 29일 08시,목요일,제주특별자치도 제주시 구좌읍,경상사고,0,0,1,0,차대차 - 측면충돌,안전거리미확보,건조,흐림,단일로 - 기타,화물,남,57세,상해없음,화물,남,43세,경상
2023062900100103,2023년 6월 29일 08시,목요일,제주특별자치도 서귀포시 하효동,중상사고,0,1,0,0,차대차 - 기타,안전운전불이행,건조,맑음,단일로 - 기타,화물,남,80세,상해없음,이륜,남,73세,중상
2023062900100162,2023년 6월 29일 10시,목요일,제주특별자치도 제주시 일도이동,경상사고,0,0,6,0,차대차 - 기타,안전거리미확보,건조,맑음,단일로 - 기타,승용,남,73세,상해없음,화물,남,31세,경상
2023062900100197,2023년 6월 29일 11시,목요일,제주특별자치도 제주시 봉개동,경상사고,0,0,1,0,차대차 - 측면충돌,중앙선침범,건조,맑음,단일로 - 기타,승용,여,61세,상해없음,화물,남,43세,경상
2023062900100198,2023년 6월 29일 11시,목요일,제주특별자치도 제주시 봉개동,경상사고,0,0,4,0,차대차 - 추돌,안전거리미확보,건조,맑음,단일로 - 기타,화물,남,68세,경상,승용,여,47세,경상
2023062900100240,2023년 6월 29일 12시,목요일,제주특별자치도 제주시 외도일동,경상사고,0,0,1,0,차대차 - 측면충돌,직진우회전진행방해,건조,맑음,교차로 - 교차로안,승용,남,66세,상해없음,승용,남,30세,경상
2023062900100384,2023년 6월 29일 16시,목요일,제주특별자치도 제주시 도남동,경상사고,0,0,1,0,차대차 - 추돌,안전운전불이행,건조,맑음,단일로 - 기타,승용,여,61세,상해없음,이륜,남,37세,경상
2023062900100385,2023년 6월 29일 16시,목요일,제주특별자치도 제주시 노형동,경상사고,0,0,1,0,차대차 - 기타,안전운전불이행,건조,맑음,교차로 - 교차로안,개인형이동수단(PM),남,14세,경상,승용,여,59세,상해없음
2023062900100421,2023년 6월 29일 17시,목요일,제주특별자치도 제주시 화북이동,경상사고,0,0,4,0,차대차 - 기타,안전거리미확보,건조,맑음,단일로 - 기타,승용,남,49세,상해없음,승용,여,38세,경상
2023062900100518,2023년 6월 29일 20시,목요일,제주특별자치도 서귀포시 표선면,부상신고사고,0,0,0,1,차대차 - 추돌,안전운전불이행,건조,맑음,단일로 - 기타,승용,여,50세,상해없음,승용,여,61세,부상신고
2023062900100519,2023년 6월 29일 20시,목요일,제주특별자치도 제주시 노형동,경상사고,0,0,1,0,차대사람 - 횡단중,보행자보호의무위반,건조,기타,교차로 - 교차로횡단보도내,승용,여,45세,상해없음,보행자,여,54세,경상
2023062900100583,2023년 6월 29일 23시,목요일,제주특별자치도 제주시 도남동,경상사고,0,0,1,0,차대차 - 기타,안전운전불이행,젖음/습기,비,단일로 - 기타,승용,남,24세,상해없음,이륜,남,39세,경상
2023063000100014,2023년 6월 30일 00시,금요일,제주특별자치도 서귀포시 회수동,중상사고,0,4,0,0,차량단독 - 공작물충돌,안전운전불이행,젖음/습기,비,단일로 - 기타,승용,남,32세,중상,,,,
2023063000100134,2023년 6월 30일 09시,금요일,제주특별자치도 서귀포시 서귀동,중상사고,0,1,0,0,차대사람 - 횡단중,보행자보호의무위반,젖음/습기,비,교차로 - 교차로횡단보도내,승용,여,61세,상해없음,보행자,여,63세,중상
2023063000100165,2023년 6월 30일 10시,금요일,제주특별자치도 제주시 해안동,중상사고,0,1,0,0,차대차 - 추돌,신호위반,젖음/습기,비,교차로 - 교차로부근,승용,여,61세,기타불명,승용,남,65세,중상
2023063000100255,2023년 6월 30일 13시,금요일,제주특별자치도 제주시 노형동,중상사고,0,1,0,0,차대차 - 후진중충돌,안전운전불이행,젖음/습기,비,교차로 - 교차로부근,승용,남,40세,상해없음,승용,여,42세,중상
2023063000100382,2023년 6월 30일 17시,금요일,제주특별자치도 제주시 이도이동,경상사고,0,0,1,0,차대차 - 기타,중앙선침범,건조,맑음,단일로 - 기타,화물,남,65세,상해없음,이륜,남,34세,경상
2023063000100508,2023년 6월 30일 21시,금요일,제주특별자치도 제주시 오라삼동,중상사고,0,1,2,0,차대차 - 추돌,안전운전불이행,건조,맑음,단일로 - 기타,화물,남,68세,중상,승합,남,55세,경상
2023063000100552,2023년 6월 30일 23시,금요일,제주특별자치도 서귀포시 표선면,경상사고,0,0,1,0,차량단독 - 공작물충돌,안전운전불이행,젖음/습기,비,단일로 - 기타,승용,여,31세,경상,,,,
2023070100100047,2023년 7월 1일 03시,토요일,제주특별자치도 서귀포시 서귀동,경상사고,0,0,1,0,차대차 - 정면충돌,중앙선침범,건조,맑음,단일로 - 기타,승용,남,22세,상해없음,화물,남,62세,경상
2023070100100146,2023년 7월 1일 10시,토요일,제주특별자치도 서귀포시 표선면,부상신고사고,0,0,0,1,차대사람 - 기타,안전운전불이행,건조,맑음,교차로 - 교차로안,승용,남,54세,상해없음,보행자,여,73세,부상신고
2023070100100292,2023년 7월 1일 14시,토요일,제주특별자치도 제주시 구좌읍,경상사고,0,0,2,0,차대차 - 추돌,안전운전불이행,건조,맑음,교차로 - 교차로부근,승용,남,39세,상해없음,화물,남,48세,경상
2023070100100430,2023년 7월 1일 17시,토요일,제주특별자치도 제주시 이도이동,중상사고,0,1,0,0,차대사람 - 보도통행중,보행자보호의무위반,건조,맑음,단일로 - 기타,승용,남,48세,기타불명,보행자,여,9세,중상
2023070100100537,2023년 7월 1일 20시,토요일,제주특별자치도 서귀포시 강정동,경상사고,0,0,1,0,차대차 - 기타,직진우회전진행방해,건조,기타,교차로 - 교차로안,승용,남,42세,상해없음,이륜,남,55세,경상
2023070100100607,2023년 7월 1일 23시,토요일,제주특별자치도 제주시 조천읍,중상사고,0,1,1,0,차대차 - 정면충돌,직진우회전진행방해,건조,맑음,교차로 - 교차로안,이륜,여,27세,중상,승용,여,59세,경상
2023070200100049,2023년 7월 2일 06시,일요일,제주특별자치도 제주시 연동,경상사고,0,0,1,0,차대차 - 측면충돌,교차로운행방법위반,건조,맑음,교차로 - 교차로안,승용,남,41세,상해없음,승용,남,63세,경상
2023070200100092,2023년 7월 2일 10시,일요일,제주특별자치도 서귀포시 안덕면,경상사고,0,0,1,0,차대차 - 추돌,안전거리미확보,건조,맑음,단일로 - 기타,승용,남,38세,상해없음,승용,남,21세,상해없음
2023070200100093,2023년 7월 2일 10시,일요일,제주특별자치도 제주시 용담삼동,중상사고,0,1,0,0,차대차 - 측면충돌,직진우회전진행방해,건조,맑음,교차로 - 교차로안,승용,여,32세,상해없음,이륜,남,72세,중상
2023070200100166,2023년 7월 2일 13시,일요일,제주특별자치도 제주시 용담일동,경상사고,0,0,1,0,차대사람 - 횡단중,안전운전불이행,건조,맑음,기타 - 기타,승용,남,61세,기타불명,보행자,여,27세,경상
2023070200100264,2023년 7월 2일 17시,일요일,제주특별자치도 제주시 건입동,경상사고,0,0,4,0,차대차 - 추돌,안전운전불이행,건조,기타,단일로 - 기타,승용,여,69세,상해없음,승용,남,35세,경상
2023070200100291,2023년 7월 2일 18시,일요일,제주특별자치도 서귀포시 동홍동,사망사고,1,0,0,0,차량단독 - 공작물충돌,안전운전불이행,젖음/습기,비,교차로 - 교차로안,승용,여,71세,사망,,,,
2023070200100370,2023년 7월 2일 21시,일요일,제주특별자치도 제주시 외도일동,경상사고,0,0,2,0,차대차 - 기타,안전운전불이행,건조,맑음,교차로 - 교차로안,승용,남,61세,상해없음,승용,여,43세,경상
2023070200100371,2023년 7월 2일 21시,일요일,제주특별자치도 제주시 연동,경상사고,0,0,1,0,차대차 - 추돌,안전운전불이행,건조,기타,교차로 - 교차로부근,원동기,남,44세,경상,승용,여,61세,상해없음
2023070200100394,2023년 7월 2일 22시,일요일,제주특별자치도 제주시 오라이동,경상사고,0,0,1,0,차대차 - 추돌,안전운전불이행,젖음/습기,흐림,교차로 - 교차로부근,승용,여,52세,상해없음,승용,남,25세,경상
2023070200100395,2023년 7월 2일 22시,일요일,제주특별자치도 제주시 삼도이동,경상사고,0,0,1,0,차대차 - 추돌,안전운전불이행,젖음/습기,흐림,단일로 - 기타,승용,남,32세,상해없음,이륜,남,42세,경상
2023070300100110,2023년 7월 3일 08시,월요일,제주특별자치도 제주시 아라일동,부상신고사고,0,0,0,1,차대차 - 측면충돌,안전운전불이행,건조,흐림,교차로 - 교차로부근,승용,남,59세,상해없음,승용,남,71세,부상신고
2023070300100111,2023년 7월 3일 08시,월요일,제주특별자치도 제주시 연동,경상사고,0,0,1,1,차대차 - 기타,직진우회전진행방해,건조,맑음,교차로 - 교차로안,승용,여,31세,경상,승용,여,47세,부상신고
2023070300100253,2023년 7월 3일 12시,월요일,제주특별자치도 서귀포시 남원읍,경상사고,0,0,1,0,차대차 - 측면충돌,안전운전불이행,건조,흐림,단일로 - 기타,화물,남,56세,상해없음,자전거,남,59세,경상
2023070300100289,2023년 7월 3일 13시,월요일,제주특별자치도 제주시 구좌읍,경상사고,0,0,4,0,차대차 - 측면충돌,직진우회전진행방해,젖음/습기,비,교차로 - 교차로안,승용,남,23세,경상,승용,여,43세,경상
2023070300100290,2023년 7월 3일 13시,월요일,제주특별자치도 서귀포시 색달동,경상사고,0,0,2,0,차대차 - 측면충돌,안전운전불이행,젖음/습기,비,단일로 - 기타,승용,남,26세,상해없음,승용,남,29세,경상
2023070300100291,2023년 7월 3일 13시,월요일,제주특별자치도 제주시 용담이동,경상사고,0,0,1,0,차대차 - 측면충돌,안전운전불이행,젖음/습기,흐림,기타 - 기타,화물,남,51세,상해없음,승용,남,58세,경상
2023070300100331,2023년 7월 3일 14시,월요일,제주특별자치도 서귀포시 강정동,부상신고사고,0,0,0,1,차대차 - 정면충돌,직진우회전진행방해,젖음/습기,흐림,교차로 - 교차로안,승용,남,27세,부상신고,화물,남,64세,상해없음
2023070300100361,2023년 7월 3일 15시,월요일,제주특별자치도 제주시 구좌읍,경상사고,0,0,1,0,차대차 - 측면충돌,직진우회전진행방해,건조,맑음,교차로 - 교차로안,승용,남,47세,상해없음,승용,여,39세,경상
2023070400100022,2023년 7월 4일 01시,화요일,제주특별자치도 서귀포시 중문동,부상신고사고,0,0,0,1,차량단독 - 기타,안전운전불이행,젖음/습기,흐림,단일로 - 기타,원동기,남,26세,부상신고,,,,
2023070400100041,2023년 7월 4일 04시,화요일,제주특별자치도 제주시 한림읍,부상신고사고,0,0,0,1,차대사람 - 기타,안전운전불이행,건조,맑음,단일로 - 기타,승용,여,53세,상해없음,보행자,남,24세,부상신고
2023070400100057,2023년 7월 4일 06시,화요일,제주특별자치도 제주시 화북이동,경상사고,0,0,1,0,차대차 - 정면충돌,안전운전불이행,젖음/습기,흐림,단일로 - 기타,이륜,남,33세,기타불명,승용,여,52세,경상
2023070400100126,2023년 7월 4일 08시,화요일,제주특별자치도 제주시 노형동,경상사고,0,0,1,0,차대차 - 기타,교차로운행방법위반,건조,맑음,교차로 - 교차로안,승용,여,55세,상해없음,승용,남,43세,경상
2023070400100163,2023년 7월 4일 09시,화요일,제주특별자치도 서귀포시 호근동,부상신고사고,0,0,0,1,차량단독 - 공작물충돌,안전운전불이행,건조,맑음,단일로 - 기타,승용,남,75세,부상신고,,,,
2023070400100333,2023년 7월 4일 15시,화요일,제주특별자치도 제주시 연동,경상사고,0,0,1,0,차대차 - 기타,교차로운행방법위반,건조,맑음,교차로 - 교차로부근,승용,여,44세,기타불명,승용,여,48세,경상
2023070400100334,2023년 7월 4일 15시,화요일,제주특별자치도 제주시 노형동,경상사고,0,0,1,0,차대사람 - 기타,안전운전불이행,건조,흐림,기타 - 기타,승용,여,47세,상해없음,보행자,여,43세,경상
2023070400100373,2023년 7월 4일 16시,화요일,제주특별자치도 제주시 조천읍,경상사고,0,0,1,0,차대차 - 측면충돌,안전운전불이행,건조,맑음,단일로 - 기타,이륜,여,31세,경상,승용,남,28세,상해없음
2023070400100374,2023년 7월 4일 16시,화요일,제주특별자치도 제주시 건입동,경상사고,0,0,1,0,차대차 - 기타,안전운전불이행,건조,맑음,단일로 - 기타,승용,남,81세,상해없음,승용,여,53세,경상
2023070400100411,2023년 7월 4일 17시,화요일,제주특별자치도 제주시 용담이동,중상사고,0,1,0,0,차대사람 - 기타,안전운전불이행,건조,맑음,교차로 - 교차로안,승용,남,21세,상해없음,보행자,남,10세,중상
2023070400100452,2023년 7월 4일 18시,화요일,제주특별자치도 서귀포시 동홍동,중상사고,0,1,0,0,차대사람 - 길가장자리구역통행중,안전운전불이행,건조,맑음,단일로 - 기타,승용,남,36세,상해없음,보행자,여,52세,중상
2023070400100597,2023년 7월 4일 22시,화요일,제주특별자치도 제주시 삼도일동,경상사고,0,0,1,0,차대차 - 후진중충돌,안전운전불이행,건조,흐림,주차장 - 주차장,승용,남,28세,상해없음,이륜,남,39세,경상
2023070500100021,2023년 7월 5일 02시,수요일,제주특별자치도 서귀포시 안덕면,중상사고,0,1,0,0,차량단독 - 공작물충돌,안전운전불이행,건조,맑음,단일로 - 기타,이륜,남,21세,상해없음,,,,
2023070500100206,2023년 7월 5일 11시,수요일,제주특별자치도 제주시 삼양이동,중상사고,0,1,0,0,차대차 - 측면충돌,안전운전불이행,건조,맑음,교차로 - 교차로안,화물,남,84세,상해없음,이륜,남,76세,중상
2023070500100329,2023년 7월 5일 15시,수요일,제주특별자치도 제주시 삼도이동,부상신고사고,0,0,0,1,차대차 - 기타,안전운전불이행,건조,맑음,교차로 - 교차로부근,화물,남,51세,상해없음,화물,남,46세,부상신고
2023070500100367,2023년 7월 5일 16시,수요일,제주특별자치도 서귀포시 서호동,경상사고,0,0,1,0,차대차 - 측면충돌,안전운전불이행,건조,맑음,교차로 - 교차로안,승용,여,60세,기타불명,승용,남,43세,경상
2023070500100448,2023년 7월 5일 18시,수요일,제주특별자치도 제주시 이도이동,경상사고,0,0,3,0,차대차 - 정면충돌,안전운전불이행,건조,맑음,교차로 - 교차로부근,화물,남,28세,상해없음,승용,여,52세,경상
2023070500100449,2023년 7월 5일 18시,수요일,제주특별자치도 제주시 봉개동,경상사고,0,0,1,0,차대차 - 측면충돌,신호위반,건조,맑음,교차로 - 교차로안,승용,남,42세,상해없음,승용,남,32세,경상
2023070500100534,2023년 7월 5일 21시,수요일,제주특별자치도 서귀포시 안덕면,경상사고,0,0,1,0,차대차 - 기타,안전거리미확보,건조,기타,단일로 - 기타,승합,남,48세,상해없음,승용,남,63세,상해없음
2023070600100076,2023년 7월 6일 07시,목요일,제주특별자치도 제주시 이도이동,경상사고,0,0,1,0,차대차 - 측면충돌,안전운전불이행,건조,맑음,교차로 - 교차로부근,승용,남,30세,상해없음,승용,여,26세,경상
2023070600100131,2023년 7월 6일 08시,목요일,제주특별자치도 제주시 애월읍,경상사고,0,0,1,0,차대차 - 기타,직진우회전진행방해,건조,맑음,교차로 - 교차로안,승용,남,70세,상해없음,승용,여,35세,경상
2023070600100238,2023년 7월 6일 11시,목요일,제주특별자치도 서귀포시 서귀동,경상사고,0,0,1,0,차대차 - 측면충돌,안전운전불이행,건조,맑음,단일로 - 기타,승용,남,35세,상해없음,승용,남,50세,경상
2023070600100293,2023년 7월 6일 13시,목요일,제주특별자치도 서귀포시 회수동,중상사고,0,1,0,1,차대차 - 측면충돌,안전운전불이행,건조,맑음,단일로 - 기타,승용,남,37세,상해없음,승용,남,59세,상해없음
2023070600100349,2023년 7월 6일 15시,목요일,제주특별자치도 서귀포시 대정읍,중상사고,0,1,1,0,차대차 - 추돌,안전운전불이행,건조,맑음,단일로 - 기타,승용,여,63세,상해없음,이륜,남,26세,중상
2023070600100392,2023년 7월 6일 16시,목요일,제주특별자치도 제주시 일도이동,경상사고,0,0,1,0,차대차 - 측면충돌,안전거리미확보,건조,맑음,단일로 - 기타,승용,여,68세,상해없음,승용,여,61세,경상
2023070600100393,2023년 7월 6일 16시,목요일,제주특별자치도 제주시 도두일동,경상사고,0,0,1,0,차대차 - 측면충돌,직진우회전진행방해,건조,맑음,교차로 - 교차로안,승용,여,50세,상해없음,승용,남,74세,경상
2023070600100562,2023년 7월 6일 22시,목요일,제주특별자치도 제주시 이도이동,경상사고,0,0,1,0,차대차 - 측면충돌,안전운전불이행,건조,맑음,교차로 - 교차로부근,이륜,남,23세,상해없음,승용,여,36세,경상
2023070700100023,2023년 7월 7일 03시,금요일,제주특별자치도 제주시 연동,경상사고,0,0,2,0,차대차 - 측면충돌,안전운전불이행,젖음/습기,비,교차로 - 교차로안,승용,남,23세,상해없음,승용,남,46세,경상
2023070700100172,2023년 7월 7일 10시,금요일,제주특별자치도 제주시 외도이동,경상사고,0,0,2,0,차대차 - 기타,안전거리미확보,건조,맑음,단일로 - 기타,화물,남,59세,상해없음,승합,남,45세,경상
2023070700100212,2023년 7월 7일 11시,금요일,제주특별자치도 제주시 도련일동,경상사고,0,0,1,0,차대차 - 기타,안전거리미확보,젖음/습기,비,단일로 - 기타,화물,남,60세,상해없음,승용,여,38세,경상
2023070700100213,2023년 7월 7일 11시,금요일,제주특별자치도 제주시 한림읍,중상사고,0,3,2,0,차대차 - 기타,직진우회전진행방해,건조,맑음,교차로 - 교차로안,승용,여,49세,경상,승용,남,52세,중상
2023070700100292,2023년 7월 7일 13시,금요일,제주특별자치도 제주시 아라일동,경상사고,0,0,1,1,차대차 - 기타,교차로운행방법위반,건조,맑음,교차로 - 교차로안,화물,남,44세,부상신고,승용,여,26세,경상
2023070700100359,2023년 7월 7일 15시,금요일,제주특별자치도 제주시 용담이동,경상사고,0,0,1,0,차대사람 - 기타,안전운전불이행,건조,맑음,단일로 - 기타,승용,여,56세,상해없음,보행자,남,32세,경상
2023070700100413,2023년 7월 7일 16시,금요일,제주특별자치도 제주시 노형동,경상사고,0,0,1,0,차대차 - 기타,안전거리미확보,건조,맑음,단일로 - 기타,승용,남,58세,상해없음,승용,여,27세,경상
2023070700100414,2023년 7월 7일 16시,금요일,제주특별자치도 제주시 노형동,중상사고,0,1,0,0,차대사람 - 횡단중,안전운전불이행,건조,맑음,교차로 - 교차로횡단보도내,승용,여,52세,상해없음,보행자,남,13세,중상
2023070700100664,2023년 7월 7일 23시,금요일,제주특별자치도 서귀포시 동홍동,경상사고,0,0,2,0,차대차 - 측면충돌,신호위반,젖음/습기,비,교차로 - 교차로안,승용,남,23세,상해없음,승용,남,52세,경상
2023070800100146,2023년 7월 8일 10시,토요일,제주특별자치도 서귀포시 서귀동,중상사고,0,1,0,0,차대사람 - 기타,안전운전불이행,젖음/습기,비,단일로 - 기타,승합,남,38세,상해없음,보행자,여,80세,중상
2023070800100206,2023년 7월 8일 12시,토요일,제주특별자치도 제주시 화북이동,경상사고,0,0,1,0,차대차 - 추돌,신호위반,건조,맑음,교차로 - 교차로안,화물,남,61세,상해없음,승용,여,27세,경상
2023070800100414,2023년 7월 8일 18시,토요일,제주특별자치도 제주시 이도이동,중상사고,0,1,0,0,차대차 - 후진중충돌,불법유턴,건조,맑음,교차로 - 교차로부근,승용,남,65세,상해없음,승용,여,28세,중상
2023070900100018,2023년 7월 9일 01시,일요일,제주특별자치도 서귀포시 동홍동,중상사고,0,1,0,0,차대사람 - 횡단중,안전운전불이행,젖음/습기,흐림,교차로 - 교차로안,승용,남,35세,상해없음,보행자,여,56세,중상
2023070900100034,2023년 7월 9일 03시,일요일,제주특별자치도 제주시 연동,중상사고,0,1,0,0,차대차 - 측면충돌,직진우회전진행방해,건조,맑음,교차로 - 교차로안,승용,남,56세,상해없음,이륜,남,55세,중상
2023070900100035,2023년 7월 9일 03시,일요일,제주특별자치도 제주시 노형동,경상사고,0,0,1,0,차대차 - 기타,안전운전불이행,건조,맑음,교차로 - 교차로안,승용,남,22세,상해없음,승용,남,40세,경상
2023070900100151,2023년 7월 9일 12시,일요일,제주특별자치도 서귀포시 색달동,경상사고,0,0,1,0,차대사람 - 기타,안전운전불이행,젖음/습기,흐림,기타 - 기타,승용,여,32세,상해없음,보행자,여,53세,경상
2023070900100152,2023년 7월 9일 12시,일요일,제주특별자치도 서귀포시 남원읍,경상사고,0,0,2,0,차대차 - 후진중충돌,안전운전불이행,건조,맑음,기타 - 기타,승용,남,50세,상해없음,승용,남,32세,경상
2023070900100182,2023년 7월 9일 13시,일요일,제주특별자치도 제주시 도두일동,부상신고사고,0,0,0,4,차대차 - 추돌,안전운전불이행,건조,맑음,교차로 - 교차로부근,승용,남,68세,상해없음,승용,남,34세,부상신고
2023070900100205,2023년 7월 9일 14시,일요일,제주특별자치도 서귀포시 강정동,중상사고,0,1,0,0,차량단독 - 공작물충돌,안전운전불이행,건조,맑음,단일로 - 기타,승용,남,42세,상해없음,,,,
2023070900100345,2023년 7월 9일 20시,일요일,제주특별자치도 제주시 삼도이동,경상사고,0,0,1,0,차대차 - 측면충돌,신호위반,기타,기타,교차로 - 교차로안,승용,여,30세,상해없음,개인형이동수단(PM),여,17세,경상
2023071000100070,2023년 7월 10일 07시,월요일,제주특별자치도 제주시 일도이동,경상사고,0,0,1,0,차대차 - 추돌,안전운전불이행,건조,흐림,단일로 - 기타,승용,남,25세,상해없음,승용,남,21세,경상
2023071000100101,2023년 7월 10일 08시,월요일,제주특별자치도 제주시 이도이동,중상사고,0,1,0,0,차대사람 - 횡단중,보행자보호의무위반,건조,맑음,교차로 - 교차로안,화물,남,63세,상해없음,보행자,여,68세,중상
2023071000100239,2023년 7월 10일 13시,월요일,제주특별자치도 서귀포시 서귀동,부상신고사고,0,0,0,2,차대차 - 추돌,안전운전불이행,젖음/습기,흐림,단일로 - 기타,승용,남,39세,상해없음,승용,남,32세,부상신고
2023071000100240,2023년 7월 10일 13시,월요일,제주특별자치도 제주시 외도이동,중상사고,0,1,0,0,차대차 - 정면충돌,안전운전불이행,건조,맑음,기타 - 기타,화물,남,79세,중상,화물,남,36세,상해없음
2023071000100279,2023년 7월 10일 14시,월요일,제주특별자치도 제주시 연동,경상사고,0,0,1,0,차대차 - 후진중충돌,안전운전불이행,건조,기타,단일로 - 기타,승합,남,35세,상해없음,이륜,남,40세,경상
2023071000100343,2023년 7월 10일 16시,월요일,제주특별자치도 제주시 연동,부상신고사고,0,0,0,1,차대차 - 추돌,안전거리미확보,건조,맑음,단일로 - 기타,특수,남,46세,상해없음,승용,여,62세,부상신고
2023071000100505,2023년 7월 10일 20시,월요일,제주특별자치도 제주시 용담이동,경상사고,0,0,2,0,차대차 - 기타,안전거리미확보,건조,맑음,단일로 - 기타,승용,남,63세,상해없음,승용,남,29세,경상
2023071000100549,2023년 7월 10일 22시,월요일,제주특별자치도 제주시 아라일동,중상사고,0,1,1,0,차대차 - 정면충돌,중앙선침범,기타,기타,단일로 - 기타,승용,남,66세,상해없음,승용,여,61세,중상
2023071100100072,2023년 7월 11일 07시,화요일,제주특별자치도 서귀포시 안덕면,경상사고,0,0,2,0,차대차 - 측면충돌,안전운전불이행,건조,맑음,교차로 - 교차로부근,승용,남,66세,상해없음,화물,남,56세,경상
2023071100100073,2023년 7월 11일 07시,화요일,제주특별자치도 제주시 연동,경상사고,0,0,1,0,차량단독 - 공작물충돌,안전운전불이행,건조,맑음,교차로 - 교차로안,이륜,남,40세,경상,,,,
2023071100100189,2023년 7월 11일 10시,화요일,제주특별자치도 제주시 애월읍,중상사고,0,1,1,0,차량단독 - 기타,안전운전불이행,건조,맑음,단일로 - 기타,이륜,남,31세,경상,,,,
2023071100100223,2023년 7월 11일 11시,화요일,제주특별자치도 제주시 조천읍,경상사고,0,0,1,0,차대차 - 측면충돌,교차로운행방법위반,건조,맑음,교차로 - 교차로안,승용,남,44세,상해없음,이륜,남,40세,경상
2023071100100259,2023년 7월 11일 12시,화요일,제주특별자치도 제주시 애월읍,부상신고사고,0,0,0,1,차대차 - 기타,안전운전불이행,건조,맑음,교차로 - 교차로안,승용,남,65세,상해없음,이륜,남,45세,부상신고
2023071100100298,2023년 7월 11일 13시,화요일,제주특별자치도 서귀포시 상예동,경상사고,0,0,2,0,차대차 - 추돌,안전운전불이행,건조,맑음,단일로 - 기타,승용,남,78세,상해없음,승용,여,58세,경상
2023071100100361,2023년 7월 11일 15시,화요일,제주특별자치도 제주시 연동,부상신고사고,0,0,0,1,차대차 - 기타,안전운전불이행,건조,맑음,교차로 - 교차로안,승용,여,64세,상해없음,이륜,남,30세,부상신고
2023071100100395,2023년 7월 11일 16시,화요일,제주특별자치도 서귀포시 남원읍,경상사고,0,0,3,0,차량단독 - 공작물충돌,안전운전불이행,건조,맑음,단일로 - 기타,승용,남,41세,경상,,,,
2023071100100432,2023년 7월 11일 17시,화요일,제주특별자치도 서귀포시 안덕면,중상사고,0,1,0,0,차대사람 - 기타,안전운전불이행,건조,흐림,교차로 - 교차로안,승용,여,65세,상해없음,보행자,남,13세,중상
2023071100100480,2023년 7월 11일 18시,화요일,제주특별자치도 제주시 영평동,부상신고사고,0,0,0,1,차대차 - 추돌,안전거리미확보,젖음/습기,맑음,단일로 - 기타,화물,남,31세,상해없음,승용,남,28세,상해없음
2023071100100481,2023년 7월 11일 18시,화요일,제주특별자치도 제주시 구좌읍,경상사고,0,0,1,0,차대차 - 정면충돌,중앙선침범,건조,맑음,단일로 - 기타,승용,남,68세,상해없음,승용,여,66세,경상
2023071100100567,2023년 7월 11일 21시,화요일,제주특별자치도 제주시 연동,중상사고,0,1,0,0,차대차 - 측면충돌,신호위반,건조,맑음,교차로 - 교차로부근,승용,여,52세,상해없음,이륜,남,17세,중상
2023071100100591,2023년 7월 11일 22시,화요일,제주특별자치도 서귀포시 안덕면,부상신고사고,0,0,0,1,차대차 - 기타,안전운전불이행,건조,맑음,교차로 - 교차로안,승용,여,40세,상해없음,승용,남,34세,상해없음
2023071200100005,2023년 7월 12일 00시,수요일,제주특별자치도 제주시 오라이동,경상사고,0,0,2,1,차대차 - 추돌,안전운전불이행,건조,기타,단일로 - 기타,승용,남,79세,기타불명,승용,남,49세,경상
2023071200100006,2023년 7월 12일 00시,수요일,제주특별자치도 서귀포시 동홍동,중상사고,0,2,2,0,차대차 - 추돌,안전거리미확보,건조,맑음,단일로 - 기타,승용,남,64세,경상,승용,여,52세,경상
2023071200100014,2023년 7월 12일 02시,수요일,제주특별자치도 서귀포시 하원동,경상사고,0,0,1,0,차량단독 - 공작물충돌,안전운전불이행,건조,맑음,단일로 - 기타,승용,여,41세,경상,,,,
2023071200100019,2023년 7월 12일 03시,수요일,제주특별자치도 제주시 연동,경상사고,0,0,1,0,차대차 - 기타,안전운전불이행,건조,맑음,교차로 - 교차로안,승용,여,33세,상해없음,승합,남,26세,경상
2023071200100032,2023년 7월 12일 04시,수요일,제주특별자치도 서귀포시 남원읍,경상사고,0,0,1,0,차량단독 - 전도전복 - 전도,안전운전불이행,건조,맑음,단일로 - 기타,이륜,남,31세,경상,,,,
2023071200100060,2023년 7월 12일 07시,수요일,제주특별자치도 제주시 삼양이동,경상사고,0,0,2,0,차대차 - 측면충돌,교차로운행방법위반,기타,기타,교차로 - 교차로안,승용,여,43세,경상,승용,남,36세,경상
2023071200100094,2023년 7월 12일 08시,수요일,제주특별자치도 서귀포시 대정읍,경상사고,0,0,2,0,차대차 - 기타,중앙선침범,건조,맑음,단일로 - 기타,화물,남,56세,경상,화물,남,51세,경상
2023071200100122,2023년 7월 12일 09시,수요일,제주특별자치도 제주시 노형동,중상사고,0,1,0,0,차대사람 - 횡단중,보행자보호의무위반,건조,맑음,교차로 - 교차로횡단보도내,화물,남,59세,상해없음,보행자,여,74세,중상
2023071200100207,2023년 7월 12일 12시,수요일,제주특별자치도 제주시 노형동,중상사고,0,1,0,1,차대차 - 기타,안전운전불이행,건조,맑음,단일로 - 기타,승용,남,60세,상해없음,이륜,남,55세,중상