사고번호,사고일시,요일,시군구,사고내용,사망자수,중상자수,경상자수,부상신고자수,사고유형,법규위반,노면상태,기상상태,도로형태,가해운전자 차종,가해운전자 성별,가해운전자 연령,가해운전자 상해정도,피해운전자 차종,피해운전자 성별,피해운전자 연령,피해운전자 상해정도
2023071200100208,2023년 7월 12일 12시,수요일,제주특별자치도 제주시 용담삼동,중상사고,0,1,1,0,차대차 - 추돌,안전거리미확보,건조,맑음,단일로 - 기타,화물,남,37세,상해없음,승용,여,51세,중상
2023071200100229,2023년 7월 12일 13시,수요일,제주특별자치도 서귀포시 서귀동,경상사고,0,0,1,0,차대차 - 측면충돌,안전거리미확보,건조,맑음,교차로 - 교차로안,승용,남,83세,상해없음,승용,남,67세,경상
2023071200100256,2023년 7월 12일 14시,수요일,제주특별자치도 서귀포시 서귀동,중상사고,0,1,0,0,차대차 - 측면충돌,안전운전불이행,건조,맑음,교차로 - 교차로안,화물,남,49세,상해없음,이륜,남,42세,중상
2023071200100257,2023년 7월 12일 14시,수요일,제주특별자치도 서귀포시 동홍동,중상사고,0,1,0,0,차량단독 - 공작물충돌,안전운전불이행,건조,흐림,단일로 - 기타,승용,여,75세,상해없음,,,,
2023071200100300,2023년 7월 12일 15시,수요일,제주특별자치도 제주시 도두일동,중상사고,0,1,0,0,차대차 - 기타,직진우회전진행방해,건조,맑음,교차로 - 교차로안,승용,여,52세,상해없음,이륜,남,69세,중상
2023071200100336,2023년 7월 12일 16시,수요일,제주특별자치도 제주시 조천읍,경상사고,0,0,1,0,차대차 - 측면충돌,안전운전불이행,건조,맑음,단일로 - 기타,화물,남,72세,상해없음,이륜,남,22세,경상
2023071200100386,2023년 7월 12일 17시,수요일,제주특별자치도 제주시 노형동,경상사고,0,0,1,0,차대사람 - 횡단중,보행자보호의무위반,건조,맑음,교차로 - 교차로횡단보도내,승용,여,71세,상해없음,보행자,여,7세,경상
2023071200100387,2023년 7월 12일 17시,수요일,제주특별자치도 제주시 노형동,중상사고,0,1,0,0,차대차 - 기타,신호위반,건조,맑음,단일로 - 기타,승용,남,63세,상해없음,이륜,남,48세,중상
2023071200100460,2023년 7월 12일 19시,수요일,제주특별자치도 서귀포시 안덕면,중상사고,0,2,0,0,차량단독 - 공작물충돌,안전운전불이행,젖음/습기,비,단일로 - 기타,승용,남,23세,상해없음,,,,
2023071200100540,2023년 7월 12일 22시,수요일,제주특별자치도 서귀포시 대정읍,경상사고,0,0,1,0,차량단독 - 공작물충돌,안전운전불이행,건조,기타,단일로 - 기타,화물,여,52세,경상,,,,
2023071300100068,2023년 7월 13일 07시,목요일,제주특별자치도 서귀포시 동홍동,중상사고,0,1,1,0,차대차 - 기타,중앙선침범,건조,맑음,단일로 - 기타,승용,여,31세,중상,승합,여,57세,경상
2023071300100101,2023년 7월 13일 08시,목요일,제주특별자치도 제주시 조천읍,중상사고,0,1,0,0,차대사람 - 횡단중,보행자보호의무위반,건조,맑음,교차로 - 교차로횡단보도내,화물,남,59세,상해없음,보행자,남,70세,중상
2023071300100177,2023년 7월 13일 11시,목요일,제주특별자치도 제주시 이도이동,경상사고,0,0,1,0,차대사람 - 기타,안전운전불이행,건조,맑음,단일로 - 기타,승합,여,39세,상해없음,보행자,남,62세,경상
2023071300100416,2023년 7월 13일 19시,목요일,제주특별자치도 제주시 연동,중상사고,0,1,0,0,차대차 - 기타,안전운전불이행,건조,맑음,단일로 - 기타,승용,남,44세,상해없음,승합,남,39세,상해없음
2023071300100483,2023년 7월 13일 21시,목요일,제주특별자치도 제주시 애월읍,경상사고,0,0,1,1,차대차 - 정면충돌,신호위반,건조,맑음,교차로 - 교차로안,승용,여,23세,부상신고,승용,남,28세,경상
2023071300100484,2023년 7월 13일 21시,목요일,제주특별자치도 제주시 한경면,경상사고,0,0,2,0,차대차 - 기타,직진우회전진행방해,건조,맑음,교차로 - 교차로안,승용,여,30세,경상,승용,남,27세,경상
2023071300100537,2023년 7월 13일 23시,목요일,제주특별자치도 제주시 일도이동,경상사고,0,0,2,0,차대차 - 추돌,안전거리미확보,건조,맑음,교차로 - 교차로횡단보도내,승용,남,59세,상해없음,승용,남,47세,경상
2023071400100079,2023년 7월 14일 07시,금요일,제주특별자치도 제주시 이도일동,중상사고,0,2,1,0,차대차 - 추돌,안전운전불이행,건조,맑음,단일로 - 기타,승용,여,68세,상해없음,승용,남,59세,중상
2023071400100113,2023년 7월 14일 08시,금요일,제주특별자치도 서귀포시 중문동,경상사고,0,0,1,0,차대사람 - 기타,안전운전불이행,건조,흐림,기타 - 기타,승용,여,42세,상해없음,보행자,여,22세,경상
2023071400100114,2023년 7월 14일 08시,금요일,제주특별자치도 제주시 연동,경상사고,0,0,1,0,차대차 - 기타,안전거리미확보,건조,맑음,단일로 - 기타,승용,남,65세,상해없음,승합,남,64세,상해없음
2023071400100228,2023년 7월 14일 12시,금요일,제주특별자치도 제주시 애월읍,경상사고,0,0,3,0,차대차 - 정면충돌,중앙선침범,건조,맑음,단일로 - 기타,승용,남,56세,상해없음,승용,여,27세,경상
2023071400100332,2023년 7월 14일 15시,금요일,제주특별자치도 제주시 애월읍,부상신고사고,0,0,0,1,차대사람 - 기타,안전운전불이행,기타,기타,단일로 - 기타,승합,남,54세,상해없음,보행자,남,53세,부상신고
2023071400100333,2023년 7월 14일 15시,금요일,제주특별자치도 제주시 연동,중상사고,0,1,0,0,차대차 - 측면충돌,신호위반,건조,맑음,교차로 - 교차로안,승용,남,27세,상해없음,승합,남,55세,상해없음
2023071400100367,2023년 7월 14일 16시,금요일,제주특별자치도 제주시 오라이동,경상사고,0,0,1,0,차량단독 - 전도전복 - 전복,안전운전불이행,건조,맑음,단일로 - 기타,승용,남,44세,경상,,,,
2023071400100368,2023년 7월 14일 16시,금요일,제주특별자치도 서귀포시 동홍동,경상사고,0,0,1,0,차대사람 - 기타,보행자보호의무위반,건조,맑음,단일로 - 기타,승용,여,55세,상해없음,보행자,남,14세,경상
2023071400100369,2023년 7월 14일 16시,금요일,제주특별자치도 제주시 한림읍,중상사고,0,1,0,0,차대차 - 측면충돌,안전운전불이행,건조,맑음,단일로 - 기타,화물,남,27세,상해없음,이륜,남,36세,중상
2023071400100399,2023년 7월 14일 17시,금요일,제주특별자치도 서귀포시 대포동,경상사고,0,0,1,0,차대차 - 측면충돌,안전운전불이행,건조,맑음,단일로 - 기타,승용,여,46세,상해없음,승용,여,70세,경상
2023071400100400,2023년 7월 14일 17시,금요일,제주특별자치도 서귀포시 대정읍,경상사고,0,0,2,0,차대차 - 측면충돌,기타,건조,맑음,교차로 - 교차로안,화물,여,56세,경상,승용,남,59세,경상
2023071400100446,2023년 7월 14일 18시,금요일,제주특별자치도 제주시 이도이동,경상사고,0,0,1,0,차대차 - 측면충돌,신호위반,건조,맑음,교차로 - 교차로안,승용,여,71세,상해없음,승용,여,26세,경상
2023071400100516,2023년 7월 14일 20시,금요일,제주특별자치도 서귀포시 성산읍,경상사고,0,0,2,0,차대차 - 측면충돌,안전운전불이행,건조,맑음,교차로 - 교차로안,화물,남,62세,상해없음,승용,남,40세,경상
2023071400100544,2023년 7월 14일 21시,금요일,제주특별자치도 제주시 건입동,경상사고,0,0,1,0,차대사람 - 차도통행중,안전운전불이행,건조,맑음,교차로 - 교차로안,승용,남,46세,상해없음,보행자,남,44세,경상
2023071400100545,2023년 7월 14일 21시,금요일,제주특별자치도 제주시 일도일동,경상사고,0,0,1,0,차대사람 - 기타,안전운전불이행,건조,맑음,단일로 - 기타,개인형이동수단(PM),남,13세,기타불명,보행자,여,5세,경상
2023071500100095,2023년 7월 15일 07시,토요일,제주특별자치도 서귀포시 남원읍,부상신고사고,0,0,0,1,차량단독 - 공작물충돌,안전운전불이행,건조,맑음,단일로 - 기타,화물,남,69세,부상신고,,,,
2023071500100130,2023년 7월 15일 09시,토요일,제주특별자치도 서귀포시 강정동,중상사고,0,1,0,0,차량단독 - 공작물충돌,안전운전불이행,건조,맑음,단일로 - 기타,승용,남,36세,중상,,,,
2023071500100152,2023년 7월 15일 10시,토요일,제주특별자치도 제주시 노형동,중상사고,0,1,0,0,차대차 - 기타,안전운전불이행,건조,맑음,교차로 - 교차로부근,개인형이동수단(PM),남,24세,중상,승용,여,39세,상해없음
2023071500100190,2023년 7월 15일 11시,토요일,제주특별자치도 서귀포시 도순동,중상사고,0,1,3,0,차대차 - 측면충돌,신호위반,건조,맑음,교차로 - 교차로안,승용,남,30세,경상,승용,남,67세,중상
2023071500100191,2023년 7월 15일 11시,토요일,제주특별자치도 서귀포시 토평동,부상신고사고,0,0,0,1,차대사람 - 기타,안전운전불이행,젖음/습기,흐림,단일로 - 기타,승합,남,52세,상해없음,보행자,남,69세,부상신고
2023071500100249,2023년 7월 15일 13시,토요일,제주특별자치도 제주시 건입동,경상사고,0,0,1,1,차대차 - 정면충돌,직진우회전진행방해,건조,맑음,교차로 - 교차로안,승용,남,61세,부상신고,승용,남,65세,상해없음
2023071500100279,2023년 7월 15일 14시,토요일,제주특별자치도 제주시 조천읍,중상사고,0,1,0,0,차대차 - 측면충돌,신호위반,건조,맑음,교차로 - 교차로안,이륜,남,34세,중상,승용,남,45세,상해없음
2023071500100315,2023년 7월 15일 15시,토요일,제주특별자치도 서귀포시 호근동,중상사고,0,1,0,2,차량단독 - 공작물충돌,안전운전불이행,건조,맑음,단일로 - 기타,승용,남,63세,중상,,,,
2023071500100316,2023년 7월 15일 15시,토요일,제주특별자치도 제주시 노형동,경상사고,0,0,1,0,차대사람 - 길가장자리구역통행중,안전운전불이행,건조,맑음,단일로 - 기타,승용,여,54세,기타불명,보행자,여,20세,경상
2023071500100404,2023년 7월 15일 18시,토요일,제주특별자치도 제주시 아라일동,경상사고,0,0,1,0,차대차 - 측면충돌,직진우회전진행방해,건조,맑음,교차로 - 교차로부근,승용,남,48세,상해없음,이륜,남,35세,경상
2023071500100425,2023년 7월 15일 19시,토요일,제주특별자치도 제주시 연동,경상사고,0,0,1,0,차대차 - 측면충돌,안전운전불이행,건조,맑음,교차로 - 교차로부근,승용,남,50세,상해없음,승용,남,24세,경상
2023071500100459,2023년 7월 15일 20시,토요일,제주특별자치도 제주시 조천읍,중상사고,0,1,0,0,차대차 - 기타,안전운전불이행,건조,맑음,단일로 - 기타,승용,남,49세,상해없음,이륜,남,45세,중상
2023071500100515,2023년 7월 15일 22시,토요일,제주특별자치도 제주시 오라일동,경상사고,0,0,1,0,차대차 - 추돌,안전운전불이행,젖음/습기,기타,단일로 - 기타,화물,남,58세,상해없음,승용,남,70세,경상
2023071500100516,2023년 7월 15일 22시,토요일,제주특별자치도 제주시 용담이동,중상사고,0,1,0,0,차대차 - 추돌,안전운전불이행,건조,맑음,단일로 - 기타,승용,남,28세,상해없음,승용,여,47세,중상
2023071600100039,2023년 7월 16일 03시,일요일,제주특별자치도 서귀포시 회수동,경상사고,0,0,1,0,차량단독 - 전도전복 - 전도,안전운전불이행,건조,맑음,단일로 - 기타,이륜,남,32세,경상,,,,
2023071600100059,2023년 7월 16일 06시,일요일,제주특별자치도 제주시 구좌읍,경상사고,0,0,1,0,차대차 - 추돌,안전운전불이행,젖음/습기,맑음,교차로 - 교차로부근,승용,남,32세,기타불명,승용,여,49세,경상
2023071600100060,2023년 7월 16일 06시,일요일,제주특별자치도 제주시 한림읍,중상사고,0,1,0,0,차대차 - 측면충돌,직진우회전진행방해,건조,맑음,교차로 - 교차로안,특수,남,46세,상해없음,자전거,남,83세,중상
2023071600100140,2023년 7월 16일 12시,일요일,제주특별자치도 서귀포시 동홍동,경상사고,0,0,1,0,차대차 - 측면충돌,기타,젖음/습기,비,교차로 - 교차로안,이륜,남,23세,경상,승용,여,51세,상해없음
2023071600100170,2023년 7월 16일 13시,일요일,제주특별자치도 제주시 한림읍,경상사고,0,0,2,0,차대차 - 측면충돌,안전운전불이행,건조,맑음,단일로 - 기타,승용,여,61세,상해없음,이륜,남,23세,경상
2023071600100193,2023년 7월 16일 14시,일요일,제주특별자치도 서귀포시 토평동,부상신고사고,0,0,0,1,차대차 - 측면충돌,안전운전불이행,건조,맑음,단일로 - 기타,승용,남,35세,상해없음,화물,남,56세,기타불명
2023071600100194,2023년 7월 16일 14시,일요일,제주특별자치도 제주시 노형동,경상사고,0,0,1,0,차대차 - 측면충돌,안전거리미확보,건조,맑음,교차로 - 교차로안,승합,남,69세,기타불명,승용,남,30세,경상
2023071600100236,2023년 7월 16일 16시,일요일,제주특별자치도 제주시 삼도일동,경상사고,0,0,2,0,차대차 - 측면충돌,안전운전불이행,건조,맑음,기타 - 기타,승용,여,63세,경상,특수,남,41세,경상
2023071600100237,2023년 7월 16일 16시,일요일,제주특별자치도 서귀포시 안덕면,중상사고,0,1,0,0,차대차 - 측면충돌,직진우회전진행방해,건조,맑음,교차로 - 교차로안,승용,여,42세,상해없음,이륜,남,41세,중상
2023071600100271,2023년 7월 16일 18시,일요일,제주특별자치도 제주시 노형동,경상사고,0,0,5,0,차대차 - 측면충돌,신호위반,건조,맑음,교차로 - 교차로안,승용,남,61세,상해없음,승용,남,37세,경상
2023071600100287,2023년 7월 16일 19시,일요일,제주특별자치도 제주시 도남동,경상사고,0,0,1,0,차대차 - 기타,안전운전불이행,건조,맑음,교차로 - 교차로안,승용,여,61세,상해없음,이륜,남,39세,경상
2023071600100288,2023년 7월 16일 19시,일요일,제주특별자치도 제주시 한경면,경상사고,0,0,2,0,차대차 - 측면충돌,안전운전불이행,건조,맑음,단일로 - 기타,승용,남,20세,상해없음,승용,여,40세,경상
2023071600100309,2023년 7월 16일 20시,일요일,제주특별자치도 제주시 삼도일동,경상사고,0,0,1,0,차대사람 - 횡단중,안전운전불이행,건조,맑음,단일로 - 기타,승용,여,62세,상해없음,보행자,남,54세,경상
2023071600100310,2023년 7월 16일 20시,일요일,제주특별자치도 제주시 조천읍,경상사고,0,0,1,0,차대차 - 기타,안전운전불이행,건조,흐림,단일로 - 기타,승용,남,37세,상해없음,화물,여,64세,경상
2023071600100328,2023년 7월 16일 21시,일요일,제주특별자치도 서귀포시 서귀동,경상사고,0,0,1,0,차대차 - 기타,신호위반,건조,기타,교차로 - 교차로안,승용,남,26세,상해없음,승용,남,38세,경상
2023071700100021,2023년 7월 17일 02시,월요일,제주특별자치도 제주시 삼도이동,경상사고,0,0,1,0,차대사람 - 기타,안전운전불이행,건조,맑음,단일로 - 기타,승용,남,25세,상해없음,보행자,남,25세,경상
2023071700100117,2023년 7월 17일 08시,월요일,제주특별자치도 제주시 외도일동,경상사고,0,0,1,0,차대차 - 측면충돌,안전거리미확보,건조,맑음,교차로 - 교차로안,농기계,남,68세,상해없음,승용,여,72세,경상
2023071700100347,2023년 7월 17일 15시,월요일,제주특별자치도 제주시 용담이동,경상사고,0,0,1,0,차대차 - 추돌,안전거리미확보,젖음/습기,흐림,교차로 - 교차로부근,승용,남,54세,상해없음,승용,여,24세,경상
2023071700100378,2023년 7월 17일 16시,월요일,제주특별자치도 제주시 용담삼동,중상사고,0,2,0,0,차대차 - 기타,안전거리미확보,건조,맑음,단일로 - 기타,승용,남,56세,중상,승용,남,21세,중상
2023071700100536,2023년 7월 17일 21시,월요일,제주특별자치도 서귀포시 서호동,경상사고,0,0,1,0,차대사람 - 차도통행중,안전운전불이행,젖음/습기,비,교차로 - 교차로부근,승용,여,64세,상해없음,보행자,남,65세,경상
2023071700100537,2023년 7월 17일 21시,월요일,제주특별자치도 제주시 연동,중상사고,0,1,1,0,차대차 - 기타,교차로운행방법위반,젖음/습기,비,교차로 - 교차로안,승용,남,32세,중상,승용,여,57세,경상
2023071800100032,2023년 7월 18일 03시,화요일,제주특별자치도 서귀포시 안덕면,경상사고,0,0,1,0,차량단독 - 공작물충돌,안전운전불이행,건조,맑음,단일로 - 기타,승용,남,22세,경상,,,,
2023071800100098,2023년 7월 18일 08시,화요일,제주특별자치도 제주시 영평동,경상사고,0,0,1,0,차대차 - 측면충돌,안전운전불이행,젖음/습기,비,교차로 - 교차로안,화물,남,64세,상해없음,승용,여,42세,경상
2023071800100099,2023년 7월 18일 08시,화요일,제주특별자치도 제주시 구좌읍,경상사고,0,0,1,0,차대차 - 추돌,안전운전불이행,기타,기타,교차로 - 교차로안,승용,남,60세,상해없음,승용,여,46세,경상
2023071800100100,2023년 7월 18일 08시,화요일,제주특별자치도 제주시 오라이동,경상사고,0,0,1,0,차대차 - 추돌,안전운전불이행,건조,맑음,단일로 - 기타,승용,남,65세,상해없음,승용,여,43세,경상
2023071800100101,2023년 7월 18일 08시,화요일,제주특별자치도 서귀포시 남원읍,경상사고,0,0,2,0,차대차 - 정면충돌,중앙선침범,젖음/습기,비,단일로 - 기타,승용,여,25세,경상,승용,남,30세,경상
2023071800100136,2023년 7월 18일 09시,화요일,제주특별자치도 서귀포시 남원읍,경상사고,0,0,3,0,차대차 - 정면충돌,중앙선침범,젖음/습기,비,단일로 - 기타,승용,여,63세,경상,승용,남,40세,경상
2023071800100222,2023년 7월 18일 12시,화요일,제주특별자치도 제주시 일도이동,경상사고,0,0,1,0,차대사람 - 횡단중,보행자보호의무위반,건조,맑음,교차로 - 교차로횡단보도내,승용,남,67세,상해없음,보행자,남,36세,경상
2023071800100223,2023년 7월 18일 12시,화요일,제주특별자치도 제주시 노형동,중상사고,0,1,0,0,차대차 - 기타,직진우회전진행방해,젖음/습기,흐림,교차로 - 교차로부근,화물,남,43세,상해없음,이륜,남,27세,중상
2023071800100254,2023년 7월 18일 13시,화요일,제주특별자치도 서귀포시 서귀동,경상사고,0,0,1,0,차대차 - 측면충돌,직진우회전진행방해,건조,흐림,교차로 - 교차로안,승용,여,42세,상해없음,승용,여,52세,경상
2023071800100291,2023년 7월 18일 14시,화요일,제주특별자치도 제주시 이도일동,부상신고사고,0,0,0,1,차대사람 - 기타,안전운전불이행,건조,맑음,단일로 - 기타,승용,여,68세,상해없음,보행자,남,75세,부상신고
2023071800100292,2023년 7월 18일 14시,화요일,제주특별자치도 제주시 외도일동,경상사고,0,0,1,0,차대사람 - 횡단중,보행자보호의무위반,젖음/습기,비,단일로 - 기타,승용,남,47세,상해없음,보행자,여,13세,경상
2023071800100352,2023년 7월 18일 16시,화요일,제주특별자치도 서귀포시 표선면,중상사고,0,1,0,0,차대차 - 정면충돌,안전운전불이행,건조,맑음,단일로 - 기타,승용,여,41세,상해없음,이륜,여,66세,중상
2023071800100353,2023년 7월 18일 16시,화요일,제주특별자치도 서귀포시 하원동,경상사고,0,0,1,0,차대차 - 측면충돌,신호위반,젖음/습기,비,교차로 - 교차로안,화물,남,63세,상해없음,승용,남,26세,경상
2023071800100391,2023년 7월 18일 17시,화요일,제주특별자치도 제주시 용담일동,경상사고,0,0,2,0,차대차 - 측면충돌,교차로운행방법위반,젖음/습기,흐림,교차로 - 교차로안,승용,여,39세,경상,승용,여,66세,경상
2023071800100431,2023년 7월 18일 18시,화요일,제주특별자치도 제주시 화북일동,경상사고,0,0,1,0,차대차 - 측면충돌,안전운전불이행,건조,흐림,단일로 - 기타,승용,남,50세,상해없음,승용,남,66세,상해없음
2023071800100462,2023년 7월 18일 19시,화요일,제주특별자치도 서귀포시 색달동,중상사고,0,1,0,0,차대차 - 측면충돌,직진우회전진행방해,건조,흐림,교차로 - 교차로안,승용,여,59세,기타불명,승용,남,44세,중상
2023071800100463,2023년 7월 18일 19시,화요일,제주특별자치도 제주시 노형동,경상사고,0,0,2,0,차대차 - 추돌,안전운전불이행,건조,맑음,교차로 - 교차로부근,화물,남,64세,상해없음,승용,남,28세,경상
2023071800100486,2023년 7월 18일 20시,화요일,제주특별자치도 서귀포시 서귀동,경상사고,0,0,4,0,차대차 - 추돌,안전운전불이행,건조,맑음,교차로 - 교차로안,승용,여,54세,상해없음,승용,남,45세,경상
2023071800100511,2023년 7월 18일 21시,화요일,제주특별자치도 제주시 노형동,경상사고,0,0,1,0,차대차 - 추돌,안전거리미확보,건조,맑음,교차로 - 교차로안,승용,남,25세,상해없음,승용,여,53세,경상
2023071900100114,2023년 7월 19일 08시,수요일,제주특별자치도 제주시 구좌읍,경상사고,0,0,1,0,차량단독 - 전도전복 - 전도,안전운전불이행,건조,맑음,단일로 - 기타,사륜오토바이(ATV),여,86세,경상,,,,
2023071900100148,2023년 7월 19일 09시,수요일,제주특별자치도 제주시 구좌읍,부상신고사고,0,0,0,1,차대차 - 추돌,안전운전불이행,건조,맑음,단일로 - 기타,화물,남,36세,상해없음,승용,남,50세,부상신고
2023071900100149,2023년 7월 19일 09시,수요일,제주특별자치도 서귀포시 성산읍,경상사고,0,0,4,0,차대차 - 측면충돌,신호위반,건조,흐림,교차로 - 교차로안,승용,남,48세,상해없음,승용,남,44세,경상
2023071900100231,2023년 7월 19일 11시,수요일,제주특별자치도 제주시 도남동,경상사고,0,0,1,0,차대차 - 측면충돌,신호위반,건조,맑음,교차로 - 교차로안,승용,남,68세,상해없음,승용,남,67세,경상
2023071900100232,2023년 7월 19일 11시,수요일,제주특별자치도 제주시 영평동,경상사고,0,0,1,0,차대사람 - 횡단중,보행자보호의무위반,건조,맑음,교차로 - 교차로횡단보도내,승용,여,63세,상해없음,보행자,여,13세,경상
2023071900100332,2023년 7월 19일 14시,수요일,제주특별자치도 제주시 구좌읍,중상사고,0,2,0,0,차대차 - 추돌,중앙선침범,건조,맑음,단일로 - 기타,승용,여,63세,상해없음,승용,여,73세,중상
2023071900100333,2023년 7월 19일 14시,수요일,제주특별자치도 제주시 노형동,중상사고,0,1,0,0,차대사람 - 보도통행중,안전운전불이행,건조,맑음,기타 - 기타,개인형이동수단(PM),남,16세,상해없음,보행자,여,69세,중상
2023071900100367,2023년 7월 19일 15시,수요일,제주특별자치도 제주시 외도일동,경상사고,0,0,2,0,차대차 - 측면충돌,교차로운행방법위반,건조,맑음,교차로 - 교차로안,승용,남,53세,상해없음,승용,여,40세,경상
2023071900100411,2023년 7월 19일 16시,수요일,제주특별자치도 서귀포시 성산읍,중상사고,0,1,0,0,차대차 - 기타,안전거리미확보,건조,맑음,단일로 - 기타,이륜,여,69세,중상,승용,여,47세,상해없음
2023071900100457,2023년 7월 19일 17시,수요일,제주특별자치도 제주시 용담이동,경상사고,0,0,1,0,차대차 - 추돌,안전거리미확보,건조,맑음,교차로 - 교차로안,승용,남,34세,상해없음,승용,남,65세,경상
2023072000100011,2023년 7월 20일 00시,목요일,제주특별자치도 제주시 조천읍,경상사고,0,0,1,0,차량단독 - 전도전복 - 전복,안전운전불이행,건조,맑음,단일로 - 기타,승용,여,55세,경상,,,,
2023072000100022,2023년 7월 20일 01시,목요일,제주특별자치도 제주시 한림읍,부상신고사고,0,0,0,1,차대차 - 기타,안전운전불이행,건조,맑음,단일로 - 기타,승용,여,36세,부상신고,승용,남,32세,상해없음
2023072000100036,2023년 7월 20일 04시,목요일,제주특별자치도 제주시 연동,경상사고,0,0,2,0,차대차 - 측면충돌,안전운전불이행,건조,기타,교차로 - 교차로안,이륜,남,38세,경상,승용,남,38세,경상
2023072000100103,2023년 7월 20일 08시,목요일,제주특별자치도 제주시 노형동,경상사고,0,0,2,0,차대차 - 정면충돌,중앙선침범,건조,맑음,단일로 - 기타,승용,여,30세,경상,화물,남,52세,경상
2023072000100140,2023년 7월 20일 09시,목요일,제주특별자치도 제주시 일도이동,중상사고,0,1,0,0,차대사람 - 횡단중,보행자보호의무위반,기타,기타,교차로 - 교차로안,승용,여,38세,상해없음,보행자,여,76세,중상
2023072000100250,2023년 7월 20일 12시,목요일,제주특별자치도 서귀포시 대정읍,경상사고,0,0,1,0,차대차 - 추돌,안전운전불이행,건조,맑음,단일로 - 기타,승합,남,50세,상해없음,화물,남,76세,경상
2023072000100278,2023년 7월 20일 13시,목요일,제주특별자치도 제주시 화북일동,경상사고,0,0,1,0,차대차 - 추돌,안전운전불이행,건조,맑음,단일로 - 기타,승용,남,68세,상해없음,승용,남,45세,상해없음
2023072000100538,2023년 7월 20일 20시,목요일,제주특별자치도 제주시 애월읍,경상사고,0,0,1,6,차대차 - 측면충돌,안전운전불이행,건조,맑음,교차로 - 교차로부근,승용,남,29세,상해없음,승용,남,33세,경상
2023072100100005,2023년 7월 21일 00시,금요일,제주특별자치도 제주시 연동,부상신고사고,0,0,0,2,차대차 - 측면충돌,교차로운행방법위반,건조,맑음,교차로 - 교차로안,승용,남,37세,상해없음,승용,남,49세,부상신고
2023072100100024,2023년 7월 21일 02시,금요일,제주특별자치도 제주시 구좌읍,중상사고,0,1,0,0,차량단독 - 기타,기타,건조,맑음,단일로 - 기타,이륜,남,17세,중상,,,,
2023072100100171,2023년 7월 21일 10시,금요일,제주특별자치도 제주시 이도이동,경상사고,0,0,1,0,차대사람 - 횡단중,보행자보호의무위반,건조,맑음,단일로 - 기타,기타불명,기타불명,미분류,기타불명,보행자,여,65세,경상
2023072100100200,2023년 7월 21일 11시,금요일,제주특별자치도 서귀포시 강정동,중상사고,0,1,0,0,차대차 - 측면충돌,직진우회전진행방해,건조,맑음,교차로 - 교차로안,화물,남,64세,상해없음,이륜,남,63세,중상
2023072100100244,2023년 7월 21일 12시,금요일,제주특별자치도 제주시 이도이동,경상사고,0,0,1,0,차대차 - 측면충돌,기타,건조,맑음,교차로 - 교차로횡단보도내,자전거,여,67세,경상,승용,여,43세,상해없음
2023072100100290,2023년 7월 21일 13시,금요일,제주특별자치도 서귀포시 성산읍,경상사고,0,0,1,0,차대사람 - 횡단중,안전운전불이행,건조,맑음,교차로 - 교차로부근,화물,남,42세,상해없음,보행자,남,11세,경상
2023072100100328,2023년 7월 21일 14시,금요일,제주특별자치도 제주시 삼도일동,경상사고,0,0,1,0,차대차 - 측면충돌,안전운전불이행,건조,맑음,단일로 - 기타,승용,남,26세,상해없음,자전거,남,55세,경상
2023072100100329,2023년 7월 21일 14시,금요일,제주특별자치도 제주시 애월읍,경상사고,0,0,2,0,차대차 - 기타,안전운전불이행,건조,맑음,교차로 - 교차로안,화물,남,57세,상해없음,승용,남,36세,경상
2023072100100476,2023년 7월 21일 17시,금요일,제주특별자치도 제주시 오라이동,경상사고,0,0,1,0,차대차 - 기타,안전운전불이행,건조,맑음,단일로 - 기타,승용,여,48세,상해없음,개인형이동수단(PM),여,19세,경상
2023072100100538,2023년 7월 21일 18시,금요일,제주특별자치도 서귀포시 성산읍,경상사고,0,0,1,0,차대차 - 측면충돌,직진우회전진행방해,건조,맑음,교차로 - 교차로안,승용,남,37세,상해없음,이륜,여,38세,경상
2023072100100539,2023년 7월 21일 18시,금요일,제주특별자치도 제주시 애월읍,경상사고,0,0,1,0,차대차 - 측면충돌,안전운전불이행,건조,맑음,교차로 - 교차로안,승용,남,23세,상해없음,승용,여,43세,경상
2023072100100571,2023년 7월 21일 19시,금요일,제주특별자치도 제주시 삼양이동,경상사고,0,0,1,0,차대사람 - 기타,안전운전불이행,건조,맑음,단일로 - 기타,승용,남,22세,상해없음,보행자,여,22세,경상
2023072100100572,2023년 7월 21일 19시,금요일,제주특별자치도 제주시 연동,부상신고사고,0,0,0,1,차대사람 - 길가장자리구역통행중,안전운전불이행,건조,맑음,교차로 - 교차로부근,승용,남,41세,상해없음,보행자,남,53세,부상신고
2023072100100667,2023년 7월 21일 22시,금요일,제주특별자치도 제주시 애월읍,경상사고,0,0,1,0,차대차 - 정면충돌,안전운전불이행,건조,맑음,기타 - 기타,승용,남,53세,상해없음,승용,여,41세,기타불명
2023072100100687,2023년 7월 21일 23시,금요일,제주특별자치도 제주시 이도이동,경상사고,0,0,1,0,차대사람 - 횡단중,보행자보호의무위반,건조,맑음,단일로 - 기타,승용,여,60세,상해없음,보행자,여,22세,경상