사고번호,사고일시,요일,시군구,사고내용,사망자수,중상자수,경상자수,부상신고자수,사고유형,법규위반,노면상태,기상상태,도로형태,가해운전자 차종,가해운전자 성별,가해운전자 연령,가해운전자 상해정도,피해운전자 차종,피해운전자 성별,피해운전자 연령,피해운전자 상해정도
2023072100100688,2023년 7월 21일 23시,금요일,제주특별자치도 제주시 연동,경상사고,0,0,1,0,차대차 - 기타,직진우회전진행방해,건조,맑음,단일로 - 기타,승용,남,18세,상해없음,개인형이동수단(PM),남,55세,경상
2023072200100007,2023년 7월 22일 00시,토요일,제주특별자치도 제주시 용담일동,경상사고,0,0,1,0,차대차 - 기타,안전운전불이행,젖음/습기,비,단일로 - 기타,이륜,남,24세,경상,승용,여,48세,기타불명
2023072200100032,2023년 7월 22일 02시,토요일,제주특별자치도 서귀포시 대포동,중상사고,0,1,0,0,차량단독 - 공작물충돌,안전운전불이행,젖음/습기,비,교차로 - 교차로부근,이륜,남,42세,중상,,,,
2023072200100069,2023년 7월 22일 06시,토요일,제주특별자치도 제주시 오라일동,경상사고,0,0,1,0,차대차 - 추돌,안전운전불이행,젖음/습기,비,단일로 - 기타,승용,남,23세,상해없음,승용,남,51세,경상
2023072200100097,2023년 7월 22일 08시,토요일,제주특별자치도 제주시 애월읍,경상사고,0,0,1,0,차대차 - 측면충돌,안전운전불이행,건조,맑음,기타 - 기타,승용,남,52세,상해없음,승용,남,70세,경상
2023072200100242,2023년 7월 22일 12시,토요일,제주특별자치도 제주시 노형동,경상사고,0,0,1,0,차대차 - 측면충돌,직진우회전진행방해,건조,맑음,교차로 - 교차로안,승용,남,27세,상해없음,승용,여,33세,경상
2023072200100360,2023년 7월 22일 16시,토요일,제주특별자치도 제주시 월평동,중상사고,0,1,1,0,차대차 - 기타,중앙선침범,젖음/습기,비,단일로 - 기타,승용,남,31세,상해없음,승용,남,39세,중상
2023072200100361,2023년 7월 22일 16시,토요일,제주특별자치도 제주시 노형동,경상사고,0,0,1,0,차대차 - 측면충돌,직진우회전진행방해,건조,맑음,교차로 - 교차로안,승용,남,26세,상해없음,승합,남,52세,경상
2023072200100396,2023년 7월 22일 17시,토요일,제주특별자치도 서귀포시 성산읍,경상사고,0,0,1,0,차대차 - 측면충돌,직진우회전진행방해,건조,맑음,교차로 - 교차로안,승용,남,44세,상해없음,승용,남,39세,경상
2023072200100466,2023년 7월 22일 20시,토요일,제주특별자치도 제주시 연동,경상사고,0,0,1,0,차대사람 - 길가장자리구역통행중,안전운전불이행,건조,흐림,단일로 - 기타,승용,여,67세,상해없음,보행자,여,47세,경상
2023072200100523,2023년 7월 22일 22시,토요일,제주특별자치도 제주시 화북일동,중상사고,0,1,0,0,차대차 - 측면충돌,안전거리미확보,건조,맑음,교차로 - 교차로안,승용,여,52세,기타불명,이륜,남,28세,중상
2023072300100023,2023년 7월 23일 02시,일요일,제주특별자치도 제주시 한림읍,경상사고,0,0,2,0,차대차 - 측면충돌,신호위반,건조,맑음,교차로 - 교차로안,승용,남,19세,경상,승용,남,30세,경상
2023072300100024,2023년 7월 23일 02시,일요일,제주특별자치도 제주시 연동,중상사고,0,1,0,0,차대차 - 측면충돌,안전운전불이행,건조,맑음,단일로 - 기타,승용,남,28세,상해없음,이륜,남,40세,중상
2023072300100062,2023년 7월 23일 07시,일요일,제주특별자치도 제주시 이도이동,사망사고,1,0,0,0,차대사람 - 횡단중,안전운전불이행,건조,맑음,단일로 - 기타,승합,남,58세,상해없음,보행자,여,76세,사망
2023072300100100,2023년 7월 23일 10시,일요일,제주특별자치도 서귀포시 남원읍,경상사고,0,0,3,5,차대차 - 측면충돌,기타,건조,맑음,교차로 - 교차로안,승용,여,52세,경상,승합,여,48세,경상
2023072300100214,2023년 7월 23일 15시,일요일,제주특별자치도 제주시 도남동,경상사고,0,0,3,0,차대차 - 측면충돌,교차로운행방법위반,건조,맑음,교차로 - 교차로안,승용,여,26세,경상,승용,여,68세,경상
2023072300100241,2023년 7월 23일 16시,일요일,제주특별자치도 제주시 삼도이동,경상사고,0,0,1,0,차대차 - 기타,중앙선침범,건조,맑음,단일로 - 기타,승용,남,26세,상해없음,승용,기타불명,미분류,기타불명
2023072400100133,2023년 7월 24일 09시,월요일,제주특별자치도 서귀포시 동홍동,경상사고,0,0,1,0,차대차 - 추돌,안전운전불이행,건조,맑음,단일로 - 기타,승용,여,50세,상해없음,승용,여,67세,경상
2023072400100134,2023년 7월 24일 09시,월요일,제주특별자치도 서귀포시 동홍동,중상사고,0,2,0,0,차대차 - 추돌,안전거리미확보,건조,흐림,교차로 - 교차로부근,이륜,남,83세,상해없음,이륜,남,73세,중상
2023072400100168,2023년 7월 24일 10시,월요일,제주특별자치도 서귀포시 안덕면,경상사고,0,0,1,0,차대차 - 기타,신호위반,건조,맑음,교차로 - 교차로안,건설기계,남,50세,상해없음,승용,여,52세,경상
2023072400100401,2023년 7월 24일 16시,월요일,제주특별자치도 제주시 조천읍,중상사고,0,4,0,0,차대차 - 추돌,안전운전불이행,건조,맑음,교차로 - 교차로부근,화물,남,47세,상해없음,화물,남,57세,상해없음
2023072400100402,2023년 7월 24일 16시,월요일,제주특별자치도 제주시 이도이동,경상사고,0,0,1,0,차대사람 - 기타,기타,기타,기타,단일로 - 기타,승용,남,70세,상해없음,보행자,여,70세,경상
2023072400100530,2023년 7월 24일 20시,월요일,제주특별자치도 제주시 삼도일동,경상사고,0,0,1,0,차대차 - 추돌,안전운전불이행,건조,맑음,단일로 - 기타,승용,남,44세,상해없음,승용,여,34세,경상
2023072500100005,2023년 7월 25일 00시,화요일,제주특별자치도 서귀포시 대정읍,중상사고,0,1,0,0,차대사람 - 기타,안전운전불이행,건조,맑음,기타 - 기타,승용,여,69세,상해없음,보행자,남,61세,중상
2023072500100018,2023년 7월 25일 02시,화요일,제주특별자치도 서귀포시 중문동,경상사고,0,0,1,0,차대차 - 기타,안전운전불이행,젖음/습기,기타,기타 - 기타,승용,남,33세,상해없음,승용,남,47세,경상
2023072500100157,2023년 7월 25일 10시,화요일,제주특별자치도 제주시 아라일동,부상신고사고,0,0,0,1,차량단독 - 기타,안전운전불이행,건조,기타,단일로 - 기타,승합,남,61세,상해없음,,,,
2023072500100158,2023년 7월 25일 10시,화요일,제주특별자치도 제주시 용담이동,부상신고사고,0,0,0,1,차대차 - 측면충돌,차로위반,건조,맑음,교차로 - 교차로부근,승용,남,66세,상해없음,이륜,남,63세,부상신고
2023072500100292,2023년 7월 25일 14시,화요일,제주특별자치도 제주시 우도면,경상사고,0,0,1,0,차량단독 - 전도전복 - 전도,안전운전불이행,건조,맑음,단일로 - 기타,원동기,남,71세,경상,,,,
2023072500100293,2023년 7월 25일 14시,화요일,제주특별자치도 제주시 이도일동,경상사고,0,0,1,1,차대차 - 측면충돌,교차로운행방법위반,젖음/습기,비,교차로 - 교차로안,승용,여,25세,상해없음,승합,남,69세,경상
2023072500100294,2023년 7월 25일 14시,화요일,제주특별자치도 서귀포시 서홍동,경상사고,0,0,1,0,차대차 - 기타,안전운전불이행,젖음/습기,기타,단일로 - 기타,승용,여,22세,상해없음,이륜,남,31세,경상
2023072500100324,2023년 7월 25일 15시,화요일,제주특별자치도 제주시 도련일동,경상사고,0,0,1,0,차대차 - 측면충돌,안전거리미확보,건조,맑음,단일로 - 기타,이륜,남,37세,경상,승용,여,44세,상해없음
2023072500100361,2023년 7월 25일 16시,화요일,제주특별자치도 서귀포시 남원읍,경상사고,0,0,3,1,차량단독 - 기타,안전운전불이행,젖음/습기,맑음,단일로 - 기타,승용,남,55세,경상,,,,
2023072500100389,2023년 7월 25일 17시,화요일,제주특별자치도 서귀포시 표선면,중상사고,0,1,0,0,차량단독 - 공작물충돌,안전운전불이행,건조,맑음,단일로 - 기타,승용,남,64세,중상,,,,
2023072500100478,2023년 7월 25일 20시,화요일,제주특별자치도 제주시 조천읍,경상사고,0,0,2,0,차대차 - 기타,신호위반,건조,맑음,교차로 - 교차로안,승용,여,51세,상해없음,승용,남,65세,경상
2023072500100479,2023년 7월 25일 20시,화요일,제주특별자치도 제주시 이도이동,경상사고,0,0,1,0,차대사람 - 횡단중,보행자보호의무위반,건조,맑음,교차로 - 교차로횡단보도내,승합,여,56세,상해없음,보행자,남,53세,경상
2023072600100023,2023년 7월 26일 04시,수요일,제주특별자치도 제주시 애월읍,경상사고,0,0,1,0,차대차 - 추돌,안전운전불이행,건조,맑음,단일로 - 기타,승용,남,26세,경상,화물,남,43세,기타불명
2023072600100040,2023년 7월 26일 06시,수요일,제주특별자치도 제주시 조천읍,중상사고,0,1,1,0,차대사람 - 횡단중,보행자보호의무위반,건조,흐림,단일로 - 기타,승용,여,39세,상해없음,보행자,여,64세,중상
2023072600100061,2023년 7월 26일 07시,수요일,제주특별자치도 제주시 아라이동,경상사고,0,0,1,0,차대차 - 추돌,안전운전불이행,건조,맑음,단일로 - 기타,승용,남,39세,상해없음,승용,남,30세,경상
2023072600100062,2023년 7월 26일 07시,수요일,제주특별자치도 제주시 구좌읍,중상사고,0,1,0,0,차량단독 - 기타,안전운전불이행,건조,맑음,단일로 - 기타,이륜,여,63세,중상,,,,
2023072600100100,2023년 7월 26일 08시,수요일,제주특별자치도 제주시 아라일동,경상사고,0,0,1,0,차대차 - 추돌,안전거리미확보,건조,맑음,교차로 - 교차로안,화물,남,50세,상해없음,승용,여,27세,경상
2023072600100101,2023년 7월 26일 08시,수요일,제주특별자치도 제주시 도두이동,경상사고,0,0,1,0,차대사람 - 기타,안전운전불이행,건조,맑음,단일로 - 기타,화물,남,38세,상해없음,보행자,남,70세,경상
2023072600100126,2023년 7월 26일 09시,수요일,제주특별자치도 제주시 화북일동,경상사고,0,0,1,0,차대차 - 측면충돌,신호위반,건조,맑음,교차로 - 교차로안,화물,남,56세,상해없음,화물,남,41세,경상
2023072600100156,2023년 7월 26일 10시,수요일,제주특별자치도 제주시 연동,경상사고,0,0,1,0,차대차 - 기타,직진우회전진행방해,건조,맑음,교차로 - 교차로안,승용,남,66세,상해없음,승용,남,44세,상해없음
2023072600100185,2023년 7월 26일 11시,수요일,제주특별자치도 제주시 용담이동,경상사고,0,0,1,0,차대차 - 측면충돌,교차로운행방법위반,건조,맑음,교차로 - 교차로부근,화물,남,57세,상해없음,승용,여,36세,경상
2023072600100223,2023년 7월 26일 12시,수요일,제주특별자치도 제주시 이도일동,경상사고,0,0,1,0,차량단독 - 공작물충돌,안전운전불이행,건조,맑음,단일로 - 기타,승용,남,68세,경상,,,,
2023072600100301,2023년 7월 26일 14시,수요일,제주특별자치도 서귀포시 안덕면,경상사고,0,0,2,0,차대차 - 측면충돌,불법유턴,건조,맑음,단일로 - 기타,승합,남,76세,경상,승용,여,32세,경상
2023072600100333,2023년 7월 26일 15시,수요일,제주특별자치도 제주시 봉개동,경상사고,0,0,1,0,차대차 - 기타,직진우회전진행방해,건조,맑음,교차로 - 교차로부근,승용,여,45세,상해없음,화물,남,43세,경상
2023072600100334,2023년 7월 26일 15시,수요일,제주특별자치도 서귀포시 호근동,사망사고,1,0,3,0,차대차 - 추돌,안전운전불이행,건조,맑음,교차로 - 교차로부근,이륜,남,68세,사망,승용,여,41세,경상
2023072600100553,2023년 7월 26일 21시,수요일,제주특별자치도 제주시 일도이동,경상사고,0,0,1,0,차대차 - 기타,직진우회전진행방해,건조,맑음,교차로 - 교차로안,승용,남,67세,상해없음,원동기,남,38세,경상
2023072600100554,2023년 7월 26일 21시,수요일,제주특별자치도 서귀포시 서귀동,중상사고,0,1,0,0,차대차 - 측면충돌,안전거리미확보,젖음/습기,흐림,교차로 - 교차로안,이륜,남,44세,중상,화물,남,65세,상해없음
2023072600100574,2023년 7월 26일 22시,수요일,제주특별자치도 서귀포시 안덕면,경상사고,0,0,2,0,차량단독 - 공작물충돌,안전운전불이행,젖음/습기,비,단일로 - 기타,승용,남,48세,상해없음,,,,
2023072700100112,2023년 7월 27일 08시,목요일,제주특별자치도 서귀포시 강정동,경상사고,0,0,2,0,차대차 - 기타,안전운전불이행,건조,맑음,단일로 - 기타,승용,여,58세,상해없음,승용,여,56세,경상
2023072700100172,2023년 7월 27일 10시,목요일,제주특별자치도 제주시 일도이동,중상사고,0,1,0,0,차대사람 - 기타,안전운전불이행,건조,맑음,단일로 - 기타,승합,남,55세,상해없음,보행자,여,78세,중상
2023072700100173,2023년 7월 27일 10시,목요일,제주특별자치도 제주시 아라일동,경상사고,0,0,1,0,차대차 - 측면충돌,안전거리미확보,기타,기타,교차로 - 교차로부근,승용,여,59세,상해없음,승용,여,42세,경상
2023072700100285,2023년 7월 27일 13시,목요일,제주특별자치도 서귀포시 안덕면,경상사고,0,0,2,0,차대차 - 측면충돌,안전운전불이행,건조,맑음,단일로 - 기타,승용,여,38세,상해없음,화물,남,78세,경상
2023072700100357,2023년 7월 27일 15시,목요일,제주특별자치도 서귀포시 대포동,경상사고,0,0,2,0,차대차 - 측면충돌,안전운전불이행,건조,맑음,단일로 - 기타,승용,남,44세,상해없음,승용,여,34세,경상
2023072700100358,2023년 7월 27일 15시,목요일,제주특별자치도 서귀포시 안덕면,경상사고,0,0,2,0,차량단독 - 공작물충돌,기타,건조,맑음,단일로 - 기타,승용,남,24세,상해없음,,,,
2023072700100359,2023년 7월 27일 15시,목요일,제주특별자치도 제주시 도두일동,경상사고,0,0,1,0,차대차 - 기타,안전운전불이행,건조,맑음,단일로 - 기타,이륜,남,37세,상해없음,승용,남,42세,경상
2023072700100454,2023년 7월 27일 17시,목요일,제주특별자치도 제주시 노형동,중상사고,0,1,0,0,차대차 - 기타,직진우회전진행방해,건조,맑음,교차로 - 교차로안,승용,남,58세,상해없음,개인형이동수단(PM),남,29세,중상
2023072700100497,2023년 7월 27일 18시,목요일,제주특별자치도 제주시 구좌읍,중상사고,0,1,0,0,차대차 - 추돌,안전운전불이행,건조,맑음,단일로 - 기타,승용,여,21세,상해없음,자전거,여,32세,중상
2023072700100588,2023년 7월 27일 21시,목요일,제주특별자치도 서귀포시 동홍동,경상사고,0,0,1,0,차대사람 - 기타,안전운전불이행,건조,맑음,교차로 - 교차로안,승용,여,51세,상해없음,보행자,남,22세,경상
2023072700100605,2023년 7월 27일 22시,목요일,제주특별자치도 서귀포시 성산읍,경상사고,0,0,2,0,차대차 - 후진중충돌,안전운전불이행,건조,맑음,단일로 - 기타,승용,여,52세,경상,승용,남,42세,경상
2023072700100619,2023년 7월 27일 23시,목요일,제주특별자치도 제주시 노형동,부상신고사고,0,0,0,1,차대사람 - 기타,안전운전불이행,건조,맑음,단일로 - 기타,승용,남,47세,상해없음,보행자,여,41세,부상신고
2023072800100110,2023년 7월 28일 08시,금요일,제주특별자치도 제주시 오등동,경상사고,0,0,2,0,차대차 - 기타,안전거리미확보,건조,맑음,교차로 - 교차로부근,승용,남,18세,상해없음,승용,여,36세,경상
2023072800100168,2023년 7월 28일 10시,금요일,제주특별자치도 서귀포시 법환동,경상사고,0,0,2,0,차대차 - 정면충돌,직진우회전진행방해,건조,맑음,교차로 - 교차로안,승용,남,79세,경상,승용,남,58세,경상
2023072800100206,2023년 7월 28일 11시,금요일,제주특별자치도 제주시 도두이동,경상사고,0,0,10,0,차대차 - 기타,안전운전불이행,건조,맑음,기타 - 기타,승용,남,71세,상해없음,승합,남,61세,상해없음
2023072800100244,2023년 7월 28일 12시,금요일,제주특별자치도 제주시 오라이동,경상사고,0,0,1,0,차대차 - 기타,안전거리미확보,건조,맑음,기타 - 기타,이륜,남,48세,기타불명,승용,여,60세,경상
2023072800100453,2023년 7월 28일 17시,금요일,제주특별자치도 제주시 조천읍,경상사고,0,0,1,0,차대차 - 추돌,안전거리미확보,건조,맑음,단일로 - 기타,승용,여,28세,상해없음,화물,남,56세,상해없음
2023072800100500,2023년 7월 28일 18시,금요일,제주특별자치도 제주시 애월읍,중상사고,0,1,0,0,차대사람 - 횡단중,안전운전불이행,건조,맑음,단일로 - 기타,승용,남,48세,상해없음,보행자,남,7세,중상
2023072900100145,2023년 7월 29일 09시,토요일,제주특별자치도 서귀포시 중문동,경상사고,0,0,1,0,차대차 - 측면충돌,불법유턴,건조,맑음,교차로 - 교차로안,승용,남,33세,경상,승용,남,31세,상해없음
2023072900100174,2023년 7월 29일 10시,토요일,제주특별자치도 제주시 한경면,경상사고,0,0,1,0,차대차 - 기타,직진우회전진행방해,건조,맑음,교차로 - 교차로안,승용,남,63세,상해없음,승용,여,36세,경상
2023072900100214,2023년 7월 29일 11시,토요일,제주특별자치도 서귀포시 성산읍,중상사고,0,1,0,0,차대차 - 기타,안전거리미확보,건조,맑음,교차로 - 교차로안,승용,남,34세,상해없음,이륜,남,43세,중상
2023072900100253,2023년 7월 29일 12시,토요일,제주특별자치도 제주시 화북일동,중상사고,0,1,0,0,차대차 - 측면충돌,안전운전불이행,건조,맑음,단일로 - 기타,이륜,남,41세,상해없음,이륜,남,39세,중상
2023072900100363,2023년 7월 29일 15시,토요일,제주특별자치도 제주시 애월읍,중상사고,0,1,0,0,차대차 - 기타,안전거리미확보,건조,맑음,단일로 - 기타,승용,여,58세,상해없음,이륜,남,18세,중상
2023072900100405,2023년 7월 29일 16시,토요일,제주특별자치도 서귀포시 안덕면,경상사고,0,0,1,0,차대차 - 추돌,안전운전불이행,건조,맑음,교차로 - 교차로부근,승용,남,58세,상해없음,화물,여,55세,경상
2023072900100406,2023년 7월 29일 16시,토요일,제주특별자치도 제주시 외도이동,경상사고,0,0,2,0,차대차 - 기타,안전운전불이행,건조,맑음,단일로 - 기타,화물,남,54세,상해없음,승용,남,39세,경상
2023072900100485,2023년 7월 29일 18시,토요일,제주특별자치도 제주시 노형동,경상사고,0,0,1,0,차대차 - 기타,안전운전불이행,건조,맑음,교차로 - 교차로안,승용,남,49세,상해없음,화물,남,41세,경상
2023073000100080,2023년 7월 30일 09시,일요일,제주특별자치도 서귀포시 서호동,중상사고,0,2,0,0,차대차 - 측면충돌,직진우회전진행방해,건조,맑음,교차로 - 교차로안,승용,여,67세,중상,화물,남,68세,중상
2023073000100113,2023년 7월 30일 10시,일요일,제주특별자치도 제주시 애월읍,경상사고,0,0,1,0,차대차 - 기타,안전운전불이행,건조,맑음,교차로 - 교차로안,승용,남,35세,상해없음,승용,남,46세,상해없음
2023073000100198,2023년 7월 30일 13시,일요일,제주특별자치도 서귀포시 표선면,경상사고,0,0,1,0,차량단독 - 공작물충돌,안전운전불이행,건조,맑음,단일로 - 기타,화물,남,51세,경상,,,,
2023073000100239,2023년 7월 30일 14시,일요일,제주특별자치도 제주시 연동,경상사고,0,0,1,0,차대차 - 측면충돌,직진우회전진행방해,건조,맑음,교차로 - 교차로안,승용,여,29세,상해없음,승용,여,55세,경상
2023073000100240,2023년 7월 30일 14시,일요일,제주특별자치도 제주시 애월읍,경상사고,0,0,1,0,차대차 - 기타,안전거리미확보,건조,맑음,단일로 - 기타,승용,남,59세,상해없음,승용,남,63세,경상
2023073000100278,2023년 7월 30일 15시,일요일,제주특별자치도 제주시 이도이동,경상사고,0,0,1,0,차대차 - 측면충돌,신호위반,건조,맑음,교차로 - 교차로부근,승용,남,39세,상해없음,승용,여,49세,경상
2023073000100352,2023년 7월 30일 18시,일요일,제주특별자치도 제주시 노형동,부상신고사고,0,0,0,3,차량단독 - 기타,기타,건조,맑음,교차로 - 교차로부근,승합,남,47세,상해없음,,,,
2023073100100221,2023년 7월 31일 12시,월요일,제주특별자치도 제주시 도남동,부상신고사고,0,0,0,1,차대사람 - 기타,안전운전불이행,건조,맑음,단일로 - 기타,승용,남,51세,상해없음,보행자,여,52세,부상신고
2023073100100251,2023년 7월 31일 13시,월요일,제주특별자치도 제주시 오라일동,부상신고사고,0,0,0,1,차대차 - 측면충돌,안전운전불이행,건조,맑음,단일로 - 기타,승용,남,71세,상해없음,승용,남,40세,부상신고
2023073100100252,2023년 7월 31일 13시,월요일,제주특별자치도 서귀포시 표선면,부상신고사고,0,0,0,1,차대차 - 측면충돌,직진우회전진행방해,건조,맑음,교차로 - 교차로안,화물,남,60세,상해없음,승용,남,48세,부상신고
2023073100100253,2023년 7월 31일 13시,월요일,제주특별자치도 서귀포시 안덕면,경상사고,0,0,1,0,차대차 - 기타,안전거리미확보,건조,맑음,교차로 - 교차로안,화물,남,51세,상해없음,승용,여,25세,경상
2023073100100254,2023년 7월 31일 13시,월요일,제주특별자치도 제주시 연동,경상사고,0,0,1,0,차대차 - 추돌,안전거리미확보,건조,맑음,단일로 - 기타,화물,남,59세,상해없음,승합,남,40세,상해없음
2023073100100368,2023년 7월 31일 16시,월요일,제주특별자치도 제주시 아라일동,경상사고,0,0,1,0,차대사람 - 횡단중,보행자보호의무위반,건조,맑음,교차로 - 교차로횡단보도내,화물,남,50세,상해없음,보행자,남,10세,경상
2023073100100455,2023년 7월 31일 18시,월요일,제주특별자치도 제주시 연동,경상사고,0,0,1,0,차대차 - 기타,안전운전불이행,건조,맑음,교차로 - 교차로안,승용,여,63세,상해없음,승용,여,25세,경상
2023073100100456,2023년 7월 31일 18시,월요일,제주특별자치도 제주시 외도이동,경상사고,0,0,3,0,차대차 - 추돌,안전운전불이행,건조,맑음,교차로 - 교차로부근,승용,남,32세,상해없음,승용,남,51세,경상
2023073100100457,2023년 7월 31일 18시,월요일,제주특별자치도 제주시 애월읍,부상신고사고,0,0,0,1,차대차 - 기타,직진우회전진행방해,건조,맑음,교차로 - 교차로안,승용,여,25세,기타불명,승합,남,56세,부상신고
2023073100100492,2023년 7월 31일 19시,월요일,제주특별자치도 제주시 노형동,중상사고,0,1,0,0,차대차 - 측면충돌,직진우회전진행방해,건조,맑음,교차로 - 교차로안,이륜,남,67세,중상,승용,남,29세,상해없음
2023073100100513,2023년 7월 31일 20시,월요일,제주특별자치도 제주시 도남동,경상사고,0,0,1,0,차대차 - 측면충돌,안전운전불이행,건조,맑음,단일로 - 기타,승용,여,61세,상해없음,이륜,남,37세,경상
2023080100100074,2023년 8월 1일 07시,화요일,제주특별자치도 서귀포시 성산읍,경상사고,0,0,1,0,차대차 - 측면충돌,안전운전불이행,건조,맑음,교차로 - 교차로안,원동기,여,61세,경상,승용,남,60세,상해없음
2023080100100095,2023년 8월 1일 08시,화요일,제주특별자치도 제주시 봉개동,중상사고,0,1,0,0,차대차 - 정면충돌,중앙선침범,건조,맑음,단일로 - 기타,승용,여,34세,상해없음,화물,남,45세,중상
2023080100100124,2023년 8월 1일 09시,화요일,제주특별자치도 제주시 용담일동,중상사고,0,1,0,0,차대사람 - 횡단중,신호위반,기타,맑음,교차로 - 교차로횡단보도내,승용,남,54세,상해없음,보행자,여,75세,중상
2023080100100252,2023년 8월 1일 13시,화요일,제주특별자치도 서귀포시 서귀동,경상사고,0,0,1,0,차대차 - 기타,직진우회전진행방해,건조,맑음,교차로 - 교차로부근,승용,여,32세,상해없음,승용,남,50세,경상
2023080100100253,2023년 8월 1일 13시,화요일,제주특별자치도 제주시 연동,경상사고,0,0,1,0,차대차 - 측면충돌,안전거리미확보,건조,기타,단일로 - 기타,승용,남,58세,상해없음,이륜,남,50세,경상
2023080100100354,2023년 8월 1일 16시,화요일,제주특별자치도 제주시 용담일동,경상사고,0,0,1,0,차대차 - 측면충돌,안전운전불이행,건조,맑음,단일로 - 기타,승용,남,58세,상해없음,승용,남,33세,경상
2023080100100386,2023년 8월 1일 17시,화요일,제주특별자치도 제주시 이도이동,중상사고,0,1,0,0,차대차 - 측면충돌,직진우회전진행방해,건조,맑음,교차로 - 교차로안,이륜,남,56세,중상,승용,남,58세,상해없음
2023080100100387,2023년 8월 1일 17시,화요일,제주특별자치도 제주시 삼도이동,경상사고,0,0,2,0,차대차 - 정면충돌,중앙선침범,건조,맑음,단일로 - 기타,이륜,남,67세,경상,승용,여,69세,경상
2023080100100388,2023년 8월 1일 17시,화요일,제주특별자치도 서귀포시 남원읍,경상사고,0,0,1,1,차대차 - 측면충돌,직진우회전진행방해,건조,맑음,교차로 - 교차로안,승용,여,36세,기타불명,승용,여,59세,경상
2023080100100429,2023년 8월 1일 18시,화요일,제주특별자치도 서귀포시 안덕면,경상사고,0,0,2,0,차대차 - 추돌,안전운전불이행,건조,맑음,교차로 - 교차로부근,화물,남,64세,상해없음,화물,남,47세,경상
2023080200100057,2023년 8월 2일 07시,수요일,제주특별자치도 제주시 일도이동,경상사고,0,0,1,0,차대사람 - 횡단중,보행자보호의무위반,건조,맑음,교차로 - 교차로횡단보도내,이륜,남,30세,상해없음,보행자,여,71세,경상
2023080200100058,2023년 8월 2일 07시,수요일,제주특별자치도 서귀포시 남원읍,중상사고,0,1,0,0,차대차 - 기타,안전운전불이행,건조,맑음,단일로 - 기타,화물,남,25세,상해없음,자전거,남,53세,중상
2023080200100166,2023년 8월 2일 11시,수요일,제주특별자치도 서귀포시 남원읍,중상사고,0,1,1,0,차대차 - 기타,중앙선침범,건조,맑음,교차로 - 교차로안,승용,남,23세,경상,승용,남,35세,중상
2023080200100269,2023년 8월 2일 14시,수요일,제주특별자치도 서귀포시 표선면,사망사고,1,0,0,0,차대차 - 기타,안전운전불이행,건조,맑음,단일로 - 기타,화물,남,40세,상해없음,이륜,남,18세,사망
2023080200100302,2023년 8월 2일 15시,수요일,제주특별자치도 서귀포시 남원읍,중상사고,0,1,2,0,차대차 - 정면충돌,중앙선침범,건조,맑음,단일로 - 기타,화물,남,64세,상해없음,승용,남,38세,중상
2023080200100341,2023년 8월 2일 16시,수요일,제주특별자치도 제주시 삼양일동,중상사고,0,1,0,0,차대차 - 기타,교차로운행방법위반,건조,맑음,교차로 - 교차로안,승용,여,42세,상해없음,이륜,남,35세,중상
2023080200100342,2023년 8월 2일 16시,수요일,제주특별자치도 제주시 도련일동,중상사고,0,2,2,0,차대차 - 측면충돌,중앙선침범,건조,맑음,단일로 - 기타,승용,남,55세,중상,화물,남,60세,중상
2023080200100343,2023년 8월 2일 16시,수요일,제주특별자치도 제주시 오라이동,경상사고,0,0,3,0,차대차 - 측면충돌,안전운전불이행,건조,맑음,교차로 - 교차로안,승용,남,43세,상해없음,승용,여,40세,경상
2023080200100394,2023년 8월 2일 17시,수요일,제주특별자치도 서귀포시 상효동,경상사고,0,0,1,0,차대차 - 기타,차로위반,건조,맑음,단일로 - 기타,승용,남,49세,상해없음,승용,남,42세,상해없음
2023080200100439,2023년 8월 2일 18시,수요일,제주특별자치도 제주시 용담일동,경상사고,0,0,1,0,차대차 - 추돌,직진우회전진행방해,건조,맑음,교차로 - 교차로안,승용,여,60세,상해없음,승용,여,70세,경상
2023080200100440,2023년 8월 2일 18시,수요일,제주특별자치도 서귀포시 성산읍,중상사고,0,1,0,0,차대사람 - 길가장자리구역통행중,안전운전불이행,건조,맑음,단일로 - 기타,승용,여,61세,상해없음,보행자,여,83세,중상
2023080200100441,2023년 8월 2일 18시,수요일,제주특별자치도 제주시 애월읍,경상사고,0,0,1,0,차대차 - 측면충돌,안전운전불이행,건조,맑음,단일로 - 기타,이륜,여,23세,경상,승용,남,32세,상해없음
2023080200100469,2023년 8월 2일 19시,수요일,제주특별자치도 제주시 연동,중상사고,0,1,0,0,차대차 - 측면충돌,안전운전불이행,건조,맑음,단일로 - 기타,승용,남,54세,상해없음,자전거,남,47세,중상
2023080200100470,2023년 8월 2일 19시,수요일,제주특별자치도 제주시 연동,경상사고,0,0,1,0,차대차 - 기타,기타,건조,맑음,교차로 - 교차로부근,승용,남,35세,상해없음,이륜,남,50세,경상
2023080200100497,2023년 8월 2일 20시,수요일,제주특별자치도 제주시 한림읍,중상사고,0,2,0,0,차대사람 - 횡단중,보행자보호의무위반,건조,맑음,교차로 - 교차로안,승용,여,48세,상해없음,보행자,여,6세,중상