사고번호,사고일시,요일,시군구,사고내용,사망자수,중상자수,경상자수,부상신고자수,사고유형,법규위반,노면상태,기상상태,도로형태,가해운전자 차종,가해운전자 성별,가해운전자 연령,가해운전자 상해정도,피해운전자 차종,피해운전자 성별,피해운전자 연령,피해운전자 상해정도
2023082100100232,2023년 8월 21일 11시,월요일,제주특별자치도 제주시 도남동,중상사고,0,1,0,0,차대사람 - 기타,안전운전불이행,건조,맑음,교차로 - 교차로안,화물,남,71세,상해없음,보행자,여,69세,중상
2023082100100376,2023년 8월 21일 15시,월요일,제주특별자치도 제주시 한림읍,경상사고,0,0,1,0,차대차 - 기타,안전운전불이행,건조,맑음,단일로 - 기타,승용,남,41세,상해없음,이륜,남,26세,경상
2023082100100414,2023년 8월 21일 16시,월요일,제주특별자치도 제주시 화북이동,경상사고,0,0,2,0,차대차 - 측면충돌,교차로운행방법위반,건조,맑음,교차로 - 교차로안,승용,남,60세,경상,승용,여,56세,경상
2023082100100460,2023년 8월 21일 17시,월요일,제주특별자치도 제주시 일도이동,경상사고,0,0,1,0,차대차 - 정면충돌,안전운전불이행,건조,맑음,단일로 - 기타,승용,남,63세,상해없음,이륜,남,76세,경상
2023082100100543,2023년 8월 21일 19시,월요일,제주특별자치도 제주시 삼도일동,중상사고,0,1,0,0,차대차 - 정면충돌,직진우회전진행방해,건조,맑음,교차로 - 교차로안,승용,여,45세,기타불명,이륜,남,49세,중상
2023082100100544,2023년 8월 21일 19시,월요일,제주특별자치도 제주시 우도면,경상사고,0,0,1,0,차대차 - 기타,교차로운행방법위반,건조,맑음,교차로 - 교차로안,이륜,남,31세,경상,자전거,남,10세,상해없음
2023082100100591,2023년 8월 21일 21시,월요일,제주특별자치도 서귀포시 서홍동,경상사고,0,0,1,0,차대차 - 기타,안전거리미확보,건조,맑음,단일로 - 기타,승용,남,69세,상해없음,이륜,남,29세,경상
2023082200100030,2023년 8월 22일 03시,화요일,제주특별자치도 제주시 연동,경상사고,0,0,1,0,차대사람 - 기타,안전운전불이행,건조,맑음,교차로 - 교차로안,승용,여,22세,기타불명,보행자,남,35세,경상
2023082200100043,2023년 8월 22일 05시,화요일,제주특별자치도 제주시 용담이동,경상사고,0,0,1,0,차대사람 - 기타,안전운전불이행,건조,맑음,단일로 - 기타,승용,남,70세,상해없음,보행자,남,68세,경상
2023082200100072,2023년 8월 22일 07시,화요일,제주특별자치도 제주시 노형동,경상사고,0,0,1,0,차대사람 - 횡단중,안전운전불이행,젖음/습기,비,교차로 - 교차로안,승용,여,50세,상해없음,보행자,남,17세,경상
2023082200100155,2023년 8월 22일 09시,화요일,제주특별자치도 제주시 연동,부상신고사고,0,0,0,1,차대차 - 측면충돌,안전거리미확보,건조,맑음,단일로 - 기타,승용,여,28세,부상신고,승용,남,63세,상해없음
2023082200100180,2023년 8월 22일 10시,화요일,제주특별자치도 서귀포시 색달동,중상사고,0,1,0,0,차대차 - 기타,중앙선침범,건조,맑음,단일로 - 기타,자전거,여,65세,중상,승용,여,51세,상해없음
2023082200100278,2023년 8월 22일 13시,화요일,제주특별자치도 제주시 월평동,경상사고,0,0,1,0,차대차 - 추돌,안전운전불이행,건조,맑음,교차로 - 교차로안,화물,남,46세,상해없음,승용,여,63세,경상
2023082200100348,2023년 8월 22일 15시,화요일,제주특별자치도 제주시 이도일동,중상사고,0,1,0,0,차대차 - 후진중충돌,안전운전불이행,건조,맑음,단일로 - 기타,승용,여,67세,상해없음,승용,남,56세,중상
2023082200100398,2023년 8월 22일 16시,화요일,제주특별자치도 서귀포시 호근동,경상사고,0,0,2,0,차대차 - 측면충돌,안전운전불이행,건조,맑음,교차로 - 교차로안,승용,여,31세,상해없음,승용,여,69세,경상
2023082200100571,2023년 8월 22일 20시,화요일,제주특별자치도 서귀포시 중문동,부상신고사고,0,0,0,1,차대사람 - 횡단중,보행자보호의무위반,젖음/습기,흐림,교차로 - 교차로횡단보도내,기타불명,기타불명,미분류,기타불명,보행자,여,24세,부상신고
2023082300100044,2023년 8월 23일 06시,수요일,제주특별자치도 제주시 도련일동,경상사고,0,0,1,0,차대차 - 정면충돌,신호위반,건조,맑음,교차로 - 교차로안,이륜,남,78세,경상,승용,여,59세,상해없음
2023082300100065,2023년 8월 23일 07시,수요일,제주특별자치도 제주시 노형동,경상사고,0,0,1,0,차대차 - 정면충돌,중앙선침범,젖음/습기,비,교차로 - 교차로안,승용,여,52세,상해없음,승용,남,59세,경상
2023082300100066,2023년 8월 23일 07시,수요일,제주특별자치도 제주시 노형동,경상사고,0,0,1,0,차대차 - 측면충돌,안전운전불이행,젖음/습기,비,단일로 - 기타,승용,남,57세,상해없음,승합,남,28세,경상
2023082300100102,2023년 8월 23일 08시,수요일,제주특별자치도 제주시 구좌읍,부상신고사고,0,0,0,1,차대차 - 측면충돌,직진우회전진행방해,건조,맑음,교차로 - 교차로안,이륜,여,76세,부상신고,승용,남,73세,상해없음
2023082300100103,2023년 8월 23일 08시,수요일,제주특별자치도 서귀포시 상예동,경상사고,0,0,2,0,차대차 - 추돌,안전운전불이행,젖음/습기,비,단일로 - 기타,승용,여,44세,기타불명,승용,남,52세,경상
2023082300100162,2023년 8월 23일 10시,수요일,제주특별자치도 제주시 이도이동,경상사고,0,0,5,0,차대차 - 측면충돌,안전운전불이행,젖음/습기,비,교차로 - 교차로안,화물,남,48세,경상,화물,남,43세,경상
2023082300100255,2023년 8월 23일 13시,수요일,제주특별자치도 제주시 아라일동,중상사고,0,1,1,0,차대차 - 추돌,안전운전불이행,건조,맑음,교차로 - 교차로부근,승용,남,63세,상해없음,승용,남,69세,중상
2023082300100350,2023년 8월 23일 16시,수요일,제주특별자치도 제주시 일도이동,경상사고,0,0,1,0,차대사람 - 횡단중,안전운전불이행,젖음/습기,비,단일로 - 기타,승용,남,47세,상해없음,보행자,여,50세,경상
2023082300100466,2023년 8월 23일 19시,수요일,제주특별자치도 제주시 이호이동,경상사고,0,0,2,0,차대차 - 기타,교차로운행방법위반,젖음/습기,비,교차로 - 교차로안,승용,여,64세,경상,승합,남,60세,경상
2023082300100526,2023년 8월 23일 21시,수요일,제주특별자치도 제주시 일도이동,중상사고,0,1,0,0,차대사람 - 차도통행중,안전운전불이행,젖음/습기,맑음,단일로 - 기타,승용,남,58세,상해없음,보행자,남,53세,중상
2023082300100527,2023년 8월 23일 21시,수요일,제주특별자치도 제주시 애월읍,경상사고,0,0,1,0,차량단독 - 전도전복 - 전도,안전운전불이행,젖음/습기,흐림,단일로 - 기타,승합,남,41세,경상,,,,
2023082300100557,2023년 8월 23일 22시,수요일,제주특별자치도 제주시 연동,경상사고,0,0,1,0,차대차 - 기타,안전운전불이행,젖음/습기,흐림,교차로 - 교차로부근,승합,남,37세,상해없음,승용,남,59세,경상
2023082300100570,2023년 8월 23일 23시,수요일,제주특별자치도 제주시 도련이동,경상사고,0,0,1,0,차대차 - 기타,안전운전불이행,건조,맑음,단일로 - 기타,승용,남,55세,상해없음,원동기,남,57세,경상
2023082400100018,2023년 8월 24일 01시,목요일,제주특별자치도 제주시 노형동,경상사고,0,0,2,0,차대차 - 측면충돌,직진우회전진행방해,건조,기타,교차로 - 교차로안,승용,남,47세,상해없음,승용,남,22세,경상
2023082400100025,2023년 8월 24일 02시,목요일,제주특별자치도 서귀포시 안덕면,중상사고,0,1,0,0,차대차 - 기타,안전운전불이행,젖음/습기,비,기타 - 기타,승용,남,25세,상해없음,승합,기타불명,미분류,기타불명
2023082400100046,2023년 8월 24일 05시,목요일,제주특별자치도 제주시 외도이동,경상사고,0,0,1,0,차대차 - 추돌,안전운전불이행,젖음/습기,비,단일로 - 기타,승용,남,39세,상해없음,승용,남,29세,경상
2023082400100063,2023년 8월 24일 06시,목요일,제주특별자치도 서귀포시 남원읍,중상사고,0,2,0,0,차대차 - 기타,신호위반,젖음/습기,비,교차로 - 교차로안,승용,남,77세,상해없음,이륜,남,51세,중상
2023082400100154,2023년 8월 24일 09시,목요일,제주특별자치도 제주시 회천동,경상사고,0,0,2,0,차량단독 - 공작물충돌,안전운전불이행,젖음/습기,비,단일로 - 기타,화물,남,39세,경상,,,,
2023082400100155,2023년 8월 24일 09시,목요일,제주특별자치도 제주시 연동,경상사고,0,0,1,0,차대사람 - 횡단중,보행자보호의무위반,젖음/습기,흐림,기타 - 기타,승용,남,69세,상해없음,보행자,여,30세,경상
2023082400100236,2023년 8월 24일 12시,목요일,제주특별자치도 서귀포시 표선면,중상사고,0,1,3,0,차대차 - 측면충돌,직진우회전진행방해,건조,맑음,교차로 - 교차로안,승용,여,40세,경상,승용,여,20세,중상
2023082400100302,2023년 8월 24일 14시,목요일,제주특별자치도 서귀포시 강정동,경상사고,0,0,1,0,차대차 - 추돌,안전운전불이행,건조,맑음,교차로 - 교차로부근,승용,여,49세,상해없음,승용,여,53세,경상
2023082400100339,2023년 8월 24일 15시,목요일,제주특별자치도 제주시 애월읍,경상사고,0,0,3,0,차대차 - 측면충돌,안전운전불이행,건조,맑음,단일로 - 기타,승용,남,51세,상해없음,승용,여,29세,경상
2023082400100372,2023년 8월 24일 16시,목요일,제주특별자치도 서귀포시 서귀동,경상사고,0,0,1,0,차대사람 - 보도통행중,안전운전불이행,건조,맑음,기타 - 기타,승용,남,25세,상해없음,보행자,여,13세,경상
2023082400100373,2023년 8월 24일 16시,목요일,제주특별자치도 제주시 연동,경상사고,0,0,1,0,차대차 - 측면충돌,직진우회전진행방해,건조,맑음,교차로 - 교차로안,승용,여,64세,상해없음,승용,여,45세,경상
2023082400100455,2023년 8월 24일 18시,목요일,제주특별자치도 제주시 구좌읍,중상사고,0,1,0,0,차대사람 - 횡단중,기타,건조,맑음,교차로 - 교차로횡단보도내,승용,여,31세,상해없음,보행자,여,70세,중상
2023082400100456,2023년 8월 24일 18시,목요일,제주특별자치도 제주시 오라이동,경상사고,0,0,1,0,차대사람 - 길가장자리구역통행중,안전운전불이행,건조,맑음,단일로 - 기타,승용,여,41세,상해없음,보행자,남,70세,경상
2023082400100495,2023년 8월 24일 19시,목요일,제주특별자치도 제주시 노형동,경상사고,0,0,1,0,차대차 - 추돌,안전거리미확보,건조,맑음,단일로 - 기타,승용,남,29세,상해없음,승용,여,36세,경상
2023082400100562,2023년 8월 24일 21시,목요일,제주특별자치도 서귀포시 동홍동,부상신고사고,0,0,0,1,차대차 - 기타,신호위반,건조,기타,교차로 - 교차로횡단보도내,원동기,여,62세,부상신고,승용,여,63세,상해없음
2023082500100087,2023년 8월 25일 07시,금요일,제주특별자치도 제주시 노형동,중상사고,0,1,0,0,차대차 - 측면충돌,교차로운행방법위반,건조,맑음,교차로 - 교차로안,승용,남,60세,상해없음,자전거,남,58세,중상
2023082500100088,2023년 8월 25일 07시,금요일,제주특별자치도 제주시 해안동,중상사고,0,1,0,1,차대차 - 정면충돌,중앙선침범,건조,맑음,단일로 - 기타,화물,남,50세,부상신고,승용,남,35세,중상
2023082500100211,2023년 8월 25일 10시,금요일,제주특별자치도 서귀포시 성산읍,경상사고,0,0,2,0,차대차 - 측면충돌,안전운전불이행,건조,맑음,단일로 - 기타,승용,여,54세,경상,승용,남,48세,경상
2023082500100212,2023년 8월 25일 10시,금요일,제주특별자치도 서귀포시 대정읍,중상사고,0,1,0,0,차대차 - 측면충돌,기타,건조,맑음,교차로 - 교차로안,이륜,남,76세,중상,승합,남,64세,상해없음
2023082500100316,2023년 8월 25일 13시,금요일,제주특별자치도 제주시 아라일동,경상사고,0,0,2,0,차대차 - 추돌,안전거리미확보,건조,맑음,교차로 - 교차로부근,승용,남,62세,기타불명,승합,남,58세,상해없음
2023082500100367,2023년 8월 25일 14시,금요일,제주특별자치도 제주시 도두이동,경상사고,0,0,1,0,차대차 - 기타,중앙선침범,건조,맑음,단일로 - 기타,승용,남,23세,상해없음,화물,남,45세,경상
2023082500100421,2023년 8월 25일 15시,금요일,제주특별자치도 제주시 한림읍,경상사고,0,0,1,0,차대차 - 측면충돌,안전거리미확보,건조,맑음,교차로 - 교차로안,화물,남,68세,상해없음,승용,여,41세,경상
2023082500100482,2023년 8월 25일 16시,금요일,제주특별자치도 제주시 조천읍,경상사고,0,0,1,0,차대사람 - 보도통행중,기타,건조,기타,기타 - 기타,자전거,남,64세,상해없음,보행자,여,63세,경상
2023082500100539,2023년 8월 25일 17시,금요일,제주특별자치도 제주시 노형동,경상사고,0,0,1,0,차대차 - 후진중충돌,안전운전불이행,건조,맑음,교차로 - 교차로안,승합,남,58세,상해없음,화물,남,38세,경상
2023082500100540,2023년 8월 25일 17시,금요일,제주특별자치도 제주시 노형동,경상사고,0,0,2,0,차대차 - 측면충돌,안전거리미확보,건조,맑음,단일로 - 기타,승용,여,73세,상해없음,승용,여,67세,경상
2023082500100692,2023년 8월 25일 20시,금요일,제주특별자치도 제주시 용담이동,경상사고,0,0,1,0,차대차 - 기타,직진우회전진행방해,건조,맑음,교차로 - 교차로안,승용,남,23세,상해없음,자전거,남,38세,경상
2023082500100693,2023년 8월 25일 20시,금요일,제주특별자치도 제주시 연동,경상사고,0,0,3,0,차대차 - 측면충돌,직진우회전진행방해,건조,맑음,교차로 - 교차로안,승용,여,51세,상해없음,승용,남,34세,경상
2023082600100028,2023년 8월 26일 01시,토요일,제주특별자치도 서귀포시 서귀동,경상사고,0,0,1,0,차량단독 - 기타,안전운전불이행,건조,맑음,단일로 - 기타,이륜,남,17세,경상,,,,
2023082600100084,2023년 8월 26일 07시,토요일,제주특별자치도 서귀포시 색달동,중상사고,0,2,0,0,차대차 - 추돌,안전운전불이행,건조,맑음,단일로 - 기타,승용,남,30세,중상,화물,남,60세,기타불명
2023082600100107,2023년 8월 26일 08시,토요일,제주특별자치도 제주시 아라일동,중상사고,0,1,0,0,차대차 - 측면충돌,안전운전불이행,기타,맑음,교차로 - 교차로횡단보도내,승용,남,74세,상해없음,자전거,남,78세,중상
2023082600100136,2023년 8월 26일 09시,토요일,제주특별자치도 서귀포시 안덕면,경상사고,0,0,1,0,차대차 - 기타,안전운전불이행,건조,맑음,단일로 - 기타,승용,남,21세,상해없음,화물,남,52세,경상
2023082600100223,2023년 8월 26일 11시,토요일,제주특별자치도 서귀포시 남원읍,사망사고,1,0,2,0,차대차 - 기타,안전운전불이행,건조,맑음,교차로 - 교차로부근,승용,남,68세,사망,승용,남,37세,경상
2023082600100309,2023년 8월 26일 13시,토요일,제주특별자치도 제주시 애월읍,부상신고사고,0,0,0,1,차대차 - 기타,안전운전불이행,건조,맑음,단일로 - 기타,승용,여,28세,상해없음,농기계,남,68세,부상신고
2023082600100380,2023년 8월 26일 15시,토요일,제주특별자치도 제주시 도남동,경상사고,0,0,1,0,차대사람 - 횡단중,보행자보호의무위반,건조,맑음,교차로 - 교차로횡단보도내,승용,남,47세,상해없음,보행자,여,28세,경상
2023082600100381,2023년 8월 26일 15시,토요일,제주특별자치도 제주시 노형동,경상사고,0,0,1,0,차대차 - 후진중충돌,안전운전불이행,건조,맑음,단일로 - 기타,화물,남,44세,상해없음,이륜,남,27세,경상
2023082600100431,2023년 8월 26일 16시,토요일,제주특별자치도 제주시 노형동,중상사고,0,1,0,0,차대차 - 기타,중앙선침범,건조,맑음,단일로 - 기타,승합,남,61세,상해없음,승용,여,42세,중상
2023082600100553,2023년 8월 26일 20시,토요일,제주특별자치도 제주시 오라이동,경상사고,0,0,1,0,차대차 - 추돌,안전운전불이행,건조,맑음,교차로 - 교차로부근,승용,남,58세,상해없음,승용,여,26세,경상
2023082600100554,2023년 8월 26일 20시,토요일,제주특별자치도 제주시 일도이동,경상사고,0,0,1,0,차대차 - 후진중충돌,안전운전불이행,건조,맑음,교차로 - 교차로부근,승용,남,22세,상해없음,이륜,남,39세,경상
2023082600100607,2023년 8월 26일 23시,토요일,제주특별자치도 제주시 외도이동,중상사고,0,1,0,0,차대차 - 측면충돌,안전운전불이행,건조,맑음,단일로 - 기타,승용,남,66세,상해없음,개인형이동수단(PM),남,32세,중상
2023082700100036,2023년 8월 27일 02시,일요일,제주특별자치도 제주시 이도이동,경상사고,0,0,1,0,차대사람 - 기타,안전운전불이행,건조,흐림,기타 - 기타,승용,남,30세,상해없음,보행자,남,21세,경상
2023082700100074,2023년 8월 27일 07시,일요일,제주특별자치도 제주시 용담이동,경상사고,0,0,1,0,차대차 - 기타,안전운전불이행,건조,맑음,단일로 - 기타,승용,남,54세,상해없음,승용,남,61세,상해없음
2023082700100083,2023년 8월 27일 08시,일요일,제주특별자치도 제주시 이도이동,경상사고,0,0,2,0,차대차 - 추돌,안전운전불이행,건조,맑음,단일로 - 기타,화물,남,44세,상해없음,승용,여,25세,경상
2023082700100125,2023년 8월 27일 10시,일요일,제주특별자치도 제주시 화북일동,경상사고,0,0,2,0,차대차 - 측면충돌,안전운전불이행,건조,맑음,교차로 - 교차로안,승용,남,60세,상해없음,승용,여,42세,경상
2023082700100303,2023년 8월 27일 16시,일요일,제주특별자치도 제주시 도두이동,경상사고,0,0,2,0,차대차 - 측면충돌,안전운전불이행,건조,맑음,단일로 - 기타,승합,남,60세,상해없음,승합,여,40세,경상
2023082700100304,2023년 8월 27일 16시,일요일,제주특별자치도 제주시 노형동,중상사고,0,1,0,0,차대차 - 기타,안전운전불이행,건조,맑음,단일로 - 기타,원동기,남,38세,중상,승용,여,34세,상해없음
2023082700100359,2023년 8월 27일 18시,일요일,제주특별자치도 제주시 용담이동,경상사고,0,0,3,0,차대차 - 기타,기타,건조,맑음,교차로 - 교차로안,승용,남,41세,경상,승용,여,58세,경상
2023082700100388,2023년 8월 27일 19시,일요일,제주특별자치도 제주시 노형동,경상사고,0,0,1,0,차대사람 - 보도통행중,안전운전불이행,건조,맑음,기타 - 기타,승용,여,53세,기타불명,보행자,여,25세,경상
2023082800100035,2023년 8월 28일 05시,월요일,제주특별자치도 서귀포시 남원읍,부상신고사고,0,0,0,1,차대차 - 기타,직진우회전진행방해,건조,맑음,교차로 - 교차로안,이륜,여,79세,부상신고,승용,남,63세,상해없음
2023082800100124,2023년 8월 28일 08시,월요일,제주특별자치도 제주시 이도이동,경상사고,0,0,1,0,차대사람 - 길가장자리구역통행중,안전운전불이행,건조,맑음,단일로 - 기타,승용,남,61세,상해없음,보행자,남,79세,경상
2023082800100125,2023년 8월 28일 08시,월요일,제주특별자치도 제주시 외도일동,경상사고,0,0,1,0,차량단독 - 공작물충돌,안전운전불이행,건조,맑음,교차로 - 교차로안,승용,남,64세,상해없음,,,,
2023082800100169,2023년 8월 28일 09시,월요일,제주특별자치도 제주시 애월읍,경상사고,0,0,2,0,차대차 - 기타,안전운전불이행,건조,맑음,교차로 - 교차로부근,승용,여,23세,상해없음,승용,여,41세,경상
2023082800100241,2023년 8월 28일 11시,월요일,제주특별자치도 제주시 애월읍,경상사고,0,0,1,0,차대차 - 정면충돌,직진우회전진행방해,건조,맑음,교차로 - 교차로안,승용,남,47세,상해없음,화물,남,82세,경상
2023082800100271,2023년 8월 28일 12시,월요일,제주특별자치도 제주시 화북일동,경상사고,0,0,3,0,차대차 - 기타,안전운전불이행,건조,맑음,교차로 - 교차로안,특수,남,64세,상해없음,승용,남,68세,경상
2023082800100410,2023년 8월 28일 16시,월요일,제주특별자치도 서귀포시 서귀동,경상사고,0,0,1,1,차대차 - 기타,중앙선침범,건조,맑음,교차로 - 교차로부근,승용,남,82세,부상신고,승용,여,63세,경상
2023082800100452,2023년 8월 28일 17시,월요일,제주특별자치도 제주시 노형동,경상사고,0,0,1,0,차대차 - 기타,안전운전불이행,건조,맑음,단일로 - 기타,승용,여,42세,상해없음,자전거,남,18세,경상
2023082800100526,2023년 8월 28일 19시,월요일,제주특별자치도 제주시 용담일동,부상신고사고,0,0,0,1,차대차 - 기타,안전운전불이행,건조,맑음,단일로 - 기타,이륜,남,45세,부상신고,승용,여,39세,상해없음
2023082800100551,2023년 8월 28일 20시,월요일,제주특별자치도 제주시 삼도일동,경상사고,0,0,1,0,차대차 - 추돌,안전운전불이행,건조,맑음,단일로 - 기타,승용,남,69세,상해없음,승용,남,53세,경상
2023082900100032,2023년 8월 29일 05시,화요일,제주특별자치도 서귀포시 표선면,경상사고,0,0,1,0,차량단독 - 공작물충돌,안전운전불이행,건조,맑음,단일로 - 기타,승용,여,67세,경상,,,,
2023082900100068,2023년 8월 29일 07시,화요일,제주특별자치도 제주시 용담삼동,경상사고,0,0,1,0,차대차 - 기타,안전운전불이행,건조,맑음,교차로 - 교차로안,승용,남,62세,상해없음,승용,남,22세,경상
2023082900100137,2023년 8월 29일 09시,화요일,제주특별자치도 서귀포시 대정읍,경상사고,0,0,1,0,차대차 - 측면충돌,안전운전불이행,건조,맑음,교차로 - 교차로안,승용,여,65세,상해없음,승용,여,27세,경상
2023082900100242,2023년 8월 29일 12시,화요일,제주특별자치도 제주시 한림읍,경상사고,0,0,1,0,차대차 - 추돌,직진우회전진행방해,건조,맑음,교차로 - 교차로안,승용,남,79세,상해없음,승용,여,76세,경상
2023082900100276,2023년 8월 29일 13시,화요일,제주특별자치도 제주시 아라일동,경상사고,0,0,1,0,차대차 - 정면충돌,신호위반,건조,맑음,교차로 - 교차로부근,화물,남,40세,상해없음,승용,여,23세,경상
2023082900100277,2023년 8월 29일 13시,화요일,제주특별자치도 제주시 한림읍,경상사고,0,0,1,0,차대사람 - 기타,안전운전불이행,건조,맑음,단일로 - 기타,승용,남,29세,상해없음,보행자,여,23세,경상
2023082900100314,2023년 8월 29일 14시,화요일,제주특별자치도 제주시 애월읍,경상사고,0,0,1,0,차대차 - 측면충돌,직진우회전진행방해,건조,맑음,교차로 - 교차로안,승용,여,36세,상해없음,승용,여,48세,상해없음
2023082900100315,2023년 8월 29일 14시,화요일,제주특별자치도 제주시 노형동,중상사고,0,1,0,0,차대차 - 기타,안전거리미확보,건조,맑음,단일로 - 기타,승용,여,38세,상해없음,승합,남,35세,상해없음
2023082900100341,2023년 8월 29일 15시,화요일,제주특별자치도 제주시 애월읍,경상사고,0,0,3,0,차대차 - 기타,중앙선침범,건조,맑음,단일로 - 기타,승용,남,25세,상해없음,승용,여,41세,경상
2023082900100342,2023년 8월 29일 15시,화요일,제주특별자치도 제주시 연동,경상사고,0,0,1,0,차대차 - 측면충돌,안전운전불이행,젖음/습기,흐림,단일로 - 기타,승용,남,74세,상해없음,승용,여,52세,경상
2023082900100472,2023년 8월 29일 18시,화요일,제주특별자치도 제주시 한경면,중상사고,0,1,0,0,차대차 - 정면충돌,중앙선침범,건조,맑음,단일로 - 기타,승용,여,26세,상해없음,자전거,남,58세,중상
2023082900100549,2023년 8월 29일 20시,화요일,제주특별자치도 제주시 삼도이동,경상사고,0,0,1,0,차대사람 - 횡단중,안전운전불이행,건조,맑음,단일로 - 기타,승용,여,48세,상해없음,보행자,남,71세,경상
2023082900100550,2023년 8월 29일 20시,화요일,제주특별자치도 서귀포시 서귀동,경상사고,0,0,1,0,차대사람 - 차도통행중,안전운전불이행,건조,맑음,교차로 - 교차로안,승용,여,48세,상해없음,보행자,여,19세,경상
2023082900100564,2023년 8월 29일 21시,화요일,제주특별자치도 제주시 도남동,부상신고사고,0,0,0,1,차대차 - 기타,안전운전불이행,젖음/습기,흐림,교차로 - 교차로부근,이륜,남,51세,부상신고,승용,여,51세,상해없음
2023083000100040,2023년 8월 30일 03시,수요일,제주특별자치도 서귀포시 색달동,경상사고,0,0,1,0,차대차 - 추돌,안전운전불이행,젖음/습기,비,교차로 - 교차로부근,승용,남,24세,상해없음,승용,남,58세,경상
2023083000100065,2023년 8월 30일 06시,수요일,제주특별자치도 제주시 애월읍,중상사고,0,1,0,0,차대차 - 측면충돌,안전운전불이행,젖음/습기,비,교차로 - 교차로안,승용,여,58세,상해없음,승합,남,57세,중상
2023083000100117,2023년 8월 30일 08시,수요일,제주특별자치도 서귀포시 서홍동,경상사고,0,0,1,0,차대사람 - 차도통행중,안전운전불이행,젖음/습기,비,단일로 - 기타,승용,여,50세,상해없음,보행자,여,28세,경상
2023083000100151,2023년 8월 30일 09시,수요일,제주특별자치도 제주시 노형동,중상사고,0,1,1,0,차대차 - 측면충돌,기타,건조,맑음,교차로 - 교차로안,승용,여,35세,경상,승용,남,24세,중상
2023083000100183,2023년 8월 30일 10시,수요일,제주특별자치도 서귀포시 남원읍,경상사고,0,0,1,0,차량단독 - 기타,기타,건조,맑음,교차로 - 교차로부근,승합,남,55세,상해없음,,,,
2023083000100212,2023년 8월 30일 11시,수요일,제주특별자치도 제주시 이도이동,경상사고,0,0,1,0,차대차 - 기타,안전운전불이행,젖음/습기,비,교차로 - 교차로안,승용,남,63세,상해없음,승용,여,63세,경상
2023083000100213,2023년 8월 30일 11시,수요일,제주특별자치도 서귀포시 토평동,중상사고,0,1,0,0,차대차 - 측면충돌,직진우회전진행방해,건조,맑음,교차로 - 교차로안,건설기계,남,58세,상해없음,화물,남,53세,중상
2023083000100240,2023년 8월 30일 12시,수요일,제주특별자치도 제주시 용담이동,중상사고,0,1,0,0,차량단독 - 전도전복 - 전도,안전운전불이행,젖음/습기,비,단일로 - 기타,이륜,남,51세,중상,,,,
2023083000100280,2023년 8월 30일 13시,수요일,제주특별자치도 제주시 이도이동,경상사고,0,0,1,0,차대차 - 측면충돌,교차로운행방법위반,건조,맑음,교차로 - 교차로안,이륜,남,62세,경상,승용,남,66세,상해없음
2023083000100281,2023년 8월 30일 13시,수요일,제주특별자치도 제주시 이도이동,경상사고,0,0,1,0,차대차 - 기타,안전운전불이행,건조,맑음,단일로 - 기타,승용,여,53세,상해없음,승용,남,31세,경상
2023083000100343,2023년 8월 30일 15시,수요일,제주특별자치도 서귀포시 대정읍,경상사고,0,0,1,0,차대차 - 기타,안전운전불이행,건조,맑음,단일로 - 기타,승용,여,28세,상해없음,승용,여,38세,경상
2023083000100344,2023년 8월 30일 15시,수요일,제주특별자치도 서귀포시 법환동,경상사고,0,0,2,0,차대차 - 측면충돌,안전운전불이행,젖음/습기,비,교차로 - 교차로안,화물,여,61세,경상,승용,남,34세,경상
2023083000100377,2023년 8월 30일 16시,수요일,제주특별자치도 제주시 일도일동,경상사고,0,0,1,0,차대사람 - 기타,안전운전불이행,건조,맑음,단일로 - 기타,승용,남,32세,상해없음,보행자,여,22세,경상
2023083000100378,2023년 8월 30일 16시,수요일,제주특별자치도 제주시 영평동,경상사고,0,0,1,0,차대차 - 기타,안전운전불이행,젖음/습기,비,교차로 - 교차로안,승용,여,51세,상해없음,승용,남,35세,경상
2023083000100413,2023년 8월 30일 17시,수요일,제주특별자치도 제주시 조천읍,중상사고,0,1,1,0,차대차 - 측면충돌,중앙선침범,젖음/습기,비,단일로 - 기타,승용,여,54세,중상,승용,남,70세,경상
2023083000100414,2023년 8월 30일 17시,수요일,제주특별자치도 제주시 연동,경상사고,0,0,2,0,차대차 - 측면충돌,안전운전불이행,젖음/습기,비,교차로 - 교차로안,승용,여,31세,경상,이륜,남,59세,경상
2023083000100458,2023년 8월 30일 18시,수요일,제주특별자치도 제주시 영평동,경상사고,0,0,3,0,차대차 - 측면충돌,직진우회전진행방해,젖음/습기,비,교차로 - 교차로안,승용,남,45세,경상,승용,여,39세,경상
2023083000100500,2023년 8월 30일 19시,수요일,제주특별자치도 제주시 노형동,경상사고,0,0,1,0,차대사람 - 횡단중,보행자보호의무위반,젖음/습기,비,단일로 - 기타,승용,여,31세,상해없음,보행자,여,54세,경상
2023083000100591,2023년 8월 30일 23시,수요일,제주특별자치도 제주시 노형동,경상사고,0,0,2,1,차대차 - 측면충돌,교차로운행방법위반,건조,맑음,교차로 - 교차로안,승용,남,82세,부상신고,승용,남,24세,경상