사고번호,사고일시,요일,시군구,사고내용,사망자수,중상자수,경상자수,부상신고자수,사고유형,법규위반,노면상태,기상상태,도로형태,가해운전자 차종,가해운전자 성별,가해운전자 연령,가해운전자 상해정도,피해운전자 차종,피해운전자 성별,피해운전자 연령,피해운전자 상해정도
2023090900100539,2023년 9월 9일 18시,토요일,제주특별자치도 서귀포시 표선면,중상사고,0,1,1,0,차대차 - 측면충돌,안전운전불이행,건조,맑음,주차장 - 주차장,승용,여,42세,경상,화물,여,82세,중상
2023090900100613,2023년 9월 9일 20시,토요일,제주특별자치도 제주시 도련이동,중상사고,0,1,0,0,차대사람 - 횡단중,보행자보호의무위반,건조,맑음,단일로 - 기타,화물,남,51세,상해없음,보행자,남,71세,중상
2023090900100614,2023년 9월 9일 20시,토요일,제주특별자치도 서귀포시 서귀동,경상사고,0,0,1,0,차대차 - 측면충돌,직진우회전진행방해,건조,맑음,교차로 - 교차로안,화물,남,42세,상해없음,자전거,남,54세,경상
2023090900100636,2023년 9월 9일 21시,토요일,제주특별자치도 제주시 이도이동,경상사고,0,0,2,0,차대차 - 추돌,안전운전불이행,건조,맑음,단일로 - 기타,승용,남,51세,상해없음,승용,남,25세,경상
2023090900100652,2023년 9월 9일 22시,토요일,제주특별자치도 제주시 이도이동,경상사고,0,0,1,0,차대차 - 기타,안전운전불이행,건조,맑음,교차로 - 교차로안,이륜,남,29세,경상,화물,남,51세,상해없음
2023090900100653,2023년 9월 9일 22시,토요일,제주특별자치도 서귀포시 성산읍,경상사고,0,0,2,0,차대차 - 추돌,안전운전불이행,건조,맑음,교차로 - 교차로부근,원동기,남,62세,경상,승용,여,49세,경상
2023091000100035,2023년 9월 10일 02시,일요일,제주특별자치도 제주시 연동,중상사고,0,1,0,0,차대사람 - 차도통행중,안전운전불이행,건조,맑음,단일로 - 기타,승용,남,21세,상해없음,보행자,남,54세,중상
2023091000100046,2023년 9월 10일 03시,일요일,제주특별자치도 서귀포시 서호동,경상사고,0,0,1,0,차대차 - 기타,신호위반,건조,맑음,교차로 - 교차로안,승용,남,58세,상해없음,승용,여,60세,경상
2023091000100087,2023년 9월 10일 08시,일요일,제주특별자치도 서귀포시 대정읍,중상사고,0,1,0,0,차대사람 - 기타,안전운전불이행,건조,맑음,단일로 - 기타,화물,남,53세,상해없음,보행자,남,74세,중상
2023091000100160,2023년 9월 10일 11시,일요일,제주특별자치도 서귀포시 표선면,경상사고,0,0,4,0,차대차 - 측면충돌,신호위반,건조,맑음,교차로 - 교차로안,승용,남,25세,상해없음,화물,남,57세,경상
2023091000100251,2023년 9월 10일 14시,일요일,제주특별자치도 제주시 오라이동,중상사고,0,1,2,0,차대차 - 측면충돌,안전운전불이행,건조,맑음,교차로 - 교차로부근,승용,남,76세,경상,승용,여,44세,중상
2023091000100252,2023년 9월 10일 14시,일요일,제주특별자치도 제주시 노형동,경상사고,0,0,1,0,차대차 - 추돌,안전거리미확보,건조,맑음,교차로 - 교차로안,승용,여,78세,상해없음,승용,여,46세,경상
2023091000100352,2023년 9월 10일 17시,일요일,제주특별자치도 서귀포시 대정읍,부상신고사고,0,0,0,1,차대차 - 기타,안전운전불이행,건조,맑음,교차로 - 교차로횡단보도내,개인형이동수단(PM),남,14세,부상신고,승용,남,55세,상해없음
2023091000100406,2023년 9월 10일 19시,일요일,제주특별자치도 제주시 아라일동,경상사고,0,0,1,0,차대차 - 기타,안전운전불이행,건조,맑음,교차로 - 교차로안,승용,남,68세,상해없음,승용,여,32세,경상
2023091000100431,2023년 9월 10일 20시,일요일,제주특별자치도 제주시 영평동,경상사고,0,0,1,0,차대사람 - 횡단중,보행자보호의무위반,건조,맑음,교차로 - 교차로횡단보도내,승용,남,54세,상해없음,보행자,여,54세,경상
2023091000100432,2023년 9월 10일 20시,일요일,제주특별자치도 서귀포시 남원읍,경상사고,0,0,1,0,차량단독 - 공작물충돌,안전운전불이행,건조,맑음,교차로 - 교차로안,승용,남,40세,경상,,,,
2023091000100433,2023년 9월 10일 20시,일요일,제주특별자치도 제주시 연동,경상사고,0,0,1,0,차대차 - 기타,안전거리미확보,건조,기타,단일로 - 기타,승용,여,44세,상해없음,승합,남,43세,상해없음
2023091000100477,2023년 9월 10일 23시,일요일,제주특별자치도 제주시 용담이동,경상사고,0,0,2,0,차대차 - 측면충돌,안전거리미확보,건조,맑음,단일로 - 기타,승용,남,65세,상해없음,승용,여,34세,경상
2023091100100003,2023년 9월 11일 00시,월요일,제주특별자치도 제주시 건입동,경상사고,0,0,1,0,차대차 - 측면충돌,안전거리미확보,건조,맑음,단일로 - 기타,승용,남,69세,상해없음,승용,여,49세,경상
2023091100100019,2023년 9월 11일 03시,월요일,제주특별자치도 제주시 아라이동,사망사고,1,0,0,1,차대차 - 추돌,기타,건조,맑음,단일로 - 기타,승용,남,43세,부상신고,이륜,남,33세,사망
2023091100100088,2023년 9월 11일 07시,월요일,제주특별자치도 제주시 도련일동,경상사고,0,0,4,0,차대차 - 기타,안전운전불이행,건조,맑음,단일로 - 기타,화물,남,53세,상해없음,승용,남,49세,경상
2023091100100132,2023년 9월 11일 08시,월요일,제주특별자치도 제주시 외도일동,경상사고,0,0,1,0,차대차 - 측면충돌,직진우회전진행방해,건조,맑음,교차로 - 교차로안,승합,남,52세,상해없음,승용,여,43세,경상
2023091100100133,2023년 9월 11일 08시,월요일,제주특별자치도 제주시 연동,경상사고,0,0,1,0,차대사람 - 기타,안전운전불이행,건조,맑음,교차로 - 교차로안,기타불명,기타불명,미분류,기타불명,보행자,남,53세,경상
2023091100100182,2023년 9월 11일 09시,월요일,제주특별자치도 서귀포시 서귀동,경상사고,0,0,2,0,차대차 - 측면충돌,직진우회전진행방해,건조,맑음,교차로 - 교차로안,승용,여,42세,경상,승용,남,59세,경상
2023091100100183,2023년 9월 11일 09시,월요일,제주특별자치도 서귀포시 성산읍,경상사고,0,0,1,0,차대차 - 정면충돌,신호위반,건조,맑음,교차로 - 교차로안,승용,남,34세,상해없음,화물,남,56세,경상
2023091100100220,2023년 9월 11일 10시,월요일,제주특별자치도 제주시 화북이동,경상사고,0,0,1,0,차대차 - 측면충돌,안전거리미확보,건조,맑음,단일로 - 기타,승용,남,19세,기타불명,승용,남,40세,경상
2023091100100221,2023년 9월 11일 10시,월요일,제주특별자치도 제주시 연동,경상사고,0,0,1,0,차대사람 - 차도통행중,안전운전불이행,건조,맑음,단일로 - 기타,승용,남,72세,상해없음,보행자,여,85세,경상
2023091100100267,2023년 9월 11일 11시,월요일,제주특별자치도 제주시 노형동,중상사고,0,1,0,0,차대사람 - 기타,보행자보호의무위반,건조,맑음,교차로 - 교차로안,승용,여,42세,상해없음,보행자,남,24세,중상
2023091100100307,2023년 9월 11일 12시,월요일,제주특별자치도 제주시 오라이동,경상사고,0,0,1,0,차대차 - 측면충돌,신호위반,건조,맑음,교차로 - 교차로안,승용,남,46세,상해없음,승용,여,61세,경상
2023091100100341,2023년 9월 11일 13시,월요일,제주특별자치도 서귀포시 남원읍,경상사고,0,0,1,0,차대차 - 추돌,안전운전불이행,건조,맑음,단일로 - 기타,이륜,남,68세,경상,승용,남,35세,상해없음
2023091100100438,2023년 9월 11일 16시,월요일,제주특별자치도 제주시 구좌읍,경상사고,0,0,1,0,차대차 - 후진중충돌,안전운전불이행,건조,맑음,단일로 - 기타,승용,여,57세,상해없음,승용,여,39세,경상
2023091100100523,2023년 9월 11일 18시,월요일,제주특별자치도 제주시 건입동,경상사고,0,0,1,0,차대차 - 기타,중앙선침범,건조,맑음,단일로 - 기타,승용,여,70세,상해없음,승용,남,31세,경상
2023091100100524,2023년 9월 11일 18시,월요일,제주특별자치도 제주시 일도일동,경상사고,0,0,2,0,차대차 - 기타,안전운전불이행,건조,맑음,교차로 - 교차로안,승용,여,58세,상해없음,승용,남,41세,경상
2023091100100525,2023년 9월 11일 18시,월요일,제주특별자치도 제주시 연동,부상신고사고,0,0,0,1,차대차 - 기타,교차로운행방법위반,건조,맑음,교차로 - 교차로안,승용,남,42세,상해없음,이륜,남,59세,부상신고
2023091100100526,2023년 9월 11일 18시,월요일,제주특별자치도 제주시 노형동,경상사고,0,0,1,0,차대차 - 기타,안전거리미확보,건조,기타,단일로 - 기타,승용,여,58세,상해없음,승용,남,42세,경상
2023091100100610,2023년 9월 11일 22시,월요일,제주특별자치도 제주시 노형동,부상신고사고,0,0,0,1,차대차 - 측면충돌,교차로운행방법위반,건조,맑음,단일로 - 기타,승용,남,57세,상해없음,이륜,남,21세,부상신고
2023091200100015,2023년 9월 12일 02시,화요일,제주특별자치도 서귀포시 대정읍,부상신고사고,0,0,0,1,차대차 - 정면충돌,안전운전불이행,건조,맑음,단일로 - 기타,승용,남,30세,부상신고,승용,기타불명,미분류,기타불명
2023091200100039,2023년 9월 12일 05시,화요일,제주특별자치도 제주시 오라이동,중상사고,0,1,0,0,차대차 - 기타,기타,건조,흐림,기타 - 기타,화물,남,54세,상해없음,승용,여,24세,중상
2023091200100120,2023년 9월 12일 08시,화요일,제주특별자치도 제주시 구좌읍,경상사고,0,0,1,0,차대차 - 기타,안전운전불이행,건조,맑음,단일로 - 기타,농기계,남,63세,상해없음,승용,남,70세,상해없음
2023091200100121,2023년 9월 12일 08시,화요일,제주특별자치도 서귀포시 안덕면,경상사고,0,0,3,0,차대차 - 정면충돌,기타,건조,맑음,교차로 - 교차로안,승용,남,39세,경상,화물,여,63세,경상
2023091200100122,2023년 9월 12일 08시,화요일,제주특별자치도 제주시 애월읍,경상사고,0,0,2,0,차대차 - 정면충돌,중앙선침범,건조,맑음,단일로 - 기타,이륜,남,40세,경상,승용,여,40세,경상
2023091200100241,2023년 9월 12일 11시,화요일,제주특별자치도 제주시 아라일동,경상사고,0,0,1,0,차대사람 - 보도통행중,안전운전불이행,건조,맑음,단일로 - 기타,승합,남,38세,상해없음,보행자,남,70세,경상
2023091200100242,2023년 9월 12일 11시,화요일,제주특별자치도 제주시 애월읍,경상사고,0,0,1,0,차량단독 - 기타,안전운전불이행,건조,맑음,단일로 - 기타,승용,여,68세,상해없음,,,,
2023091200100274,2023년 9월 12일 12시,화요일,제주특별자치도 제주시 해안동,경상사고,0,0,1,0,차대차 - 추돌,안전거리미확보,건조,맑음,교차로 - 교차로부근,화물,남,45세,기타불명,승용,여,54세,경상
2023091200100310,2023년 9월 12일 13시,화요일,제주특별자치도 제주시 이도이동,경상사고,0,0,1,0,차대차 - 측면충돌,직진우회전진행방해,젖음/습기,비,교차로 - 교차로안,승용,여,38세,상해없음,승용,남,76세,경상
2023091200100311,2023년 9월 12일 13시,화요일,제주특별자치도 제주시 이도이동,경상사고,0,0,1,0,차대사람 - 보도통행중,보행자보호의무위반,건조,흐림,교차로 - 교차로부근,승용,남,32세,상해없음,보행자,남,29세,경상
2023091200100342,2023년 9월 12일 14시,화요일,제주특별자치도 서귀포시 중문동,경상사고,0,0,3,0,차대차 - 측면충돌,안전운전불이행,건조,맑음,교차로 - 교차로부근,승용,남,32세,경상,승용,여,50세,경상
2023091200100343,2023년 9월 12일 14시,화요일,제주특별자치도 서귀포시 대정읍,경상사고,0,0,1,0,차대차 - 기타,안전운전불이행,건조,맑음,단일로 - 기타,승합,남,54세,상해없음,기타불명,여,66세,경상
2023091200100344,2023년 9월 12일 14시,화요일,제주특별자치도 제주시 노형동,부상신고사고,0,0,0,1,차대차 - 기타,안전운전불이행,건조,맑음,교차로 - 교차로부근,승용,남,23세,상해없음,이륜,남,33세,부상신고
2023091200100558,2023년 9월 12일 19시,화요일,제주특별자치도 서귀포시 대정읍,경상사고,0,0,1,0,차대차 - 기타,안전운전불이행,건조,맑음,단일로 - 기타,승용,남,32세,경상,농기계,남,58세,기타불명
2023091200100615,2023년 9월 12일 21시,화요일,제주특별자치도 제주시 노형동,부상신고사고,0,0,0,1,차대차 - 측면충돌,안전운전불이행,건조,맑음,교차로 - 교차로안,개인형이동수단(PM),남,18세,부상신고,승용,남,28세,상해없음
2023091300100172,2023년 9월 13일 09시,수요일,제주특별자치도 서귀포시 강정동,사망사고,1,0,0,0,차량단독 - 기타,안전운전불이행,건조,맑음,단일로 - 기타,이륜,남,33세,사망,,,,
2023091300100202,2023년 9월 13일 10시,수요일,제주특별자치도 제주시 연동,경상사고,0,0,1,0,차대사람 - 횡단중,보행자보호의무위반,건조,맑음,교차로 - 교차로횡단보도내,승용,남,55세,상해없음,보행자,남,46세,경상
2023091300100227,2023년 9월 13일 11시,수요일,제주특별자치도 제주시 노형동,경상사고,0,0,1,0,차대사람 - 기타,안전운전불이행,건조,맑음,기타 - 기타,승용,남,54세,상해없음,보행자,여,78세,경상
2023091300100371,2023년 9월 13일 15시,수요일,제주특별자치도 제주시 화북일동,중상사고,0,1,0,0,차대차 - 측면충돌,안전운전불이행,건조,맑음,교차로 - 교차로안,승용,남,27세,상해없음,이륜,남,26세,중상
2023091300100413,2023년 9월 13일 16시,수요일,제주특별자치도 제주시 이도이동,경상사고,0,0,1,0,차대차 - 측면충돌,안전운전불이행,건조,맑음,단일로 - 기타,승용,남,26세,상해없음,승용,남,45세,상해없음
2023091300100457,2023년 9월 13일 17시,수요일,제주특별자치도 제주시 이도이동,중상사고,0,1,0,0,차대사람 - 기타,보행자보호의무위반,건조,맑음,단일로 - 기타,승용,여,64세,기타불명,보행자,남,9세,중상
2023091300100458,2023년 9월 13일 17시,수요일,제주특별자치도 제주시 연동,경상사고,0,0,1,0,차대사람 - 기타,안전운전불이행,건조,맑음,단일로 - 기타,승용,남,69세,상해없음,보행자,남,53세,경상
2023091300100515,2023년 9월 13일 18시,수요일,제주특별자치도 제주시 구좌읍,경상사고,0,0,2,0,차대차 - 측면충돌,안전운전불이행,기타,기타,교차로 - 교차로안,승용,남,58세,상해없음,승용,남,53세,경상
2023091300100632,2023년 9월 13일 20시,수요일,제주특별자치도 제주시 연동,중상사고,0,1,0,0,차대차 - 측면충돌,안전운전불이행,건조,맑음,단일로 - 기타,원동기,여,23세,중상,승용,남,34세,상해없음
2023091300100709,2023년 9월 13일 23시,수요일,제주특별자치도 제주시 연동,경상사고,0,0,1,0,차대사람 - 차도통행중,안전운전불이행,젖음/습기,비,교차로 - 교차로부근,승합,남,49세,상해없음,보행자,여,24세,경상
2023091400100027,2023년 9월 14일 01시,목요일,제주특별자치도 제주시 일도이동,경상사고,0,0,1,0,차대차 - 측면충돌,신호위반,건조,맑음,교차로 - 교차로부근,승용,남,71세,상해없음,승용,남,66세,경상
2023091400100175,2023년 9월 14일 09시,목요일,제주특별자치도 제주시 애월읍,사망사고,1,0,0,0,차대차 - 측면충돌,안전운전불이행,건조,맑음,단일로 - 기타,승용,여,39세,상해없음,원동기,남,77세,사망
2023091400100266,2023년 9월 14일 12시,목요일,제주특별자치도 서귀포시 안덕면,경상사고,0,0,1,1,차대차 - 측면충돌,신호위반,젖음/습기,비,교차로 - 교차로안,승용,여,42세,부상신고,승용,남,65세,경상
2023091400100267,2023년 9월 14일 12시,목요일,제주특별자치도 서귀포시 남원읍,부상신고사고,0,0,0,1,차대사람 - 길가장자리구역통행중,안전운전불이행,건조,맑음,교차로 - 교차로부근,화물,남,53세,상해없음,보행자,남,75세,부상신고
2023091400100357,2023년 9월 14일 15시,목요일,제주특별자치도 서귀포시 대정읍,중상사고,0,1,1,0,차대차 - 정면충돌,중앙선침범,젖음/습기,흐림,단일로 - 지하차도(도로)내,화물,남,55세,경상,승용,여,46세,중상
2023091400100431,2023년 9월 14일 17시,목요일,제주특별자치도 제주시 노형동,경상사고,0,0,1,0,차대사람 - 횡단중,보행자보호의무위반,건조,맑음,교차로 - 교차로횡단보도내,승용,여,46세,상해없음,보행자,여,9세,경상
2023091400100549,2023년 9월 14일 20시,목요일,제주특별자치도 제주시 도두이동,경상사고,0,0,1,0,차대차 - 측면충돌,안전운전불이행,건조,맑음,기타 - 기타,승용,여,27세,상해없음,승용,남,48세,상해없음
2023091400100616,2023년 9월 14일 23시,목요일,제주특별자치도 제주시 삼도일동,중상사고,0,1,0,0,차대사람 - 횡단중,안전운전불이행,건조,맑음,단일로 - 기타,승용,남,28세,기타불명,보행자,남,41세,중상
2023091500100024,2023년 9월 15일 02시,금요일,제주특별자치도 제주시 조천읍,경상사고,0,0,1,0,차량단독 - 기타,안전운전불이행,기타,기타,단일로 - 기타,이륜,남,31세,경상,,,,
2023091500100025,2023년 9월 15일 02시,금요일,제주특별자치도 제주시 연동,경상사고,0,0,1,1,차대차 - 기타,안전운전불이행,건조,맑음,교차로 - 교차로안,승용,여,71세,부상신고,승용,여,70세,경상
2023091500100052,2023년 9월 15일 05시,금요일,제주특별자치도 서귀포시 동홍동,중상사고,0,1,0,0,차대사람 - 횡단중,안전운전불이행,젖음/습기,비,교차로 - 교차로안,승용,남,53세,상해없음,보행자,여,86세,중상
2023091500100167,2023년 9월 15일 09시,금요일,제주특별자치도 제주시 애월읍,경상사고,0,0,1,0,차대차 - 기타,중앙선침범,건조,맑음,단일로 - 기타,승용,남,26세,경상,승용,남,71세,기타불명
2023091500100250,2023년 9월 15일 12시,금요일,제주특별자치도 제주시 일도일동,중상사고,0,1,0,0,차대차 - 기타,안전거리미확보,건조,맑음,단일로 - 기타,승용,남,34세,상해없음,승합,남,64세,상해없음
2023091500100251,2023년 9월 15일 12시,금요일,제주특별자치도 서귀포시 성산읍,사망사고,1,0,0,0,차량단독 - 공작물충돌,안전운전불이행,건조,맑음,단일로 - 기타,화물,남,69세,사망,,,,
2023091500100252,2023년 9월 15일 12시,금요일,제주특별자치도 제주시 용담이동,경상사고,0,0,1,0,차대차 - 기타,안전거리미확보,건조,맑음,교차로 - 교차로부근,승용,남,76세,상해없음,승합,남,50세,경상
2023091500100294,2023년 9월 15일 13시,금요일,제주특별자치도 제주시 일도이동,중상사고,0,1,0,0,차대사람 - 횡단중,신호위반,건조,맑음,교차로 - 교차로횡단보도내,화물,남,62세,상해없음,보행자,남,49세,중상
2023091500100361,2023년 9월 15일 15시,금요일,제주특별자치도 제주시 일도일동,부상신고사고,0,0,0,1,차대사람 - 기타,안전운전불이행,건조,맑음,단일로 - 기타,승용,여,44세,상해없음,보행자,남,31세,부상신고
2023091500100394,2023년 9월 15일 16시,금요일,제주특별자치도 제주시 구좌읍,중상사고,0,2,0,0,차대차 - 측면충돌,직진우회전진행방해,기타,맑음,교차로 - 교차로안,원동기,남,17세,중상,화물,남,59세,상해없음
2023091500100439,2023년 9월 15일 17시,금요일,제주특별자치도 제주시 오라삼동,경상사고,0,0,1,0,차대차 - 추돌,안전운전불이행,건조,맑음,교차로 - 교차로부근,승용,남,34세,상해없음,승용,여,59세,경상
2023091500100559,2023년 9월 15일 19시,금요일,제주특별자치도 제주시 연동,경상사고,0,0,4,0,차대차 - 후진중충돌,안전운전불이행,건조,맑음,단일로 - 기타,승용,여,59세,상해없음,승용,남,39세,경상
2023091600100057,2023년 9월 16일 05시,토요일,제주특별자치도 제주시 한림읍,중상사고,0,1,0,0,차대사람 - 기타,안전운전불이행,젖음/습기,흐림,단일로 - 기타,승용,여,67세,상해없음,보행자,여,72세,중상
2023091600100146,2023년 9월 16일 10시,토요일,제주특별자치도 제주시 연동,중상사고,0,1,0,0,차대사람 - 차도통행중,보행자보호의무위반,젖음/습기,비,교차로 - 교차로안,승용,남,61세,상해없음,보행자,여,77세,중상
2023091600100185,2023년 9월 16일 11시,토요일,제주특별자치도 제주시 건입동,경상사고,0,0,2,0,차대차 - 측면충돌,안전운전불이행,젖음/습기,비,단일로 - 기타,승용,남,71세,상해없음,승용,여,41세,경상
2023091600100186,2023년 9월 16일 11시,토요일,제주특별자치도 서귀포시 법환동,경상사고,0,0,1,0,차대차 - 측면충돌,안전운전불이행,건조,맑음,교차로 - 교차로안,승용,여,61세,상해없음,승용,남,32세,경상
2023091600100234,2023년 9월 16일 12시,토요일,제주특별자치도 제주시 한경면,중상사고,0,1,4,1,차대차 - 기타,직진우회전진행방해,건조,맑음,교차로 - 교차로안,승용,남,50세,중상,승용,여,31세,경상
2023091600100269,2023년 9월 16일 13시,토요일,제주특별자치도 제주시 이도이동,중상사고,0,1,2,0,차대차 - 기타,안전거리미확보,젖음/습기,비,교차로 - 교차로부근,승용,여,52세,상해없음,승용,여,27세,중상
2023091600100335,2023년 9월 16일 15시,토요일,제주특별자치도 제주시 연동,경상사고,0,0,1,0,차대사람 - 횡단중,보행자보호의무위반,건조,맑음,단일로 - 기타,승용,남,57세,상해없음,보행자,여,56세,경상
2023091600100378,2023년 9월 16일 16시,토요일,제주특별자치도 제주시 오등동,중상사고,0,12,0,0,차대차 - 측면충돌,중앙선침범,건조,맑음,단일로 - 기타,화물,남,27세,중상,승합,남,55세,중상
2023091600100560,2023년 9월 16일 21시,토요일,제주특별자치도 서귀포시 토평동,중상사고,0,1,0,0,차대차 - 정면충돌,직진우회전진행방해,건조,맑음,교차로 - 교차로안,승용,남,56세,상해없음,원동기,남,49세,중상
2023091700100014,2023년 9월 17일 00시,일요일,제주특별자치도 제주시 용담일동,경상사고,0,0,2,0,차대차 - 측면충돌,신호위반,젖음/습기,비,교차로 - 교차로안,승용,여,40세,상해없음,승용,남,65세,경상
2023091700100100,2023년 9월 17일 09시,일요일,제주특별자치도 서귀포시 법환동,경상사고,0,0,1,0,차대차 - 정면충돌,안전운전불이행,건조,맑음,교차로 - 교차로안,화물,남,39세,상해없음,승용,여,28세,경상
2023091700100101,2023년 9월 17일 09시,일요일,제주특별자치도 서귀포시 상효동,경상사고,0,0,4,0,차대차 - 측면충돌,안전운전불이행,건조,흐림,단일로 - 기타,승용,남,46세,상해없음,승용,남,64세,경상
2023091700100172,2023년 9월 17일 12시,일요일,제주특별자치도 서귀포시 성산읍,중상사고,0,1,0,0,차대차 - 측면충돌,기타,건조,맑음,교차로 - 교차로안,승용,여,59세,기타불명,승용,여,38세,중상
2023091700100205,2023년 9월 17일 13시,일요일,제주특별자치도 제주시 한경면,경상사고,0,0,1,0,차량단독 - 전도전복 - 전도,안전운전불이행,건조,맑음,단일로 - 기타,이륜,여,31세,경상,,,,
2023091700100313,2023년 9월 17일 16시,일요일,제주특별자치도 서귀포시 강정동,경상사고,0,0,3,0,차대차 - 측면충돌,안전운전불이행,건조,맑음,교차로 - 교차로안,승용,여,64세,상해없음,승용,남,38세,경상
2023091700100370,2023년 9월 17일 18시,일요일,제주특별자치도 서귀포시 동홍동,경상사고,0,0,1,0,차대차 - 기타,기타,건조,맑음,단일로 - 기타,승용,남,57세,상해없음,이륜,남,64세,경상
2023091700100425,2023년 9월 17일 20시,일요일,제주특별자치도 제주시 도남동,경상사고,0,0,1,0,차대차 - 기타,직진우회전진행방해,젖음/습기,비,교차로 - 교차로부근,승용,여,54세,기타불명,이륜,남,31세,경상
2023091700100487,2023년 9월 17일 23시,일요일,제주특별자치도 제주시 연동,경상사고,0,0,1,0,차대사람 - 기타,안전운전불이행,건조,맑음,단일로 - 기타,개인형이동수단(PM),남,15세,기타불명,보행자,남,28세,경상
2023091800100002,2023년 9월 18일 00시,월요일,제주특별자치도 제주시 아라일동,부상신고사고,0,0,0,1,차대차 - 추돌,안전운전불이행,건조,맑음,교차로 - 교차로부근,자전거,남,14세,부상신고,승용,남,27세,상해없음
2023091800100006,2023년 9월 18일 01시,월요일,제주특별자치도 제주시 노형동,경상사고,0,0,1,1,차대차 - 추돌,안전운전불이행,젖음/습기,비,단일로 - 기타,승용,남,54세,상해없음,승용,남,44세,경상
2023091800100110,2023년 9월 18일 08시,월요일,제주특별자치도 제주시 회천동,경상사고,0,0,1,0,차대차 - 측면충돌,안전거리미확보,기타,기타,단일로 - 기타,승용,여,36세,상해없음,승용,남,29세,경상
2023091800100111,2023년 9월 18일 08시,월요일,제주특별자치도 서귀포시 토평동,경상사고,0,0,1,1,차대차 - 기타,직진우회전진행방해,건조,맑음,교차로 - 교차로안,화물,남,76세,부상신고,화물,남,52세,상해없음
2023091800100256,2023년 9월 18일 12시,월요일,제주특별자치도 제주시 이도이동,경상사고,0,0,3,0,차대차 - 측면충돌,교차로운행방법위반,기타,기타,교차로 - 교차로부근,승용,여,65세,상해없음,승용,여,55세,경상
2023091800100322,2023년 9월 18일 14시,월요일,제주특별자치도 제주시 건입동,경상사고,0,0,1,0,차대차 - 측면충돌,안전운전불이행,건조,맑음,교차로 - 교차로안,화물,남,52세,상해없음,승용,남,42세,경상
2023091800100323,2023년 9월 18일 14시,월요일,제주특별자치도 제주시 노형동,경상사고,0,0,1,0,차대차 - 측면충돌,안전운전불이행,건조,맑음,교차로 - 교차로부근,승용,남,43세,상해없음,자전거,여,21세,경상
2023091800100366,2023년 9월 18일 15시,월요일,제주특별자치도 제주시 조천읍,경상사고,0,0,2,0,차대차 - 측면충돌,안전운전불이행,건조,맑음,단일로 - 기타,화물,남,21세,상해없음,승용,여,48세,경상
2023091800100367,2023년 9월 18일 15시,월요일,제주특별자치도 서귀포시 중문동,경상사고,0,0,4,0,차대차 - 기타,안전거리미확보,건조,맑음,교차로 - 교차로안,승용,남,39세,상해없음,승용,남,43세,경상
2023091800100468,2023년 9월 18일 17시,월요일,제주특별자치도 제주시 노형동,경상사고,0,0,1,0,차대차 - 추돌,안전거리미확보,건조,맑음,교차로 - 교차로부근,승용,여,44세,상해없음,승용,여,50세,경상
2023091800100522,2023년 9월 18일 18시,월요일,제주특별자치도 서귀포시 성산읍,경상사고,0,0,4,0,차대차 - 기타,안전운전불이행,건조,맑음,교차로 - 교차로안,승용,여,74세,상해없음,승용,여,54세,경상
2023091800100601,2023년 9월 18일 20시,월요일,제주특별자치도 제주시 일도이동,중상사고,0,1,0,0,차대사람 - 횡단중,보행자보호의무위반,건조,맑음,교차로 - 교차로횡단보도내,화물,남,76세,상해없음,보행자,여,30세,중상
2023091800100602,2023년 9월 18일 20시,월요일,제주특별자치도 제주시 도평동,경상사고,0,0,2,0,차대차 - 추돌,안전운전불이행,건조,맑음,단일로 - 기타,승용,여,33세,상해없음,승용,남,50세,경상
2023091800100623,2023년 9월 18일 21시,월요일,제주특별자치도 제주시 용담이동,경상사고,0,0,1,0,차량단독 - 전도전복 - 전도,안전운전불이행,젖음/습기,비,교차로 - 교차로안,이륜,남,50세,경상,,,,
2023091900100078,2023년 9월 19일 07시,화요일,제주특별자치도 제주시 건입동,경상사고,0,0,1,0,차대차 - 추돌,교차로운행방법위반,건조,맑음,교차로 - 교차로횡단보도내,승용,여,22세,기타불명,자전거,남,59세,경상
2023091900100257,2023년 9월 19일 12시,화요일,제주특별자치도 제주시 오등동,경상사고,0,0,2,0,차대차 - 추돌,직진우회전진행방해,건조,맑음,교차로 - 교차로안,승용,여,46세,경상,화물,남,57세,경상
2023091900100258,2023년 9월 19일 12시,화요일,제주특별자치도 서귀포시 대정읍,경상사고,0,0,1,0,차대차 - 추돌,안전운전불이행,건조,맑음,단일로 - 기타,승용,남,70세,경상,화물,남,59세,기타불명
2023091900100284,2023년 9월 19일 13시,화요일,제주특별자치도 제주시 연동,경상사고,0,0,3,0,차대차 - 측면충돌,안전거리미확보,건조,맑음,교차로 - 교차로안,승용,남,35세,경상,승용,남,32세,경상
2023091900100469,2023년 9월 19일 18시,화요일,제주특별자치도 제주시 일도이동,경상사고,0,0,1,0,차대사람 - 횡단중,보행자보호의무위반,건조,맑음,교차로 - 교차로안,이륜,남,33세,상해없음,보행자,여,74세,경상
2023091900100470,2023년 9월 19일 18시,화요일,제주특별자치도 제주시 조천읍,경상사고,0,0,1,0,차대차 - 측면충돌,안전운전불이행,건조,맑음,교차로 - 교차로안,화물,남,54세,상해없음,승용,남,48세,경상