사고번호,사고일시,요일,시군구,사고내용,사망자수,중상자수,경상자수,부상신고자수,사고유형,법규위반,노면상태,기상상태,도로형태,가해운전자 차종,가해운전자 성별,가해운전자 연령,가해운전자 상해정도,피해운전자 차종,피해운전자 성별,피해운전자 연령,피해운전자 상해정도
2023091900100471,2023년 9월 19일 18시,화요일,제주특별자치도 서귀포시 성산읍,중상사고,0,1,0,0,차대사람 - 기타,안전운전불이행,건조,맑음,단일로 - 기타,화물,남,64세,상해없음,보행자,여,73세,중상
2023091900100472,2023년 9월 19일 18시,화요일,제주특별자치도 서귀포시 대정읍,경상사고,0,0,1,0,차대차 - 측면충돌,직진우회전진행방해,건조,맑음,교차로 - 교차로안,승용,여,54세,상해없음,승용,남,76세,경상
2023091900100530,2023년 9월 19일 20시,화요일,제주특별자치도 제주시 용담이동,경상사고,0,0,1,0,차대차 - 기타,안전거리미확보,건조,맑음,단일로 - 기타,승용,여,71세,기타불명,승용,남,42세,경상
2023092000100041,2023년 9월 20일 05시,수요일,제주특별자치도 제주시 노형동,경상사고,0,0,1,0,차대차 - 추돌,안전운전불이행,건조,맑음,교차로 - 교차로부근,화물,남,53세,상해없음,승용,남,35세,경상
2023092000100071,2023년 9월 20일 07시,수요일,제주특별자치도 서귀포시 중문동,중상사고,0,1,0,0,차대차 - 측면충돌,직진우회전진행방해,젖음/습기,비,교차로 - 교차로안,승용,남,53세,상해없음,승용,남,65세,중상
2023092000100134,2023년 9월 20일 08시,수요일,제주특별자치도 제주시 애월읍,경상사고,0,0,1,0,차량단독 - 공작물충돌,안전운전불이행,건조,맑음,단일로 - 기타,승용,여,40세,경상,,,,
2023092000100163,2023년 9월 20일 09시,수요일,제주특별자치도 제주시 삼도일동,중상사고,0,1,1,0,차대차 - 정면충돌,기타,건조,맑음,미분류 - 미분류,화물,남,41세,기타불명,승용,여,39세,중상
2023092000100164,2023년 9월 20일 09시,수요일,제주특별자치도 서귀포시 대정읍,부상신고사고,0,0,0,1,차대차 - 기타,안전운전불이행,건조,맑음,교차로 - 교차로안,이륜,남,29세,부상신고,화물,남,61세,상해없음
2023092000100384,2023년 9월 20일 15시,수요일,제주특별자치도 제주시 애월읍,경상사고,0,0,1,2,차대차 - 기타,안전운전불이행,건조,맑음,단일로 - 기타,승용,남,29세,부상신고,승용,남,50세,경상
2023092000100385,2023년 9월 20일 15시,수요일,제주특별자치도 제주시 용담이동,중상사고,0,1,2,0,차대차 - 정면충돌,신호위반,건조,맑음,교차로 - 교차로안,승용,남,31세,상해없음,승용,여,32세,중상
2023092000100433,2023년 9월 20일 16시,수요일,제주특별자치도 제주시 도두일동,경상사고,0,0,1,0,차대차 - 기타,중앙선침범,건조,맑음,단일로 - 기타,승용,남,68세,상해없음,승용,남,30세,경상
2023092000100553,2023년 9월 20일 18시,수요일,제주특별자치도 제주시 노형동,경상사고,0,0,1,0,차대사람 - 보도통행중,안전운전불이행,젖음/습기,흐림,교차로 - 교차로횡단보도내,개인형이동수단(PM),남,17세,상해없음,보행자,여,18세,경상
2023092000100616,2023년 9월 20일 19시,수요일,제주특별자치도 서귀포시 동홍동,경상사고,0,0,1,0,차대사람 - 기타,안전운전불이행,건조,맑음,단일로 - 기타,승용,여,51세,상해없음,보행자,여,43세,경상
2023092000100617,2023년 9월 20일 19시,수요일,제주특별자치도 제주시 연동,중상사고,0,1,0,0,차대차 - 기타,직진우회전진행방해,건조,맑음,교차로 - 교차로안,화물,여,44세,상해없음,이륜,남,49세,중상
2023092100100037,2023년 9월 21일 05시,목요일,제주특별자치도 제주시 애월읍,사망사고,1,1,4,0,차대차 - 기타,안전운전불이행,젖음/습기,비,단일로 - 기타,승용,남,58세,사망,승용,남,47세,상해없음
2023092100100160,2023년 9월 21일 09시,목요일,제주특별자치도 서귀포시 대정읍,경상사고,0,0,1,0,차대차 - 추돌,안전운전불이행,건조,맑음,단일로 - 기타,승합,여,36세,상해없음,화물,남,40세,경상
2023092100100161,2023년 9월 21일 09시,목요일,제주특별자치도 서귀포시 동홍동,경상사고,0,0,1,0,차대차 - 기타,신호위반,건조,맑음,교차로 - 교차로부근,승용,여,20세,상해없음,승용,여,37세,경상
2023092100100243,2023년 9월 21일 11시,목요일,제주특별자치도 서귀포시 표선면,중상사고,0,1,0,0,차대차 - 정면충돌,중앙선침범,건조,맑음,단일로 - 기타,승용,여,70세,상해없음,이륜,남,53세,중상
2023092100100298,2023년 9월 21일 13시,목요일,제주특별자치도 제주시 용담이동,경상사고,0,0,1,0,차대사람 - 기타,안전운전불이행,건조,맑음,단일로 - 기타,승용,남,79세,상해없음,보행자,남,61세,경상
2023092100100359,2023년 9월 21일 15시,목요일,제주특별자치도 제주시 아라이동,중상사고,0,1,1,0,차대차 - 추돌,안전거리미확보,건조,맑음,단일로 - 기타,승용,남,52세,상해없음,승용,남,24세,경상
2023092100100360,2023년 9월 21일 15시,목요일,제주특별자치도 서귀포시 성산읍,경상사고,0,0,3,0,차대차 - 기타,안전거리미확보,건조,맑음,교차로 - 교차로부근,승합,남,56세,상해없음,승용,남,47세,경상
2023092100100519,2023년 9월 21일 19시,목요일,제주특별자치도 제주시 오라일동,경상사고,0,0,1,0,차대차 - 측면충돌,교차로운행방법위반,기타,기타,교차로 - 교차로안,승용,남,23세,상해없음,승용,남,56세,상해없음
2023092100100554,2023년 9월 21일 20시,목요일,제주특별자치도 제주시 이도이동,부상신고사고,0,0,0,1,차대사람 - 차도통행중,안전운전불이행,건조,맑음,단일로 - 기타,승용,남,20세,상해없음,보행자,남,42세,부상신고
2023092100100555,2023년 9월 21일 20시,목요일,제주특별자치도 제주시 이도이동,경상사고,0,0,1,1,차대차 - 추돌,안전운전불이행,건조,맑음,단일로 - 기타,자전거,남,16세,경상,승용,여,50세,부상신고
2023092200100334,2023년 9월 22일 13시,금요일,제주특별자치도 서귀포시 표선면,경상사고,0,0,1,0,차대차 - 후진중충돌,안전운전불이행,건조,맑음,교차로 - 교차로안,화물,남,50세,상해없음,승용,여,30세,경상
2023092200100335,2023년 9월 22일 13시,금요일,제주특별자치도 제주시 한림읍,경상사고,0,0,1,1,차대차 - 추돌,안전거리미확보,건조,맑음,교차로 - 교차로부근,승용,남,33세,상해없음,승용,여,31세,경상
2023092200100369,2023년 9월 22일 14시,금요일,제주특별자치도 제주시 연동,경상사고,0,0,1,0,차대차 - 측면충돌,직진우회전진행방해,건조,맑음,교차로 - 교차로안,이륜,남,25세,경상,승용,남,61세,상해없음
2023092200100476,2023년 9월 22일 16시,금요일,제주특별자치도 서귀포시 호근동,경상사고,0,0,1,0,차대차 - 기타,직진우회전진행방해,건조,맑음,교차로 - 교차로안,화물,남,76세,상해없음,승용,여,43세,경상
2023092200100599,2023년 9월 22일 18시,금요일,제주특별자치도 제주시 건입동,경상사고,0,0,1,0,차대차 - 정면충돌,신호위반,건조,맑음,교차로 - 교차로부근,승용,남,58세,상해없음,승용,여,68세,경상
2023092200100600,2023년 9월 22일 18시,금요일,제주특별자치도 제주시 연동,경상사고,0,0,1,0,차대차 - 측면충돌,안전거리미확보,건조,맑음,단일로 - 기타,승합,남,64세,상해없음,승용,남,55세,경상
2023092200100601,2023년 9월 22일 18시,금요일,제주특별자치도 제주시 연동,경상사고,0,0,1,0,차대사람 - 횡단중,보행자보호의무위반,건조,기타,교차로 - 교차로안,승용,남,62세,상해없음,보행자,남,46세,경상
2023092200100701,2023년 9월 22일 20시,금요일,제주특별자치도 제주시 건입동,중상사고,0,1,0,0,차대사람 - 횡단중,안전운전불이행,건조,기타,교차로 - 교차로안,승용,남,50세,상해없음,보행자,여,86세,중상
2023092200100737,2023년 9월 22일 21시,금요일,제주특별자치도 서귀포시 동홍동,중상사고,0,1,1,0,차대사람 - 횡단중,안전운전불이행,젖음/습기,비,교차로 - 교차로안,이륜,남,58세,경상,보행자,남,64세,중상
2023092300100017,2023년 9월 23일 00시,토요일,제주특별자치도 제주시 연동,경상사고,0,0,2,0,차대차 - 추돌,안전운전불이행,젖음/습기,비,교차로 - 교차로부근,승용,남,29세,상해없음,이륜,남,20세,경상
2023092300100081,2023년 9월 23일 06시,토요일,제주특별자치도 서귀포시 표선면,중상사고,0,1,1,0,차량단독 - 전도전복 - 전도,안전운전불이행,건조,맑음,단일로 - 기타,승용,남,23세,경상,,,,
2023092300100227,2023년 9월 23일 11시,토요일,제주특별자치도 서귀포시 서귀동,경상사고,0,0,3,0,차대차 - 측면충돌,교차로운행방법위반,건조,맑음,교차로 - 교차로부근,화물,남,69세,상해없음,승합,남,51세,상해없음
2023092300100273,2023년 9월 23일 12시,토요일,제주특별자치도 제주시 애월읍,경상사고,0,0,1,0,차대차 - 측면충돌,안전운전불이행,건조,맑음,단일로 - 기타,승용,여,44세,상해없음,승용,여,36세,경상
2023092300100506,2023년 9월 23일 18시,토요일,제주특별자치도 제주시 도남동,경상사고,0,0,2,0,차대차 - 측면충돌,안전운전불이행,건조,흐림,단일로 - 기타,승용,남,61세,상해없음,승용,남,35세,경상
2023092300100602,2023년 9월 23일 21시,토요일,제주특별자치도 서귀포시 성산읍,중상사고,0,1,0,0,차대사람 - 기타,안전운전불이행,건조,맑음,단일로 - 기타,승용,남,42세,상해없음,보행자,여,57세,중상
2023092300100603,2023년 9월 23일 21시,토요일,제주특별자치도 제주시 외도일동,경상사고,0,0,1,0,차대사람 - 기타,안전운전불이행,건조,맑음,기타 - 기타,승용,남,53세,상해없음,보행자,남,26세,경상
2023092300100629,2023년 9월 23일 22시,토요일,제주특별자치도 제주시 이도일동,중상사고,0,1,0,0,차대사람 - 차도통행중,안전운전불이행,기타,기타,단일로 - 기타,승용,남,68세,상해없음,보행자,남,56세,중상
2023092300100630,2023년 9월 23일 22시,토요일,제주특별자치도 제주시 일도이동,경상사고,0,0,1,0,차대사람 - 횡단중,보행자보호의무위반,건조,맑음,교차로 - 교차로횡단보도내,승용,남,29세,상해없음,보행자,남,47세,경상
2023092400100036,2023년 9월 24일 03시,일요일,제주특별자치도 제주시 이도이동,경상사고,0,0,1,0,차대차 - 측면충돌,안전운전불이행,건조,맑음,교차로 - 교차로안,개인형이동수단(PM),남,36세,경상,승용,남,47세,상해없음
2023092400100090,2023년 9월 24일 08시,일요일,제주특별자치도 제주시 삼도일동,중상사고,0,2,0,0,차대차 - 추돌,안전거리미확보,건조,맑음,단일로 - 기타,승용,남,45세,상해없음,화물,여,66세,중상
2023092400100167,2023년 9월 24일 11시,일요일,제주특별자치도 제주시 도남동,경상사고,0,0,1,0,차대차 - 기타,안전운전불이행,건조,흐림,교차로 - 교차로안,이륜,남,41세,경상,승용,남,52세,상해없음
2023092400100168,2023년 9월 24일 11시,일요일,제주특별자치도 서귀포시 하원동,경상사고,0,0,4,0,차대차 - 측면충돌,안전거리미확보,건조,맑음,단일로 - 기타,승용,남,60세,경상,승용,남,23세,경상
2023092400100169,2023년 9월 24일 11시,일요일,제주특별자치도 제주시 한경면,중상사고,0,1,0,0,차대사람 - 횡단중,보행자보호의무위반,건조,맑음,교차로 - 교차로안,승용,남,40세,상해없음,보행자,여,63세,중상
2023092400100197,2023년 9월 24일 12시,일요일,제주특별자치도 제주시 아라일동,경상사고,0,0,2,0,차대차 - 기타,안전운전불이행,건조,흐림,단일로 - 기타,승용,여,34세,상해없음,승용,여,49세,경상
2023092400100198,2023년 9월 24일 12시,일요일,제주특별자치도 제주시 건입동,경상사고,0,0,2,0,차대차 - 측면충돌,안전거리미확보,건조,맑음,기타 - 기타,승용,남,55세,경상,승합,남,49세,상해없음
2023092400100270,2023년 9월 24일 14시,일요일,제주특별자치도 서귀포시 동홍동,부상신고사고,0,0,0,1,차대차 - 측면충돌,안전거리미확보,건조,맑음,단일로 - 기타,승용,여,57세,상해없음,이륜,남,18세,부상신고
2023092400100295,2023년 9월 24일 15시,일요일,제주특별자치도 제주시 화북이동,경상사고,0,0,1,0,차대차 - 추돌,안전거리미확보,건조,맑음,교차로 - 교차로부근,승용,여,22세,상해없음,승용,남,51세,상해없음
2023092400100296,2023년 9월 24일 15시,일요일,제주특별자치도 서귀포시 성산읍,부상신고사고,0,0,0,1,차량단독 - 전도전복 - 전도,안전운전불이행,건조,맑음,단일로 - 기타,원동기,남,46세,부상신고,,,,
2023092400100297,2023년 9월 24일 15시,일요일,제주특별자치도 제주시 용담이동,경상사고,0,0,1,0,차대차 - 기타,안전거리미확보,건조,맑음,단일로 - 기타,승용,여,31세,상해없음,승용,남,25세,경상
2023092400100377,2023년 9월 24일 18시,일요일,제주특별자치도 제주시 연동,부상신고사고,0,0,0,1,차대차 - 기타,안전운전불이행,건조,맑음,교차로 - 교차로안,원동기,남,17세,부상신고,이륜,남,28세,기타불명
2023092400100456,2023년 9월 24일 21시,일요일,제주특별자치도 서귀포시 표선면,중상사고,0,1,0,1,차량단독 - 공작물충돌,기타,건조,맑음,교차로 - 교차로안,승용,남,33세,중상,,,,
2023092400100468,2023년 9월 24일 22시,일요일,제주특별자치도 제주시 삼도일동,경상사고,0,0,1,0,차대차 - 추돌,안전운전불이행,건조,맑음,교차로 - 교차로부근,승용,남,42세,상해없음,승용,남,27세,경상
2023092500100031,2023년 9월 25일 05시,월요일,제주특별자치도 서귀포시 중문동,경상사고,0,0,1,0,차대차 - 측면충돌,직진우회전진행방해,건조,맑음,교차로 - 교차로안,승용,여,56세,상해없음,승용,남,32세,경상
2023092500100032,2023년 9월 25일 05시,월요일,제주특별자치도 서귀포시 서귀동,부상신고사고,0,0,0,1,차대사람 - 차도통행중,보행자보호의무위반,건조,맑음,교차로 - 교차로횡단보도내,자전거,남,35세,상해없음,보행자,여,43세,부상신고
2023092500100107,2023년 9월 25일 08시,월요일,제주특별자치도 제주시 도련일동,부상신고사고,0,0,0,1,차대차 - 기타,신호위반,기타,기타,교차로 - 교차로부근,이륜,남,53세,부상신고,승용,여,53세,상해없음
2023092500100108,2023년 9월 25일 08시,월요일,제주특별자치도 제주시 이도이동,중상사고,0,1,1,0,차대차 - 측면충돌,안전운전불이행,건조,맑음,단일로 - 기타,승용,여,28세,경상,건설기계,남,52세,중상
2023092500100161,2023년 9월 25일 09시,월요일,제주특별자치도 제주시 노형동,중상사고,0,1,0,0,차대차 - 측면충돌,안전운전불이행,건조,맑음,교차로 - 교차로안,이륜,남,67세,중상,승합,남,61세,상해없음
2023092500100197,2023년 9월 25일 10시,월요일,제주특별자치도 제주시 화북이동,경상사고,0,0,1,0,차대차 - 기타,안전운전불이행,건조,맑음,단일로 - 기타,기타불명,기타불명,미분류,기타불명,화물,남,44세,경상
2023092500100243,2023년 9월 25일 11시,월요일,제주특별자치도 서귀포시 색달동,경상사고,0,0,2,0,차대차 - 추돌,안전운전불이행,건조,맑음,단일로 - 기타,화물,여,58세,상해없음,화물,남,63세,상해없음
2023092500100244,2023년 9월 25일 11시,월요일,제주특별자치도 제주시 이호일동,중상사고,0,3,2,3,차대차 - 추돌,안전운전불이행,건조,맑음,단일로 - 기타,화물,남,62세,경상,화물,남,54세,부상신고
2023092500100328,2023년 9월 25일 13시,월요일,제주특별자치도 서귀포시 토평동,경상사고,0,0,2,0,차대차 - 추돌,안전운전불이행,건조,맑음,교차로 - 교차로부근,승용,남,27세,상해없음,화물,여,61세,경상
2023092500100366,2023년 9월 25일 14시,월요일,제주특별자치도 서귀포시 토평동,부상신고사고,0,0,0,1,차대차 - 측면충돌,신호위반,건조,맑음,단일로 - 기타,화물,남,63세,상해없음,승합,남,53세,부상신고
2023092500100367,2023년 9월 25일 14시,월요일,제주특별자치도 제주시 연동,경상사고,0,0,1,0,차대차 - 측면충돌,안전운전불이행,건조,맑음,교차로 - 교차로부근,승용,남,67세,상해없음,승용,남,71세,경상
2023092500100455,2023년 9월 25일 16시,월요일,제주특별자치도 제주시 오라이동,경상사고,0,0,1,0,차대차 - 추돌,안전거리미확보,건조,맑음,단일로 - 기타,화물,남,61세,상해없음,승용,여,48세,경상
2023092500100456,2023년 9월 25일 16시,월요일,제주특별자치도 제주시 화북이동,경상사고,0,0,1,0,차대차 - 추돌,안전거리미확보,건조,맑음,단일로 - 기타,화물,남,57세,상해없음,승용,여,27세,경상
2023092500100457,2023년 9월 25일 16시,월요일,제주특별자치도 제주시 용담이동,경상사고,0,0,4,0,차대차 - 측면충돌,안전운전불이행,건조,맑음,단일로 - 기타,승용,여,36세,경상,승용,남,35세,경상
2023092500100535,2023년 9월 25일 18시,월요일,제주특별자치도 제주시 이도이동,경상사고,0,0,1,0,차대차 - 추돌,안전운전불이행,기타,기타,교차로 - 교차로부근,화물,남,36세,상해없음,화물,남,30세,경상
2023092500100536,2023년 9월 25일 18시,월요일,제주특별자치도 제주시 이도이동,경상사고,0,0,1,0,차대차 - 측면충돌,안전운전불이행,건조,맑음,기타 - 기타,승용,남,27세,상해없음,자전거,여,36세,경상
2023092600100027,2023년 9월 26일 03시,화요일,제주특별자치도 제주시 추자면,부상신고사고,0,0,0,1,차량단독 - 기타,안전운전불이행,기타,기타,단일로 - 기타,원동기,남,24세,부상신고,,,,
2023092600100060,2023년 9월 26일 06시,화요일,제주특별자치도 제주시 한림읍,경상사고,0,0,1,0,차대차 - 기타,신호위반,건조,맑음,교차로 - 교차로안,승용,남,63세,상해없음,승용,여,28세,경상
2023092600100091,2023년 9월 26일 07시,화요일,제주특별자치도 서귀포시 성산읍,중상사고,0,1,0,0,차대사람 - 길가장자리구역통행중,안전운전불이행,건조,맑음,단일로 - 기타,승용,여,50세,상해없음,보행자,남,81세,중상
2023092600100139,2023년 9월 26일 08시,화요일,제주특별자치도 서귀포시 남원읍,경상사고,0,0,1,0,차대차 - 기타,안전운전불이행,건조,맑음,단일로 - 기타,화물,남,50세,상해없음,승용,여,49세,상해없음
2023092600100187,2023년 9월 26일 09시,화요일,제주특별자치도 제주시 구좌읍,경상사고,0,0,1,0,차대차 - 기타,안전운전불이행,건조,맑음,단일로 - 기타,승용,남,59세,상해없음,이륜,남,54세,경상
2023092600100317,2023년 9월 26일 13시,화요일,제주특별자치도 제주시 용담이동,중상사고,0,1,0,0,차대차 - 측면충돌,신호위반,건조,맑음,교차로 - 교차로부근,승용,여,65세,상해없음,이륜,남,42세,중상
2023092600100356,2023년 9월 26일 14시,화요일,제주특별자치도 제주시 용담이동,부상신고사고,0,0,0,1,차대차 - 기타,안전운전불이행,건조,맑음,교차로 - 교차로안,승용,여,66세,상해없음,승합,남,56세,부상신고
2023092600100399,2023년 9월 26일 15시,화요일,제주특별자치도 서귀포시 서홍동,경상사고,0,0,1,0,차대사람 - 기타,안전운전불이행,건조,맑음,기타 - 기타,승용,여,43세,상해없음,보행자,남,49세,경상
2023092600100502,2023년 9월 26일 17시,화요일,제주특별자치도 서귀포시 남원읍,중상사고,0,1,1,0,차대차 - 측면충돌,중앙선침범,건조,맑음,단일로 - 기타,승용,여,40세,상해없음,화물,남,70세,중상
2023092600100503,2023년 9월 26일 17시,화요일,제주특별자치도 제주시 애월읍,경상사고,0,0,1,0,차대사람 - 기타,안전운전불이행,건조,맑음,기타 - 기타,승용,여,66세,상해없음,보행자,남,19세,경상
2023092600100553,2023년 9월 26일 18시,화요일,제주특별자치도 제주시 아라이동,경상사고,0,0,1,0,차대차 - 측면충돌,신호위반,건조,맑음,교차로 - 교차로부근,승용,남,59세,경상,승합,남,52세,기타불명
2023092600100554,2023년 9월 26일 18시,화요일,제주특별자치도 제주시 애월읍,부상신고사고,0,0,0,1,차대차 - 기타,안전운전불이행,건조,맑음,단일로 - 기타,승용,여,31세,상해없음,자전거,남,4세,부상신고
2023092600100603,2023년 9월 26일 19시,화요일,제주특별자치도 제주시 조천읍,부상신고사고,0,0,0,1,차대차 - 정면충돌,중앙선침범,건조,기타,단일로 - 기타,승용,남,68세,기타불명,승용,여,36세,부상신고
2023092600100604,2023년 9월 26일 19시,화요일,제주특별자치도 서귀포시 표선면,중상사고,0,1,0,0,차량단독 - 공작물충돌,안전운전불이행,건조,맑음,단일로 - 기타,승합,남,62세,상해없음,,,,
2023092700100152,2023년 9월 27일 08시,수요일,제주특별자치도 제주시 아라이동,경상사고,0,0,1,0,차대사람 - 차도통행중,안전운전불이행,건조,기타,단일로 - 기타,승용,남,32세,상해없음,보행자,여,29세,경상
2023092700100197,2023년 9월 27일 09시,수요일,제주특별자치도 서귀포시 대정읍,중상사고,0,1,0,0,차대차 - 정면충돌,안전운전불이행,건조,맑음,단일로 - 기타,화물,남,75세,상해없음,이륜,남,58세,중상
2023092700100264,2023년 9월 27일 11시,수요일,제주특별자치도 제주시 이도일동,경상사고,0,0,1,0,차대사람 - 기타,안전운전불이행,건조,맑음,단일로 - 기타,승용,여,59세,상해없음,보행자,남,52세,경상
2023092700100265,2023년 9월 27일 11시,수요일,제주특별자치도 제주시 일도이동,중상사고,0,1,1,0,차대차 - 측면충돌,안전거리미확보,기타,맑음,단일로 - 기타,승용,여,69세,경상,승용,여,34세,중상
2023092700100266,2023년 9월 27일 11시,수요일,제주특별자치도 서귀포시 안덕면,중상사고,0,1,1,0,차대차 - 기타,직진우회전진행방해,건조,맑음,교차로 - 교차로안,승용,남,67세,경상,화물,남,53세,중상
2023092700100267,2023년 9월 27일 11시,수요일,제주특별자치도 서귀포시 남원읍,경상사고,0,0,1,0,차대차 - 추돌,안전운전불이행,건조,맑음,단일로 - 기타,화물,남,66세,상해없음,승용,여,66세,경상
2023092700100399,2023년 9월 27일 14시,수요일,제주특별자치도 제주시 이도이동,경상사고,0,0,1,0,차대사람 - 횡단중,보행자보호의무위반,건조,맑음,교차로 - 교차로횡단보도내,승용,여,57세,상해없음,보행자,남,9세,경상
2023092700100400,2023년 9월 27일 14시,수요일,제주특별자치도 제주시 노형동,부상신고사고,0,0,0,1,차대차 - 측면충돌,안전운전불이행,건조,맑음,단일로 - 기타,승용,남,43세,상해없음,자전거,여,64세,부상신고
2023092700100453,2023년 9월 27일 15시,수요일,제주특별자치도 제주시 아라이동,경상사고,0,0,1,0,차대차 - 추돌,직진우회전진행방해,건조,맑음,교차로 - 교차로안,승용,여,35세,상해없음,자전거,남,15세,경상
2023092700100573,2023년 9월 27일 17시,수요일,제주특별자치도 제주시 오라이동,경상사고,0,0,1,0,차대차 - 기타,안전운전불이행,건조,맑음,교차로 - 교차로안,승용,여,44세,상해없음,승합,남,46세,상해없음
2023092700100634,2023년 9월 27일 18시,수요일,제주특별자치도 제주시 노형동,경상사고,0,0,1,0,차대차 - 기타,교차로운행방법위반,건조,맑음,교차로 - 교차로안,승용,남,65세,상해없음,승용,남,37세,경상
2023092800100077,2023년 9월 28일 08시,목요일,제주특별자치도 서귀포시 동홍동,경상사고,0,0,1,0,차대사람 - 기타,안전운전불이행,건조,맑음,주차장 - 주차장,승용,여,76세,상해없음,보행자,여,78세,경상
2023092800100330,2023년 9월 28일 16시,목요일,제주특별자치도 제주시 일도이동,부상신고사고,0,0,0,1,차대차 - 추돌,안전운전불이행,건조,맑음,주차장 - 주차장,승용,남,43세,상해없음,화물,여,31세,부상신고
2023092800100352,2023년 9월 28일 17시,목요일,제주특별자치도 제주시 애월읍,부상신고사고,0,0,0,1,차대차 - 측면충돌,안전운전불이행,건조,맑음,단일로 - 기타,승용,남,44세,상해없음,이륜,남,22세,부상신고
2023092800100375,2023년 9월 28일 18시,목요일,제주특별자치도 제주시 건입동,부상신고사고,0,0,0,1,차대차 - 기타,안전운전불이행,건조,맑음,교차로 - 교차로안,자전거,남,18세,부상신고,승용,여,56세,상해없음
2023092800100421,2023년 9월 28일 20시,목요일,제주특별자치도 서귀포시 대정읍,경상사고,0,0,1,0,차대사람 - 보도통행중,안전운전불이행,건조,맑음,단일로 - 기타,승용,남,56세,상해없음,보행자,남,60세,경상
2023092800100422,2023년 9월 28일 20시,목요일,제주특별자치도 서귀포시 대정읍,중상사고,0,1,0,0,차대차 - 추돌,안전운전불이행,건조,맑음,교차로 - 교차로부근,승합,남,44세,상해없음,자전거,남,16세,중상
2023092800100423,2023년 9월 28일 20시,목요일,제주특별자치도 제주시 노형동,경상사고,0,0,1,0,차대차 - 기타,기타,건조,맑음,단일로 - 기타,이륜,남,29세,경상,승용,남,50세,상해없음
2023092800100465,2023년 9월 28일 22시,목요일,제주특별자치도 제주시 일도이동,중상사고,0,1,0,0,차대사람 - 보도통행중,안전운전불이행,건조,기타,기타 - 기타,개인형이동수단(PM),남,43세,상해없음,보행자,여,52세,중상
2023092900100008,2023년 9월 29일 00시,금요일,제주특별자치도 제주시 노형동,경상사고,0,0,1,0,차대사람 - 횡단중,신호위반,건조,맑음,단일로 - 기타,승용,남,75세,상해없음,보행자,남,48세,경상
2023092900100022,2023년 9월 29일 03시,금요일,제주특별자치도 서귀포시 회수동,부상신고사고,0,0,0,1,차량단독 - 공작물충돌,안전운전불이행,건조,기타,단일로 - 기타,승용,남,66세,부상신고,,,,
2023092900100211,2023년 9월 29일 16시,금요일,제주특별자치도 제주시 봉개동,중상사고,0,1,0,0,차대사람 - 기타,안전운전불이행,건조,맑음,기타 - 기타,화물,여,54세,상해없음,보행자,여,83세,중상
2023092900100212,2023년 9월 29일 16시,금요일,제주특별자치도 서귀포시 표선면,경상사고,0,0,1,0,차량단독 - 공작물충돌,안전운전불이행,건조,맑음,교차로 - 교차로부근,기타불명,여,79세,경상,,,,
2023092900100260,2023년 9월 29일 18시,금요일,제주특별자치도 제주시 용담일동,경상사고,0,0,1,1,차대사람 - 보도통행중,보행자보호의무위반,건조,기타,교차로 - 교차로부근,이륜,남,46세,부상신고,보행자,여,63세,경상
2023092900100286,2023년 9월 29일 19시,금요일,제주특별자치도 제주시 노형동,경상사고,0,0,2,0,차대사람 - 횡단중,보행자보호의무위반,건조,맑음,교차로 - 교차로안,승용,남,51세,상해없음,보행자,남,23세,경상
2023093000100036,2023년 9월 30일 06시,토요일,제주특별자치도 제주시 노형동,중상사고,0,1,1,0,차대차 - 추돌,안전거리미확보,건조,맑음,단일로 - 기타,승용,남,59세,상해없음,승용,여,51세,중상
2023093000100043,2023년 9월 30일 07시,토요일,제주특별자치도 제주시 이도이동,중상사고,0,2,1,0,차대차 - 정면충돌,직진우회전진행방해,젖음/습기,흐림,교차로 - 교차로안,승용,여,55세,경상,화물,남,76세,중상
2023093000100096,2023년 9월 30일 11시,토요일,제주특별자치도 제주시 노형동,중상사고,0,1,1,0,차대사람 - 횡단중,안전운전불이행,건조,맑음,교차로 - 교차로횡단보도내,승용,남,43세,상해없음,보행자,여,48세,중상
2023093000100143,2023년 9월 30일 13시,토요일,제주특별자치도 서귀포시 성산읍,경상사고,0,0,2,0,차대차 - 추돌,안전운전불이행,건조,맑음,교차로 - 교차로부근,승용,남,36세,상해없음,승용,남,65세,경상
2023093000100206,2023년 9월 30일 15시,토요일,제주특별자치도 제주시 구좌읍,중상사고,0,1,0,0,차대사람 - 기타,안전운전불이행,건조,맑음,단일로 - 기타,승용,여,46세,상해없음,보행자,남,10세,중상
2023093000100207,2023년 9월 30일 15시,토요일,제주특별자치도 서귀포시 서귀동,경상사고,0,0,1,1,차대차 - 기타,직진우회전진행방해,건조,흐림,교차로 - 교차로안,원동기,남,30세,부상신고,승용,남,43세,경상
2023093000100239,2023년 9월 30일 16시,토요일,제주특별자치도 서귀포시 강정동,중상사고,0,1,4,0,차대차 - 추돌,안전운전불이행,건조,맑음,단일로 - 기타,승용,남,74세,중상,승용,남,38세,경상
2023093000100296,2023년 9월 30일 18시,토요일,제주특별자치도 서귀포시 남원읍,부상신고사고,0,0,0,4,차대차 - 측면충돌,차로위반,건조,맑음,교차로 - 교차로안,승합,남,62세,상해없음,승용,여,30세,부상신고
2023093000100322,2023년 9월 30일 19시,토요일,제주특별자치도 제주시 구좌읍,경상사고,0,0,1,0,차대차 - 추돌,안전운전불이행,건조,맑음,교차로 - 교차로부근,승용,남,28세,상해없음,이륜,여,38세,경상