사고번호,사고일시,요일,시군구,사고내용,사망자수,중상자수,경상자수,부상신고자수,사고유형,법규위반,노면상태,기상상태,도로형태,가해운전자 차종,가해운전자 성별,가해운전자 연령,가해운전자 상해정도,피해운전자 차종,피해운전자 성별,피해운전자 연령,피해운전자 상해정도
2023103000100232,2023년 10월 30일 12시,월요일,제주특별자치도 제주시 조천읍,경상사고,0,0,1,0,차대차 - 측면충돌,신호위반,건조,맑음,교차로 - 교차로안,승용,남,33세,기타불명,승용,여,46세,경상
2023103000100233,2023년 10월 30일 12시,월요일,제주특별자치도 제주시 일도이동,부상신고사고,0,0,0,1,차대차 - 측면충돌,기타,기타,맑음,교차로 - 교차로안,이륜,남,49세,부상신고,승용,남,55세,상해없음
2023103000100265,2023년 10월 30일 13시,월요일,제주특별자치도 제주시 애월읍,경상사고,0,0,2,0,차대차 - 추돌,안전운전불이행,건조,맑음,교차로 - 교차로부근,승용,남,32세,상해없음,승용,여,53세,경상
2023103000100300,2023년 10월 30일 14시,월요일,제주특별자치도 제주시 애월읍,중상사고,0,1,0,0,차대사람 - 기타,안전운전불이행,건조,맑음,단일로 - 기타,승용,여,53세,상해없음,보행자,남,67세,중상
2023103000100422,2023년 10월 30일 17시,월요일,제주특별자치도 서귀포시 대정읍,경상사고,0,0,1,0,차량단독 - 기타,안전운전불이행,건조,맑음,단일로 - 기타,이륜,남,22세,경상,,,,
2023103000100423,2023년 10월 30일 17시,월요일,제주특별자치도 제주시 연동,경상사고,0,0,2,0,차대차 - 기타,안전거리미확보,건조,맑음,단일로 - 기타,승합,남,53세,상해없음,승용,남,61세,경상
2023103000100469,2023년 10월 30일 18시,월요일,제주특별자치도 제주시 연동,경상사고,0,0,1,0,차대사람 - 횡단중,보행자보호의무위반,젖음/습기,기타,교차로 - 교차로부근,승용,여,54세,상해없음,보행자,여,65세,경상
2023103000100545,2023년 10월 30일 20시,월요일,제주특별자치도 서귀포시 동홍동,경상사고,0,0,1,0,차대차 - 기타,안전운전불이행,건조,맑음,교차로 - 교차로부근,화물,남,59세,상해없음,이륜,남,46세,경상
2023103100100035,2023년 10월 31일 03시,화요일,제주특별자치도 서귀포시 대정읍,경상사고,0,0,1,0,차대차 - 추돌,안전운전불이행,건조,맑음,단일로 - 기타,승용,여,42세,상해없음,승용,기타불명,미분류,기타불명
2023103100100086,2023년 10월 31일 07시,화요일,제주특별자치도 제주시 연동,경상사고,0,0,1,0,차대차 - 추돌,교차로운행방법위반,건조,맑음,교차로 - 교차로안,승용,남,65세,상해없음,승용,남,76세,경상
2023103100100118,2023년 10월 31일 08시,화요일,제주특별자치도 제주시 도련일동,경상사고,0,0,1,0,차대사람 - 횡단중,보행자보호의무위반,건조,맑음,교차로 - 교차로안,승용,여,45세,상해없음,보행자,여,28세,경상
2023103100100119,2023년 10월 31일 08시,화요일,제주특별자치도 서귀포시 서홍동,경상사고,0,0,1,0,차대차 - 추돌,안전거리미확보,건조,맑음,단일로 - 기타,승용,남,33세,상해없음,승용,여,58세,경상
2023103100100120,2023년 10월 31일 08시,화요일,제주특별자치도 제주시 용담이동,경상사고,0,0,3,0,차대차 - 기타,안전거리미확보,건조,맑음,단일로 - 기타,승합,남,45세,상해없음,승용,여,40세,경상
2023103100100121,2023년 10월 31일 08시,화요일,제주특별자치도 제주시 해안동,경상사고,0,0,2,0,차대차 - 측면충돌,안전거리미확보,건조,맑음,단일로 - 기타,승용,여,54세,경상,승용,남,30세,경상
2023103100100198,2023년 10월 31일 10시,화요일,제주특별자치도 서귀포시 동홍동,경상사고,0,0,1,0,차대차 - 추돌,안전운전불이행,건조,맑음,교차로 - 교차로부근,승용,남,47세,상해없음,승용,여,41세,경상
2023103100100261,2023년 10월 31일 12시,화요일,제주특별자치도 제주시 한림읍,중상사고,0,1,0,0,차대차 - 기타,안전운전불이행,건조,맑음,단일로 - 기타,건설기계,남,52세,상해없음,농기계,남,72세,중상
2023103100100293,2023년 10월 31일 13시,화요일,제주특별자치도 제주시 용담일동,경상사고,0,0,1,0,차대차 - 추돌,안전거리미확보,기타,기타,교차로 - 교차로부근,승용,남,67세,상해없음,승용,여,28세,경상
2023103100100294,2023년 10월 31일 13시,화요일,제주특별자치도 제주시 이도이동,경상사고,0,0,1,0,차대사람 - 기타,기타,건조,맑음,단일로 - 기타,개인형이동수단(PM),남,19세,상해없음,보행자,남,36세,경상
2023103100100295,2023년 10월 31일 13시,화요일,제주특별자치도 제주시 이호일동,중상사고,0,1,0,0,차대사람 - 기타,안전운전불이행,건조,맑음,주차장 - 주차장,승용,여,36세,상해없음,보행자,남,67세,중상
2023103100100329,2023년 10월 31일 14시,화요일,제주특별자치도 제주시 일도이동,경상사고,0,0,1,0,차대사람 - 보도통행중,보행자보호의무위반,건조,맑음,단일로 - 기타,승용,여,36세,상해없음,보행자,남,9세,경상
2023103100100400,2023년 10월 31일 16시,화요일,제주특별자치도 제주시 애월읍,경상사고,0,0,1,0,차대차 - 기타,안전운전불이행,건조,맑음,단일로 - 기타,화물,남,71세,상해없음,승용,남,53세,경상
2023103100100600,2023년 10월 31일 20시,화요일,제주특별자치도 제주시 화북이동,중상사고,0,1,1,0,차대차 - 정면충돌,신호위반,건조,기타,교차로 - 교차로부근,화물,남,26세,중상,승용,여,47세,경상
2023110100100020,2023년 11월 1일 03시,수요일,제주특별자치도 서귀포시 서귀동,경상사고,0,0,2,1,차대차 - 측면충돌,직진우회전진행방해,건조,맑음,교차로 - 교차로안,승용,여,51세,부상신고,승용,여,25세,경상
2023110100100260,2023년 11월 1일 12시,수요일,제주특별자치도 제주시 아라이동,경상사고,0,0,1,0,차대사람 - 횡단중,보행자보호의무위반,건조,맑음,교차로 - 교차로횡단보도내,화물,남,32세,상해없음,보행자,남,59세,경상
2023110100100261,2023년 11월 1일 12시,수요일,제주특별자치도 제주시 노형동,경상사고,0,0,1,0,차대차 - 측면충돌,안전운전불이행,건조,맑음,교차로 - 교차로부근,자전거,여,18세,경상,승용,여,59세,상해없음
2023110100100285,2023년 11월 1일 13시,수요일,제주특별자치도 제주시 조천읍,경상사고,0,0,1,0,차대차 - 정면충돌,교차로운행방법위반,건조,맑음,교차로 - 교차로안,승용,남,52세,상해없음,승용,여,34세,경상
2023110100100341,2023년 11월 1일 15시,수요일,제주특별자치도 서귀포시 대정읍,부상신고사고,0,0,0,2,차대차 - 측면충돌,직진우회전진행방해,건조,맑음,교차로 - 교차로안,승용,남,63세,부상신고,승용,여,66세,부상신고
2023110100100342,2023년 11월 1일 15시,수요일,제주특별자치도 제주시 노형동,경상사고,0,0,2,0,차대차 - 측면충돌,직진우회전진행방해,건조,맑음,교차로 - 교차로안,승용,여,63세,경상,승용,남,30세,경상
2023110100100343,2023년 11월 1일 15시,수요일,제주특별자치도 제주시 외도일동,부상신고사고,0,0,0,1,차대사람 - 기타,기타,건조,맑음,단일로 - 기타,승합,남,57세,상해없음,보행자,여,78세,부상신고
2023110100100412,2023년 11월 1일 17시,수요일,제주특별자치도 제주시 삼도일동,경상사고,0,0,1,0,차대차 - 측면충돌,안전운전불이행,건조,맑음,단일로 - 기타,승용,여,60세,상해없음,이륜,남,50세,경상
2023110100100413,2023년 11월 1일 17시,수요일,제주특별자치도 서귀포시 성산읍,부상신고사고,0,0,0,1,차대차 - 기타,안전운전불이행,건조,맑음,단일로 - 기타,승용,여,39세,상해없음,자전거,남,59세,부상신고
2023110100100465,2023년 11월 1일 18시,수요일,제주특별자치도 제주시 연동,경상사고,0,0,1,0,차대차 - 측면충돌,안전거리미확보,건조,맑음,교차로 - 교차로안,승용,여,20세,상해없음,승합,남,50세,경상
2023110100100533,2023년 11월 1일 20시,수요일,제주특별자치도 제주시 도남동,부상신고사고,0,0,0,2,차대차 - 기타,안전운전불이행,건조,맑음,기타 - 기타,승합,남,57세,상해없음,승용,남,34세,부상신고
2023110200100016,2023년 11월 2일 01시,목요일,제주특별자치도 서귀포시 토평동,부상신고사고,0,0,0,1,차량단독 - 전도전복 - 전도,안전운전불이행,건조,맑음,단일로 - 기타,승용,남,30세,부상신고,,,,
2023110200100125,2023년 11월 2일 08시,목요일,제주특별자치도 제주시 화북이동,중상사고,0,1,0,0,차대차 - 측면충돌,안전거리미확보,건조,맑음,단일로 - 기타,화물,남,47세,상해없음,승용,여,63세,중상
2023110200100195,2023년 11월 2일 10시,목요일,제주특별자치도 제주시 삼도일동,경상사고,0,0,2,0,차대차 - 측면충돌,교차로운행방법위반,기타,기타,교차로 - 교차로안,승용,남,55세,경상,승용,남,66세,경상
2023110200100263,2023년 11월 2일 12시,목요일,제주특별자치도 서귀포시 서호동,중상사고,0,1,0,0,차대차 - 기타,기타,건조,맑음,교차로 - 교차로안,승용,여,52세,상해없음,승용,여,47세,중상
2023110200100678,2023년 11월 2일 22시,목요일,제주특별자치도 제주시 한림읍,경상사고,0,0,4,0,차대차 - 측면충돌,안전운전불이행,건조,맑음,기타 - 기타,승용,남,37세,경상,승용,남,44세,경상
2023110300100021,2023년 11월 3일 02시,금요일,제주특별자치도 제주시 애월읍,사망사고,1,0,0,0,차량단독 - 기타,안전운전불이행,건조,맑음,단일로 - 기타,이륜,남,53세,사망,,,,
2023110300100198,2023년 11월 3일 10시,금요일,제주특별자치도 제주시 이도이동,경상사고,0,0,1,0,차대차 - 측면충돌,안전운전불이행,건조,맑음,교차로 - 교차로안,이륜,남,64세,경상,승용,여,36세,상해없음
2023110300100199,2023년 11월 3일 10시,금요일,제주특별자치도 서귀포시 서홍동,경상사고,0,0,1,0,차대차 - 측면충돌,안전거리미확보,건조,맑음,단일로 - 기타,승용,남,66세,상해없음,승용,여,42세,경상
2023110300100200,2023년 11월 3일 10시,금요일,제주특별자치도 제주시 한경면,경상사고,0,0,1,0,차대차 - 추돌,안전운전불이행,건조,맑음,교차로 - 교차로부근,승용,남,42세,상해없음,화물,남,67세,경상
2023110300100221,2023년 11월 3일 11시,금요일,제주특별자치도 제주시 연동,경상사고,0,0,1,0,차대사람 - 기타,안전운전불이행,건조,맑음,단일로 - 기타,승용,여,48세,상해없음,보행자,여,30세,경상
2023110300100258,2023년 11월 3일 12시,금요일,제주특별자치도 제주시 삼도일동,중상사고,0,1,0,0,차대사람 - 기타,안전운전불이행,건조,맑음,단일로 - 기타,승합,남,57세,상해없음,보행자,여,76세,중상
2023110300100259,2023년 11월 3일 12시,금요일,제주특별자치도 제주시 삼도일동,경상사고,0,0,1,0,차대차 - 기타,안전운전불이행,건조,맑음,교차로 - 교차로부근,승용,여,57세,상해없음,승합,남,60세,상해없음
2023110300100366,2023년 11월 3일 15시,금요일,제주특별자치도 서귀포시 동홍동,중상사고,0,1,3,1,차대차 - 측면충돌,직진우회전진행방해,건조,맑음,교차로 - 교차로안,승용,남,69세,상해없음,승합,남,67세,경상
2023110300100367,2023년 11월 3일 15시,금요일,제주특별자치도 제주시 외도일동,경상사고,0,0,3,0,차대차 - 측면충돌,직진우회전진행방해,건조,맑음,교차로 - 교차로안,승용,여,27세,경상,승용,여,36세,경상
2023110300100463,2023년 11월 3일 17시,금요일,제주특별자치도 서귀포시 대정읍,부상신고사고,0,0,0,1,차대차 - 측면충돌,기타,건조,맑음,기타 - 기타,화물,남,63세,상해없음,승용,남,63세,상해없음
2023110300100529,2023년 11월 3일 18시,금요일,제주특별자치도 제주시 일도이동,중상사고,0,1,0,0,차대차 - 기타,안전운전불이행,건조,맑음,단일로 - 기타,이륜,남,39세,기타불명,이륜,남,33세,중상
2023110300100579,2023년 11월 3일 19시,금요일,제주특별자치도 서귀포시 강정동,중상사고,0,1,0,0,차대차 - 측면충돌,직진우회전진행방해,건조,기타,교차로 - 교차로안,승용,여,36세,상해없음,원동기,남,64세,중상
2023110400100006,2023년 11월 4일 00시,토요일,제주특별자치도 제주시 애월읍,경상사고,0,0,1,0,차대차 - 기타,신호위반,건조,맑음,교차로 - 교차로안,승합,남,55세,상해없음,승용,남,23세,경상
2023110400100060,2023년 11월 4일 06시,토요일,제주특별자치도 제주시 도남동,경상사고,0,0,1,0,차대차 - 기타,중앙선침범,건조,맑음,단일로 - 기타,화물,남,49세,상해없음,승용,여,48세,경상
2023110400100142,2023년 11월 4일 10시,토요일,제주특별자치도 제주시 용담이동,경상사고,0,0,2,0,차대차 - 추돌,안전운전불이행,건조,맑음,단일로 - 기타,화물,남,68세,상해없음,승용,남,63세,경상
2023110400100172,2023년 11월 4일 11시,토요일,제주특별자치도 제주시 삼도이동,경상사고,0,0,1,0,차대차 - 측면충돌,안전거리미확보,건조,맑음,단일로 - 기타,승용,여,24세,상해없음,이륜,남,25세,경상
2023110400100210,2023년 11월 4일 12시,토요일,제주특별자치도 제주시 이도이동,경상사고,0,0,1,0,차대사람 - 차도통행중,안전운전불이행,건조,맑음,단일로 - 기타,승용,남,39세,상해없음,보행자,여,11세,경상
2023110400100358,2023년 11월 4일 16시,토요일,제주특별자치도 서귀포시 토평동,경상사고,0,0,2,0,차량단독 - 기타,안전운전불이행,건조,맑음,단일로 - 기타,승용,남,80세,경상,,,,
2023110400100451,2023년 11월 4일 18시,토요일,제주특별자치도 서귀포시 동홍동,경상사고,0,0,1,0,차대차 - 측면충돌,안전거리미확보,건조,맑음,교차로 - 교차로부근,승용,여,48세,상해없음,승용,여,56세,경상
2023110400100571,2023년 11월 4일 23시,토요일,제주특별자치도 제주시 일도이동,경상사고,0,0,2,0,차대차 - 측면충돌,안전운전불이행,건조,맑음,교차로 - 교차로부근,승용,남,48세,상해없음,승용,남,47세,경상
2023110500100011,2023년 11월 5일 00시,일요일,제주특별자치도 제주시 화북일동,중상사고,0,2,0,0,차대차 - 정면충돌,기타,건조,기타,교차로 - 교차로안,이륜,남,18세,중상,승용,남,43세,상해없음
2023110500100031,2023년 11월 5일 01시,일요일,제주특별자치도 제주시 애월읍,경상사고,0,0,1,0,차량단독 - 공작물충돌,안전운전불이행,건조,맑음,단일로 - 기타,이륜,남,16세,경상,,,,
2023110500100092,2023년 11월 5일 09시,일요일,제주특별자치도 제주시 건입동,경상사고,0,0,1,0,차대사람 - 횡단중,보행자보호의무위반,건조,맑음,교차로 - 교차로횡단보도내,승용,여,36세,상해없음,보행자,남,77세,경상
2023110500100118,2023년 11월 5일 10시,일요일,제주특별자치도 서귀포시 대정읍,중상사고,0,1,0,0,차량단독 - 기타,안전운전불이행,건조,맑음,단일로 - 기타,승용,여,68세,중상,,,,
2023110500100184,2023년 11월 5일 13시,일요일,제주특별자치도 서귀포시 남원읍,경상사고,0,0,2,0,차대차 - 정면충돌,중앙선침범,건조,맑음,단일로 - 기타,승용,여,35세,경상,승용,남,55세,경상
2023110500100219,2023년 11월 5일 14시,일요일,제주특별자치도 제주시 용강동,경상사고,0,0,2,0,차대차 - 기타,직진우회전진행방해,젖음/습기,비,교차로 - 교차로안,화물,남,28세,상해없음,화물,남,66세,경상
2023110500100220,2023년 11월 5일 14시,일요일,제주특별자치도 제주시 일도일동,경상사고,0,0,1,0,차대차 - 기타,직진우회전진행방해,젖음/습기,맑음,교차로 - 교차로안,승용,남,32세,상해없음,승용,여,63세,경상
2023110500100221,2023년 11월 5일 14시,일요일,제주특별자치도 제주시 애월읍,경상사고,0,0,1,0,차대차 - 측면충돌,중앙선침범,건조,맑음,단일로 - 기타,이륜,남,22세,경상,승용,여,33세,상해없음
2023110500100222,2023년 11월 5일 14시,일요일,제주특별자치도 제주시 연동,경상사고,0,0,2,0,차대차 - 후진중충돌,안전운전불이행,건조,맑음,단일로 - 기타,승용,여,37세,기타불명,승합,남,34세,경상
2023110500100247,2023년 11월 5일 15시,일요일,제주특별자치도 서귀포시 안덕면,경상사고,0,0,2,0,차대차 - 추돌,안전운전불이행,건조,맑음,단일로 - 기타,승합,남,53세,상해없음,승용,여,20세,경상
2023110500100301,2023년 11월 5일 17시,일요일,제주특별자치도 서귀포시 성산읍,경상사고,0,0,5,0,차대차 - 기타,차로위반,건조,맑음,교차로 - 교차로부근,화물,남,76세,상해없음,승용,남,32세,경상
2023110600100031,2023년 11월 6일 04시,월요일,제주특별자치도 제주시 건입동,경상사고,0,0,1,0,차대사람 - 횡단중,보행자보호의무위반,건조,맑음,미분류 - 미분류,승용,남,64세,상해없음,보행자,여,21세,경상
2023110600100191,2023년 11월 6일 09시,월요일,제주특별자치도 제주시 애월읍,경상사고,0,0,1,0,차대차 - 측면충돌,직진우회전진행방해,건조,맑음,교차로 - 교차로안,화물,여,62세,상해없음,승용,여,64세,경상
2023110600100249,2023년 11월 6일 11시,월요일,제주특별자치도 서귀포시 대정읍,경상사고,0,0,1,0,차대사람 - 기타,안전운전불이행,건조,맑음,주차장 - 주차장,원동기,여,85세,상해없음,보행자,여,65세,경상
2023110600100269,2023년 11월 6일 12시,월요일,제주특별자치도 서귀포시 동홍동,경상사고,0,0,1,0,차대차 - 기타,안전운전불이행,건조,맑음,교차로 - 교차로안,승용,남,69세,상해없음,승합,남,57세,상해없음
2023110600100398,2023년 11월 6일 16시,월요일,제주특별자치도 제주시 봉개동,경상사고,0,0,1,0,차대차 - 정면충돌,중앙선침범,건조,흐림,단일로 - 기타,승용,여,25세,상해없음,승용,남,62세,경상
2023110600100399,2023년 11월 6일 16시,월요일,제주특별자치도 서귀포시 서귀동,경상사고,0,0,1,0,차대사람 - 보도통행중,보행자보호의무위반,건조,맑음,교차로 - 교차로횡단보도내,승용,여,64세,상해없음,보행자,남,22세,경상
2023110600100445,2023년 11월 6일 17시,월요일,제주특별자치도 서귀포시 표선면,경상사고,0,0,1,0,차대차 - 기타,직진우회전진행방해,건조,맑음,교차로 - 교차로안,승용,남,59세,상해없음,이륜,남,52세,경상
2023110600100506,2023년 11월 6일 18시,월요일,제주특별자치도 제주시 한림읍,경상사고,0,0,1,0,차대차 - 기타,안전거리미확보,건조,맑음,단일로 - 기타,승용,남,60세,상해없음,승용,여,41세,경상
2023110600100559,2023년 11월 6일 19시,월요일,제주특별자치도 서귀포시 서귀동,부상신고사고,0,0,0,1,차대사람 - 기타,안전운전불이행,건조,맑음,단일로 - 기타,화물,남,63세,상해없음,보행자,남,54세,부상신고
2023110700100048,2023년 11월 7일 06시,화요일,제주특별자치도 제주시 용담이동,부상신고사고,0,0,0,2,차대차 - 추돌,안전거리미확보,건조,맑음,단일로 - 기타,승용,남,44세,상해없음,승용,여,42세,부상신고
2023110700100072,2023년 11월 7일 07시,화요일,제주특별자치도 서귀포시 안덕면,중상사고,0,1,0,0,차량단독 - 기타,안전운전불이행,건조,맑음,단일로 - 기타,승합,남,53세,상해없음,,,,
2023110700100125,2023년 11월 7일 08시,화요일,제주특별자치도 서귀포시 서홍동,경상사고,0,0,2,0,차대차 - 정면충돌,기타,건조,맑음,교차로 - 교차로안,승용,여,25세,경상,승용,남,72세,상해없음
2023110700100161,2023년 11월 7일 09시,화요일,제주특별자치도 제주시 삼도이동,부상신고사고,0,0,0,1,차량단독 - 공작물충돌,안전운전불이행,건조,맑음,주차장 - 주차장,자전거,여,63세,부상신고,,,,
2023110700100203,2023년 11월 7일 10시,화요일,제주특별자치도 제주시 구좌읍,중상사고,0,1,1,0,차대차 - 측면충돌,교차로운행방법위반,기타,기타,교차로 - 교차로안,승용,여,34세,상해없음,이륜,여,40세,중상
2023110700100249,2023년 11월 7일 11시,화요일,제주특별자치도 제주시 도평동,중상사고,0,1,1,0,차대차 - 측면충돌,신호위반,건조,맑음,교차로 - 교차로부근,승용,남,58세,경상,승용,남,50세,중상
2023110700100289,2023년 11월 7일 12시,화요일,제주특별자치도 제주시 연동,중상사고,0,1,1,0,차대차 - 기타,직진우회전진행방해,건조,맑음,교차로 - 교차로안,승용,여,62세,경상,승용,여,39세,중상
2023110700100363,2023년 11월 7일 14시,화요일,제주특별자치도 서귀포시 성산읍,중상사고,0,1,0,0,차대차 - 기타,안전거리미확보,건조,맑음,교차로 - 교차로안,승용,남,67세,상해없음,이륜,여,79세,중상
2023110700100445,2023년 11월 7일 16시,화요일,제주특별자치도 제주시 오라이동,중상사고,0,2,0,0,차대차 - 정면충돌,교차로운행방법위반,건조,맑음,교차로 - 교차로안,화물,남,45세,상해없음,이륜,남,49세,중상
2023110700100446,2023년 11월 7일 16시,화요일,제주특별자치도 제주시 연동,중상사고,0,2,0,0,차대사람 - 횡단중,보행자보호의무위반,건조,맑음,단일로 - 기타,승용,여,34세,상해없음,보행자,여,11세,중상
2023110700100500,2023년 11월 7일 17시,화요일,제주특별자치도 제주시 일도이동,경상사고,0,0,1,0,차대차 - 정면충돌,안전운전불이행,건조,맑음,교차로 - 교차로안,승용,남,69세,상해없음,이륜,남,42세,경상
2023110700100557,2023년 11월 7일 18시,화요일,제주특별자치도 제주시 도남동,경상사고,0,0,1,0,차대차 - 정면충돌,교차로운행방법위반,기타,기타,교차로 - 교차로안,승용,여,55세,기타불명,이륜,남,56세,경상
2023110700100558,2023년 11월 7일 18시,화요일,제주특별자치도 제주시 노형동,경상사고,0,0,1,0,차대사람 - 길가장자리구역통행중,안전운전불이행,건조,맑음,단일로 - 기타,승용,여,31세,상해없음,보행자,여,37세,경상
2023110700100559,2023년 11월 7일 18시,화요일,제주특별자치도 제주시 연동,경상사고,0,0,2,0,차대차 - 측면충돌,안전운전불이행,건조,맑음,기타 - 기타,승용,남,30세,상해없음,승용,남,54세,경상
2023110700100560,2023년 11월 7일 18시,화요일,제주특별자치도 제주시 외도일동,경상사고,0,0,3,0,차대차 - 측면충돌,직진우회전진행방해,건조,맑음,교차로 - 교차로안,승용,남,22세,경상,승용,남,45세,경상
2023110700100601,2023년 11월 7일 19시,화요일,제주특별자치도 제주시 삼도일동,경상사고,0,0,4,0,차대차 - 측면충돌,신호위반,기타,기타,교차로 - 교차로안,승용,남,38세,경상,승용,여,23세,경상
2023110700100602,2023년 11월 7일 19시,화요일,제주특별자치도 서귀포시 서호동,경상사고,0,0,1,0,차대사람 - 횡단중,보행자보호의무위반,건조,맑음,교차로 - 교차로횡단보도내,승용,남,53세,상해없음,보행자,여,29세,경상
2023110800100070,2023년 11월 8일 07시,수요일,제주특별자치도 제주시 내도동,경상사고,0,0,1,0,차대사람 - 횡단중,보행자보호의무위반,건조,맑음,단일로 - 기타,승용,남,52세,상해없음,보행자,남,15세,경상
2023110800100119,2023년 11월 8일 08시,수요일,제주특별자치도 제주시 해안동,경상사고,0,0,1,0,차대차 - 추돌,안전거리미확보,건조,맑음,기타 - 기타,승용,여,63세,상해없음,건설기계,남,53세,경상
2023110800100159,2023년 11월 8일 09시,수요일,제주특별자치도 제주시 도련이동,경상사고,0,0,1,0,차대차 - 측면충돌,안전거리미확보,건조,맑음,단일로 - 기타,승용,남,82세,상해없음,화물,남,33세,경상
2023110800100160,2023년 11월 8일 09시,수요일,제주특별자치도 서귀포시 안덕면,경상사고,0,0,1,0,차대차 - 기타,차로위반,건조,맑음,교차로 - 교차로안,화물,남,54세,상해없음,승합,남,54세,상해없음
2023110800100161,2023년 11월 8일 09시,수요일,제주특별자치도 제주시 노형동,중상사고,0,1,1,0,차대차 - 추돌,안전운전불이행,건조,맑음,교차로 - 교차로안,승용,남,20세,상해없음,승용,남,38세,경상
2023110800100162,2023년 11월 8일 09시,수요일,제주특별자치도 제주시 노형동,경상사고,0,0,1,0,차대차 - 후진중충돌,안전운전불이행,건조,맑음,단일로 - 기타,승용,여,51세,경상,승용,여,51세,상해없음
2023110800100231,2023년 11월 8일 11시,수요일,제주특별자치도 제주시 조천읍,경상사고,0,0,1,0,차대차 - 측면충돌,안전운전불이행,건조,맑음,단일로 - 기타,승용,남,66세,경상,승합,남,38세,상해없음
2023110800100232,2023년 11월 8일 11시,수요일,제주특별자치도 제주시 내도동,경상사고,0,0,1,0,차대차 - 추돌,안전운전불이행,건조,맑음,단일로 - 기타,화물,남,58세,상해없음,승용,여,43세,경상
2023110800100468,2023년 11월 8일 17시,수요일,제주특별자치도 제주시 이도이동,경상사고,0,0,1,0,차대차 - 측면충돌,직진우회전진행방해,건조,맑음,교차로 - 교차로안,승용,여,45세,상해없음,승용,여,40세,경상
2023110800100600,2023년 11월 8일 20시,수요일,제주특별자치도 제주시 용담이동,경상사고,0,0,1,0,차대차 - 측면충돌,안전운전불이행,건조,흐림,단일로 - 기타,승용,남,74세,상해없음,승용,여,27세,경상
2023110900100073,2023년 11월 9일 07시,목요일,제주특별자치도 제주시 화북이동,중상사고,0,1,0,0,차대차 - 기타,신호위반,건조,맑음,교차로 - 교차로안,승용,남,59세,상해없음,승용,남,34세,중상
2023110900100113,2023년 11월 9일 08시,목요일,제주특별자치도 제주시 화북이동,경상사고,0,0,1,0,차대사람 - 횡단중,안전운전불이행,건조,맑음,교차로 - 교차로안,화물,남,50세,상해없음,보행자,남,33세,경상
2023110900100150,2023년 11월 9일 09시,목요일,제주특별자치도 제주시 아라일동,경상사고,0,0,2,0,차대차 - 기타,안전운전불이행,건조,맑음,교차로 - 교차로안,승용,남,64세,상해없음,승용,여,38세,경상
2023110900100184,2023년 11월 9일 10시,목요일,제주특별자치도 제주시 노형동,중상사고,0,1,1,0,차대차 - 측면충돌,안전운전불이행,건조,맑음,교차로 - 교차로안,승용,남,28세,상해없음,승용,남,72세,경상
2023110900100274,2023년 11월 9일 13시,목요일,제주특별자치도 제주시 구좌읍,경상사고,0,0,1,0,차대차 - 측면충돌,안전거리미확보,건조,맑음,단일로 - 기타,화물,남,29세,상해없음,승용,여,54세,경상
2023110900100275,2023년 11월 9일 13시,목요일,제주특별자치도 서귀포시 안덕면,경상사고,0,0,1,0,차대사람 - 기타,안전운전불이행,건조,흐림,단일로 - 기타,승용,남,49세,기타불명,보행자,남,54세,경상
2023110900100276,2023년 11월 9일 13시,목요일,제주특별자치도 제주시 노형동,경상사고,0,0,1,0,차대차 - 측면충돌,안전거리미확보,건조,맑음,단일로 - 기타,승합,남,48세,상해없음,승용,남,27세,경상
2023110900100277,2023년 11월 9일 13시,목요일,제주특별자치도 제주시 외도일동,경상사고,0,0,1,0,차대사람 - 기타,안전운전불이행,건조,맑음,교차로 - 교차로안,승용,남,58세,상해없음,보행자,남,60세,경상
2023110900100341,2023년 11월 9일 15시,목요일,제주특별자치도 제주시 도남동,경상사고,0,0,2,0,차대차 - 추돌,안전운전불이행,젖음/습기,흐림,단일로 - 기타,승용,남,34세,상해없음,승용,여,57세,경상
2023110900100476,2023년 11월 9일 18시,목요일,제주특별자치도 제주시 일도일동,부상신고사고,0,0,0,1,차대사람 - 기타,안전운전불이행,건조,흐림,단일로 - 기타,승용,여,28세,상해없음,보행자,남,21세,부상신고
2023110900100525,2023년 11월 9일 19시,목요일,제주특별자치도 제주시 노형동,경상사고,0,0,1,0,차대차 - 후진중충돌,안전운전불이행,건조,맑음,단일로 - 기타,승용,남,54세,상해없음,이륜,남,35세,경상
2023110900100557,2023년 11월 9일 20시,목요일,제주특별자치도 서귀포시 서귀동,부상신고사고,0,0,0,1,차량단독 - 전도전복 - 전도,안전운전불이행,건조,맑음,단일로 - 기타,이륜,남,43세,부상신고,,,,
2023110900100581,2023년 11월 9일 21시,목요일,제주특별자치도 서귀포시 서귀동,중상사고,0,1,0,0,차대사람 - 횡단중,안전운전불이행,건조,맑음,단일로 - 기타,승용,남,60세,상해없음,보행자,여,48세,중상
2023110900100582,2023년 11월 9일 21시,목요일,제주특별자치도 제주시 노형동,중상사고,0,1,0,0,차대차 - 추돌,안전운전불이행,건조,맑음,교차로 - 교차로부근,승용,여,49세,상해없음,승용,남,59세,중상
2023110900100602,2023년 11월 9일 22시,목요일,제주특별자치도 서귀포시 서귀동,경상사고,0,0,1,0,차대차 - 추돌,안전운전불이행,젖음/습기,비,단일로 - 기타,이륜,남,22세,경상,이륜,남,53세,상해없음