사고번호,사고일시,요일,시군구,사고내용,사망자수,중상자수,경상자수,부상신고자수,사고유형,법규위반,노면상태,기상상태,도로형태,가해운전자 차종,가해운전자 성별,가해운전자 연령,가해운전자 상해정도,피해운전자 차종,피해운전자 성별,피해운전자 연령,피해운전자 상해정도
2023111900100394,2023년 11월 19일 19시,일요일,제주특별자치도 제주시 도련일동,경상사고,0,0,1,0,차대차 - 측면충돌,안전운전불이행,건조,맑음,교차로 - 교차로안,승용,남,49세,상해없음,승용,남,60세,경상
2023111900100458,2023년 11월 19일 23시,일요일,제주특별자치도 제주시 조천읍,중상사고,0,1,0,0,차량단독 - 전도전복 - 전도,안전운전불이행,기타,기타,기타 - 기타,이륜,남,19세,중상,,,,
2023112000100122,2023년 11월 20일 08시,월요일,제주특별자치도 제주시 애월읍,중상사고,0,1,1,0,차대차 - 측면충돌,직진우회전진행방해,건조,맑음,교차로 - 교차로안,승용,남,58세,중상,승용,여,57세,경상
2023112000100250,2023년 11월 20일 11시,월요일,제주특별자치도 서귀포시 남원읍,경상사고,0,0,2,1,차대차 - 추돌,안전운전불이행,건조,맑음,단일로 - 기타,승용,여,49세,부상신고,승용,남,67세,상해없음
2023112000100251,2023년 11월 20일 11시,월요일,제주특별자치도 제주시 연동,경상사고,0,0,1,0,차대차 - 측면충돌,직진우회전진행방해,건조,맑음,교차로 - 교차로안,승용,남,56세,상해없음,개인형이동수단(PM),남,51세,경상
2023112000100298,2023년 11월 20일 12시,월요일,제주특별자치도 제주시 화북일동,경상사고,0,0,1,0,차대차 - 측면충돌,안전거리미확보,건조,맑음,단일로 - 기타,승용,남,64세,상해없음,화물,남,57세,상해없음
2023112000100299,2023년 11월 20일 12시,월요일,제주특별자치도 제주시 노형동,중상사고,0,1,0,0,차대차 - 기타,안전운전불이행,건조,맑음,기타 - 기타,이륜,남,38세,상해없음,자전거,남,76세,중상
2023112000100374,2023년 11월 20일 14시,월요일,제주특별자치도 제주시 건입동,경상사고,0,0,1,0,차대차 - 기타,신호위반,건조,흐림,단일로 - 기타,승용,남,45세,상해없음,승용,여,75세,기타불명
2023112000100420,2023년 11월 20일 15시,월요일,제주특별자치도 제주시 도남동,경상사고,0,0,1,0,차대차 - 측면충돌,안전운전불이행,건조,맑음,교차로 - 교차로부근,승용,남,60세,상해없음,이륜,남,23세,경상
2023112000100464,2023년 11월 20일 16시,월요일,제주특별자치도 제주시 외도일동,경상사고,0,0,1,0,차대차 - 기타,직진우회전진행방해,건조,맑음,교차로 - 교차로안,승용,남,50세,상해없음,자전거,남,77세,경상
2023112000100503,2023년 11월 20일 17시,월요일,제주특별자치도 제주시 화북일동,경상사고,0,0,1,0,차대사람 - 차도통행중,안전운전불이행,건조,맑음,교차로 - 교차로안,승용,여,47세,상해없음,보행자,남,9세,경상
2023112000100504,2023년 11월 20일 17시,월요일,제주특별자치도 서귀포시 서홍동,경상사고,0,0,1,0,차대차 - 기타,안전운전불이행,건조,맑음,단일로 - 기타,화물,남,45세,상해없음,이륜,남,29세,경상
2023112000100545,2023년 11월 20일 18시,월요일,제주특별자치도 제주시 건입동,경상사고,0,0,1,0,차대차 - 측면충돌,교차로운행방법위반,건조,맑음,교차로 - 교차로부근,승용,여,67세,상해없음,승용,남,54세,상해없음
2023112000100641,2023년 11월 20일 21시,월요일,제주특별자치도 제주시 연동,경상사고,0,0,1,0,차대사람 - 기타,안전운전불이행,건조,맑음,단일로 - 기타,승용,여,49세,상해없음,보행자,남,35세,경상
2023112000100642,2023년 11월 20일 21시,월요일,제주특별자치도 제주시 연동,경상사고,0,0,1,0,차대차 - 측면충돌,직진우회전진행방해,건조,맑음,교차로 - 교차로안,이륜,남,37세,경상,승용,남,31세,상해없음
2023112100100041,2023년 11월 21일 05시,화요일,제주특별자치도 서귀포시 동홍동,경상사고,0,0,2,0,차대차 - 기타,안전운전불이행,건조,맑음,교차로 - 교차로안,승용,남,29세,경상,승용,남,59세,기타불명
2023112100100136,2023년 11월 21일 08시,화요일,제주특별자치도 제주시 오라일동,경상사고,0,0,1,0,차대차 - 측면충돌,신호위반,건조,맑음,단일로 - 기타,승용,남,49세,상해없음,승용,남,46세,경상
2023112100100137,2023년 11월 21일 08시,화요일,제주특별자치도 서귀포시 성산읍,경상사고,0,0,1,0,차대사람 - 차도통행중,안전운전불이행,건조,맑음,단일로 - 기타,승용,남,46세,상해없음,보행자,남,22세,경상
2023112100100177,2023년 11월 21일 09시,화요일,제주특별자치도 제주시 아라일동,경상사고,0,0,1,0,차대사람 - 횡단중,보행자보호의무위반,건조,맑음,교차로 - 교차로횡단보도내,승용,여,59세,상해없음,보행자,남,69세,경상
2023112100100354,2023년 11월 21일 14시,화요일,제주특별자치도 서귀포시 성산읍,경상사고,0,0,2,0,차대차 - 측면충돌,중앙선침범,건조,맑음,단일로 - 기타,승용,여,48세,상해없음,승용,남,34세,경상
2023112100100391,2023년 11월 21일 15시,화요일,제주특별자치도 서귀포시 대정읍,중상사고,0,1,0,0,차대사람 - 기타,안전운전불이행,건조,맑음,교차로 - 교차로안,승용,남,33세,상해없음,보행자,여,84세,중상
2023112100100502,2023년 11월 21일 17시,화요일,제주특별자치도 제주시 일도이동,중상사고,0,2,4,0,차대차 - 기타,안전거리미확보,건조,맑음,기타 - 기타,승합,여,45세,경상,승합,남,59세,경상
2023112100100559,2023년 11월 21일 18시,화요일,제주특별자치도 제주시 삼도이동,중상사고,0,1,0,0,차대차 - 측면충돌,신호위반,건조,맑음,교차로 - 교차로안,승용,여,27세,상해없음,승용,남,52세,중상
2023112100100560,2023년 11월 21일 18시,화요일,제주특별자치도 제주시 도남동,경상사고,0,0,1,0,차대차 - 추돌,안전운전불이행,건조,맑음,단일로 - 기타,승용,여,64세,상해없음,승용,남,34세,경상
2023112100100561,2023년 11월 21일 18시,화요일,제주특별자치도 제주시 노형동,중상사고,0,1,0,0,차대차 - 추돌,안전운전불이행,건조,맑음,단일로 - 기타,승용,여,20세,상해없음,승용,남,56세,중상
2023112100100609,2023년 11월 21일 19시,화요일,제주특별자치도 제주시 도련이동,경상사고,0,0,1,0,차대사람 - 횡단중,보행자보호의무위반,건조,맑음,교차로 - 교차로횡단보도내,승용,여,41세,상해없음,보행자,여,13세,경상
2023112100100658,2023년 11월 21일 21시,화요일,제주특별자치도 제주시 애월읍,경상사고,0,0,1,0,차대차 - 측면충돌,신호위반,건조,맑음,교차로 - 교차로안,승용,여,61세,상해없음,승용,남,45세,경상
2023112200100010,2023년 11월 22일 00시,수요일,제주특별자치도 서귀포시 표선면,중상사고,0,1,0,0,차량단독 - 전도전복 - 전복,안전운전불이행,건조,맑음,교차로 - 교차로안,승용,남,45세,중상,,,,
2023112200100011,2023년 11월 22일 00시,수요일,제주특별자치도 서귀포시 서홍동,부상신고사고,0,0,0,1,차량단독 - 공작물충돌,안전운전불이행,건조,맑음,단일로 - 기타,승용,여,26세,부상신고,,,,
2023112200100014,2023년 11월 22일 01시,수요일,제주특별자치도 제주시 이도이동,경상사고,0,0,3,0,차대차 - 측면충돌,안전거리미확보,건조,맑음,단일로 - 기타,승용,남,23세,상해없음,승합,남,40세,경상
2023112200100030,2023년 11월 22일 04시,수요일,제주특별자치도 제주시 노형동,중상사고,0,1,3,0,차대차 - 정면충돌,중앙선침범,건조,맑음,교차로 - 교차로부근,승용,남,24세,상해없음,승용,남,67세,중상
2023112200100132,2023년 11월 22일 08시,수요일,제주특별자치도 제주시 삼도이동,경상사고,0,0,1,0,차대차 - 측면충돌,안전운전불이행,건조,맑음,교차로 - 교차로부근,개인형이동수단(PM),여,22세,경상,승용,남,63세,상해없음
2023112200100133,2023년 11월 22일 08시,수요일,제주특별자치도 제주시 화북일동,경상사고,0,0,1,0,차대차 - 측면충돌,직진우회전진행방해,건조,맑음,교차로 - 교차로안,승용,남,27세,상해없음,화물,남,42세,경상
2023112200100277,2023년 11월 22일 12시,수요일,제주특별자치도 제주시 이도일동,경상사고,0,0,1,0,차대사람 - 횡단중,보행자보호의무위반,건조,맑음,교차로 - 교차로횡단보도내,승용,남,63세,상해없음,보행자,남,60세,경상
2023112200100278,2023년 11월 22일 12시,수요일,제주특별자치도 제주시 오라이동,중상사고,0,1,0,0,차대차 - 측면충돌,신호위반,건조,맑음,교차로 - 교차로안,승용,남,48세,상해없음,승용,여,55세,중상
2023112200100279,2023년 11월 22일 12시,수요일,제주특별자치도 서귀포시 안덕면,부상신고사고,0,0,0,1,차량단독 - 공작물충돌,안전운전불이행,건조,맑음,단일로 - 기타,승용,여,52세,상해없음,,,,
2023112200100339,2023년 11월 22일 14시,수요일,제주특별자치도 제주시 일도이동,경상사고,0,0,1,0,차대사람 - 보도통행중,보행자보호의무위반,건조,맑음,단일로 - 기타,승용,여,55세,상해없음,보행자,여,58세,경상
2023112200100340,2023년 11월 22일 14시,수요일,제주특별자치도 제주시 연동,경상사고,0,0,1,0,차대사람 - 횡단중,보행자보호의무위반,건조,맑음,교차로 - 교차로횡단보도내,승용,남,50세,상해없음,보행자,여,8세,경상
2023112200100385,2023년 11월 22일 15시,수요일,제주특별자치도 제주시 노형동,부상신고사고,0,0,0,5,차대차 - 측면충돌,교차로운행방법위반,건조,맑음,교차로 - 교차로안,승용,남,73세,상해없음,승용,남,44세,부상신고
2023112200100511,2023년 11월 22일 18시,수요일,제주특별자치도 제주시 아라일동,경상사고,0,0,1,0,차대사람 - 차도통행중,보행자보호의무위반,건조,맑음,교차로 - 교차로안,승용,남,43세,상해없음,보행자,남,19세,경상
2023112200100556,2023년 11월 22일 19시,수요일,제주특별자치도 제주시 용담일동,경상사고,0,0,1,0,차대차 - 측면충돌,차로위반,건조,맑음,교차로 - 교차로안,승용,여,31세,기타불명,이륜,남,34세,경상
2023112200100602,2023년 11월 22일 21시,수요일,제주특별자치도 서귀포시 표선면,부상신고사고,0,0,0,1,차량단독 - 공작물충돌,안전운전불이행,건조,기타,단일로 - 기타,승용,남,26세,부상신고,,,,
2023112300100016,2023년 11월 23일 01시,목요일,제주특별자치도 제주시 이도이동,중상사고,0,1,0,0,차대사람 - 횡단중,안전운전불이행,건조,맑음,단일로 - 기타,승용,남,27세,상해없음,보행자,남,34세,중상
2023112300100017,2023년 11월 23일 01시,목요일,제주특별자치도 서귀포시 서귀동,경상사고,0,0,1,0,차대사람 - 차도통행중,안전운전불이행,건조,맑음,단일로 - 기타,승용,남,64세,상해없음,보행자,남,29세,경상
2023112300100117,2023년 11월 23일 08시,목요일,제주특별자치도 서귀포시 강정동,중상사고,0,1,1,0,차대차 - 측면충돌,안전운전불이행,건조,맑음,교차로 - 교차로안,승용,여,38세,중상,화물,남,57세,경상
2023112300100118,2023년 11월 23일 08시,목요일,제주특별자치도 제주시 연동,경상사고,0,0,1,0,차대차 - 측면충돌,안전운전불이행,젖음/습기,흐림,단일로 - 기타,승용,남,49세,상해없음,승용,남,51세,경상
2023112300100153,2023년 11월 23일 09시,목요일,제주특별자치도 제주시 애월읍,경상사고,0,0,1,0,차대차 - 기타,신호위반,건조,맑음,교차로 - 교차로안,승용,남,33세,상해없음,이륜,남,49세,경상
2023112300100154,2023년 11월 23일 09시,목요일,제주특별자치도 제주시 노형동,경상사고,0,0,2,0,차대차 - 기타,직진우회전진행방해,건조,맑음,교차로 - 교차로부근,승용,남,35세,경상,승용,여,35세,경상
2023112300100178,2023년 11월 23일 10시,목요일,제주특별자치도 제주시 애월읍,경상사고,0,0,1,0,차대차 - 측면충돌,안전거리미확보,건조,맑음,단일로 - 기타,건설기계,남,75세,상해없음,승용,남,37세,경상
2023112300100207,2023년 11월 23일 11시,목요일,제주특별자치도 제주시 도남동,경상사고,0,0,1,0,차대차 - 추돌,신호위반,건조,맑음,교차로 - 교차로안,승용,여,32세,상해없음,이륜,남,59세,경상
2023112300100208,2023년 11월 23일 11시,목요일,제주특별자치도 서귀포시 대정읍,중상사고,0,1,0,0,차대사람 - 차도통행중,안전운전불이행,건조,맑음,주차장 - 주차장,화물,남,56세,상해없음,보행자,남,61세,중상
2023112300100209,2023년 11월 23일 11시,목요일,제주특별자치도 제주시 애월읍,중상사고,0,1,0,0,차대차 - 기타,안전운전불이행,건조,맑음,교차로 - 교차로부근,승용,남,40세,상해없음,승용,남,24세,중상
2023112300100236,2023년 11월 23일 12시,목요일,제주특별자치도 제주시 이도이동,부상신고사고,0,0,0,1,차대차 - 기타,안전운전불이행,건조,맑음,단일로 - 기타,승용,남,39세,상해없음,승용,남,51세,부상신고
2023112300100237,2023년 11월 23일 12시,목요일,제주특별자치도 제주시 노형동,경상사고,0,0,1,0,차대차 - 추돌,안전거리미확보,건조,맑음,단일로 - 기타,승용,남,50세,상해없음,승용,여,36세,경상
2023112300100264,2023년 11월 23일 13시,목요일,제주특별자치도 서귀포시 색달동,부상신고사고,0,0,0,1,차대차 - 기타,직진우회전진행방해,건조,맑음,교차로 - 교차로안,승용,남,62세,부상신고,승용,남,22세,상해없음
2023112300100295,2023년 11월 23일 14시,목요일,제주특별자치도 서귀포시 상효동,경상사고,0,0,1,0,차량단독 - 전도전복 - 전도,안전운전불이행,건조,맑음,단일로 - 기타,농기계,남,76세,경상,,,,
2023112300100325,2023년 11월 23일 15시,목요일,제주특별자치도 제주시 삼도일동,중상사고,0,1,0,0,차대사람 - 차도통행중,교차로운행방법위반,건조,흐림,교차로 - 교차로안,승용,남,63세,상해없음,보행자,남,10세,중상
2023112300100411,2023년 11월 23일 17시,목요일,제주특별자치도 서귀포시 성산읍,중상사고,0,1,0,0,차대차 - 측면충돌,안전운전불이행,건조,맑음,교차로 - 교차로부근,이륜,남,82세,중상,승용,여,23세,상해없음
2023112300100412,2023년 11월 23일 17시,목요일,제주특별자치도 서귀포시 토평동,경상사고,0,0,1,0,차대차 - 측면충돌,기타,건조,맑음,교차로 - 교차로안,승용,여,36세,상해없음,승용,남,25세,경상
2023112300100466,2023년 11월 23일 18시,목요일,제주특별자치도 제주시 노형동,부상신고사고,0,0,0,1,차대차 - 기타,안전운전불이행,건조,맑음,교차로 - 교차로부근,승합,남,56세,상해없음,승용,남,52세,상해없음
2023112300100505,2023년 11월 23일 19시,목요일,제주특별자치도 제주시 이도이동,경상사고,0,0,2,0,차대차 - 측면충돌,교차로운행방법위반,건조,맑음,교차로 - 교차로안,이륜,남,42세,경상,승용,여,61세,경상
2023112300100572,2023년 11월 23일 21시,목요일,제주특별자치도 제주시 이도일동,경상사고,0,0,1,0,차대사람 - 기타,안전운전불이행,건조,맑음,기타 - 기타,승용,남,52세,기타불명,보행자,여,17세,경상
2023112300100617,2023년 11월 23일 23시,목요일,제주특별자치도 서귀포시 서귀동,중상사고,0,1,4,0,차대차 - 정면충돌,중앙선침범,건조,맑음,단일로 - 기타,승용,남,26세,경상,승합,남,63세,상해없음
2023112400100114,2023년 11월 24일 08시,금요일,제주특별자치도 서귀포시 중문동,부상신고사고,0,0,0,2,차대사람 - 기타,안전운전불이행,건조,맑음,교차로 - 교차로부근,승용,남,42세,상해없음,보행자,여,7세,부상신고
2023112400100261,2023년 11월 24일 12시,금요일,제주특별자치도 제주시 이도이동,경상사고,0,0,1,0,차대차 - 측면충돌,안전운전불이행,건조,맑음,단일로 - 기타,승용,남,45세,기타불명,승용,남,28세,경상
2023112400100303,2023년 11월 24일 13시,금요일,제주특별자치도 제주시 연동,경상사고,0,0,1,0,차대차 - 측면충돌,신호위반,건조,맑음,단일로 - 기타,화물,여,59세,상해없음,승용,남,28세,경상
2023112400100346,2023년 11월 24일 14시,금요일,제주특별자치도 제주시 노형동,경상사고,0,0,1,0,차대차 - 추돌,안전운전불이행,건조,흐림,교차로 - 교차로부근,승용,남,80세,상해없음,이륜,남,77세,경상
2023112400100385,2023년 11월 24일 15시,금요일,제주특별자치도 제주시 화북일동,경상사고,0,0,1,0,차대사람 - 횡단중,보행자보호의무위반,건조,맑음,교차로 - 교차로부근,승용,여,51세,상해없음,보행자,남,62세,경상
2023112400100422,2023년 11월 24일 16시,금요일,제주특별자치도 제주시 일도이동,경상사고,0,0,1,0,차대사람 - 횡단중,보행자보호의무위반,건조,맑음,교차로 - 교차로횡단보도내,승용,여,45세,상해없음,보행자,여,69세,경상
2023112400100539,2023년 11월 24일 18시,금요일,제주특별자치도 제주시 이도이동,경상사고,0,0,2,0,차대차 - 추돌,안전운전불이행,건조,흐림,교차로 - 교차로부근,승용,남,30세,상해없음,승용,여,26세,경상
2023112400100540,2023년 11월 24일 18시,금요일,제주특별자치도 제주시 건입동,경상사고,0,0,1,0,차대차 - 기타,안전운전불이행,건조,맑음,교차로 - 교차로부근,승용,여,43세,상해없음,승용,남,21세,경상
2023112400100541,2023년 11월 24일 18시,금요일,제주특별자치도 제주시 연동,중상사고,0,1,0,0,차대차 - 측면충돌,중앙선침범,건조,맑음,교차로 - 교차로부근,화물,남,44세,상해없음,이륜,남,39세,중상
2023112400100593,2023년 11월 24일 19시,금요일,제주특별자치도 서귀포시 대정읍,중상사고,0,1,0,0,차량단독 - 기타,안전운전불이행,건조,기타,단일로 - 기타,승합,남,66세,상해없음,,,,
2023112400100655,2023년 11월 24일 21시,금요일,제주특별자치도 제주시 이도이동,경상사고,0,0,1,0,차대사람 - 길가장자리구역통행중,안전운전불이행,건조,기타,단일로 - 기타,승용,남,28세,상해없음,보행자,남,49세,경상
2023112400100656,2023년 11월 24일 21시,금요일,제주특별자치도 서귀포시 서호동,부상신고사고,0,0,0,1,차대차 - 기타,안전운전불이행,건조,맑음,교차로 - 교차로부근,화물,남,32세,기타불명,이륜,남,29세,부상신고
2023112400100704,2023년 11월 24일 23시,금요일,제주특별자치도 제주시 삼도일동,경상사고,0,0,2,0,차대차 - 추돌,안전운전불이행,기타,기타,교차로 - 교차로안,승용,여,38세,상해없음,승용,남,67세,경상
2023112500100024,2023년 11월 25일 01시,토요일,제주특별자치도 제주시 일도이동,경상사고,0,0,2,0,차대차 - 측면충돌,안전거리미확보,건조,맑음,단일로 - 기타,승용,남,85세,기타불명,승용,여,40세,경상
2023112500100025,2023년 11월 25일 01시,토요일,제주특별자치도 서귀포시 동홍동,경상사고,0,0,3,0,차대차 - 기타,안전거리미확보,건조,맑음,단일로 - 기타,승용,남,61세,상해없음,승용,여,41세,경상
2023112500100033,2023년 11월 25일 02시,토요일,제주특별자치도 제주시 일도이동,경상사고,0,0,2,0,차대차 - 추돌,안전운전불이행,건조,맑음,교차로 - 교차로부근,승용,남,24세,상해없음,승용,남,71세,경상
2023112500100068,2023년 11월 25일 06시,토요일,제주특별자치도 제주시 조천읍,중상사고,0,1,2,0,차대차 - 측면충돌,신호위반,건조,기타,교차로 - 교차로안,화물,여,61세,중상,화물,남,52세,경상
2023112500100069,2023년 11월 25일 06시,토요일,제주특별자치도 서귀포시 안덕면,중상사고,0,1,0,0,차대사람 - 기타,기타,건조,맑음,단일로 - 기타,승용,남,66세,상해없음,보행자,여,61세,중상
2023112500100128,2023년 11월 25일 09시,토요일,제주특별자치도 제주시 구좌읍,경상사고,0,0,1,0,차대차 - 후진중충돌,안전운전불이행,건조,맑음,단일로 - 기타,화물,남,75세,상해없음,승용,남,73세,경상
2023112500100195,2023년 11월 25일 11시,토요일,제주특별자치도 제주시 삼도이동,부상신고사고,0,0,0,1,차대사람 - 기타,안전운전불이행,건조,맑음,주차장 - 주차장,승용,여,54세,상해없음,보행자,남,60세,부상신고
2023112500100197,2023년 11월 25일 11시,토요일,제주특별자치도 제주시 오라삼동,경상사고,0,0,1,0,차대차 - 추돌,안전거리미확보,건조,맑음,교차로 - 교차로안,승용,남,38세,상해없음,승용,남,40세,경상
2023112500100286,2023년 11월 25일 13시,토요일,제주특별자치도 제주시 용담이동,중상사고,0,1,0,0,차대차 - 측면충돌,안전운전불이행,건조,맑음,교차로 - 교차로안,승용,남,60세,상해없음,승용,남,54세,중상
2023112500100333,2023년 11월 25일 14시,토요일,제주특별자치도 서귀포시 동홍동,경상사고,0,0,1,0,차대차 - 측면충돌,차로위반,건조,맑음,교차로 - 교차로안,승용,남,60세,상해없음,승용,남,27세,경상
2023112500100417,2023년 11월 25일 16시,토요일,제주특별자치도 제주시 애월읍,경상사고,0,0,1,0,차대차 - 측면충돌,안전운전불이행,건조,맑음,기타 - 기타,승용,여,62세,상해없음,승용,여,42세,경상
2023112500100502,2023년 11월 25일 18시,토요일,제주특별자치도 서귀포시 대정읍,중상사고,0,1,0,0,차대사람 - 횡단중,보행자보호의무위반,건조,맑음,교차로 - 교차로횡단보도내,승용,여,62세,상해없음,보행자,남,76세,중상
2023112500100530,2023년 11월 25일 19시,토요일,제주특별자치도 제주시 삼도일동,중상사고,0,1,0,0,차대차 - 정면충돌,신호위반,건조,기타,교차로 - 교차로부근,승용,여,58세,상해없음,이륜,남,19세,중상
2023112500100531,2023년 11월 25일 19시,토요일,제주특별자치도 서귀포시 대정읍,중상사고,0,3,1,0,차대차 - 기타,안전운전불이행,건조,맑음,단일로 - 기타,승용,남,45세,상해없음,승용,여,45세,중상
2023112500100564,2023년 11월 25일 20시,토요일,제주특별자치도 서귀포시 중문동,중상사고,0,2,0,0,차대사람 - 기타,안전운전불이행,건조,맑음,단일로 - 기타,승용,남,46세,상해없음,보행자,여,44세,중상
2023112500100565,2023년 11월 25일 20시,토요일,제주특별자치도 제주시 연동,경상사고,0,0,2,0,차대차 - 기타,직진우회전진행방해,건조,맑음,교차로 - 교차로부근,개인형이동수단(PM),남,44세,경상,승용,남,24세,경상
2023112500100566,2023년 11월 25일 20시,토요일,제주특별자치도 제주시 연동,경상사고,0,0,1,0,차대사람 - 횡단중,안전운전불이행,건조,맑음,교차로 - 교차로부근,승용,남,68세,상해없음,보행자,여,39세,경상
2023112500100585,2023년 11월 25일 21시,토요일,제주특별자치도 제주시 용담이동,중상사고,0,1,0,0,차대차 - 추돌,안전운전불이행,건조,맑음,단일로 - 기타,승용,남,36세,상해없음,승용,남,55세,중상
2023112600100005,2023년 11월 26일 00시,일요일,제주특별자치도 제주시 구좌읍,경상사고,0,0,2,0,차대차 - 추돌,안전운전불이행,기타,기타,단일로 - 기타,승용,여,48세,상해없음,승용,여,63세,경상
2023112600100006,2023년 11월 26일 00시,일요일,제주특별자치도 제주시 삼도일동,중상사고,0,1,0,0,차대사람 - 기타,안전운전불이행,건조,맑음,단일로 - 기타,승용,남,60세,상해없음,보행자,남,45세,중상
2023112600100025,2023년 11월 26일 02시,일요일,제주특별자치도 제주시 애월읍,중상사고,0,1,0,0,차대차 - 기타,안전운전불이행,건조,맑음,교차로 - 교차로안,승용,남,26세,상해없음,승용,여,41세,중상
2023112600100034,2023년 11월 26일 03시,일요일,제주특별자치도 제주시 연동,경상사고,0,0,4,0,차대차 - 측면충돌,안전운전불이행,건조,흐림,교차로 - 교차로안,승용,여,41세,상해없음,승용,남,42세,경상
2023112600100055,2023년 11월 26일 06시,일요일,제주특별자치도 제주시 연동,중상사고,0,1,0,0,차대차 - 기타,안전운전불이행,건조,맑음,단일로 - 기타,승용,남,62세,상해없음,이륜,남,58세,중상
2023112600100167,2023년 11월 26일 13시,일요일,제주특별자치도 제주시 노형동,경상사고,0,0,1,0,차대사람 - 차도통행중,안전운전불이행,건조,맑음,기타 - 기타,승용,남,60세,상해없음,보행자,여,7세,경상
2023112600100246,2023년 11월 26일 16시,일요일,제주특별자치도 제주시 한림읍,경상사고,0,0,2,0,차대차 - 기타,교차로운행방법위반,건조,맑음,교차로 - 교차로안,승용,남,46세,경상,승용,남,46세,경상
2023112600100307,2023년 11월 26일 18시,일요일,제주특별자치도 서귀포시 동홍동,경상사고,0,0,1,0,차대차 - 추돌,안전운전불이행,건조,맑음,교차로 - 교차로부근,사륜오토바이(ATV),남,45세,상해없음,승용,여,32세,경상
2023112600100308,2023년 11월 26일 18시,일요일,제주특별자치도 제주시 노형동,경상사고,0,0,1,0,차대차 - 추돌,안전운전불이행,건조,맑음,단일로 - 기타,이륜,남,40세,경상,화물,남,43세,상해없음
2023112700100018,2023년 11월 27일 01시,월요일,제주특별자치도 서귀포시 성산읍,경상사고,0,0,2,0,차대차 - 측면충돌,안전운전불이행,건조,맑음,교차로 - 교차로안,승용,남,31세,경상,승용,남,24세,상해없음
2023112700100063,2023년 11월 27일 06시,월요일,제주특별자치도 제주시 애월읍,경상사고,0,0,2,0,차대차 - 측면충돌,안전운전불이행,건조,기타,단일로 - 기타,승용,남,41세,경상,승용,남,57세,경상
2023112700100133,2023년 11월 27일 08시,월요일,제주특별자치도 제주시 아라이동,경상사고,0,0,1,0,차대차 - 정면충돌,신호위반,건조,맑음,교차로 - 교차로안,승용,여,32세,상해없음,승용,남,42세,경상
2023112700100134,2023년 11월 27일 08시,월요일,제주특별자치도 서귀포시 대정읍,경상사고,0,0,1,0,차대차 - 정면충돌,안전운전불이행,건조,맑음,교차로 - 교차로안,승용,여,43세,상해없음,화물,여,69세,경상
2023112700100135,2023년 11월 27일 08시,월요일,제주특별자치도 제주시 노형동,중상사고,0,1,2,0,차대차 - 측면충돌,안전운전불이행,건조,맑음,단일로 - 기타,승용,남,46세,상해없음,승용,남,34세,중상
2023112700100164,2023년 11월 27일 09시,월요일,제주특별자치도 서귀포시 표선면,중상사고,0,2,0,0,차대차 - 추돌,안전운전불이행,건조,흐림,단일로 - 기타,화물,남,35세,상해없음,사륜오토바이(ATV),남,56세,중상
2023112700100228,2023년 11월 27일 11시,월요일,제주특별자치도 제주시 용담일동,부상신고사고,0,0,0,1,차대차 - 추돌,안전거리미확보,건조,맑음,단일로 - 기타,이륜,남,36세,부상신고,승용,남,46세,상해없음
2023112700100262,2023년 11월 27일 12시,월요일,제주특별자치도 서귀포시 동홍동,중상사고,0,1,1,0,차대차 - 기타,신호위반,건조,맑음,교차로 - 교차로안,승용,남,83세,중상,승용,남,57세,경상
2023112700100263,2023년 11월 27일 12시,월요일,제주특별자치도 서귀포시 안덕면,경상사고,0,0,1,0,차대차 - 기타,차로위반,건조,맑음,교차로 - 교차로안,화물,여,67세,기타불명,화물,남,49세,경상
2023112700100335,2023년 11월 27일 14시,월요일,제주특별자치도 서귀포시 동홍동,경상사고,0,0,2,0,차대차 - 측면충돌,직진우회전진행방해,건조,맑음,교차로 - 교차로안,승용,여,43세,상해없음,승용,남,26세,경상
2023112700100449,2023년 11월 27일 17시,월요일,제주특별자치도 서귀포시 서홍동,부상신고사고,0,0,0,1,차대사람 - 차도통행중,안전운전불이행,건조,맑음,단일로 - 기타,승합,남,77세,기타불명,보행자,남,46세,부상신고
2023112700100450,2023년 11월 27일 17시,월요일,제주특별자치도 제주시 노형동,경상사고,0,0,1,0,차대사람 - 횡단중,안전운전불이행,건조,맑음,교차로 - 교차로부근,승용,남,47세,상해없음,보행자,남,17세,경상
2023112700100521,2023년 11월 27일 18시,월요일,제주특별자치도 제주시 오라이동,중상사고,0,1,2,0,차대차 - 추돌,안전운전불이행,건조,맑음,단일로 - 기타,승용,남,34세,상해없음,승용,여,28세,중상
2023112700100522,2023년 11월 27일 18시,월요일,제주특별자치도 제주시 연동,경상사고,0,0,1,0,차대사람 - 횡단중,안전운전불이행,건조,맑음,교차로 - 교차로부근,승용,남,29세,상해없음,보행자,여,37세,경상
2023112700100523,2023년 11월 27일 18시,월요일,제주특별자치도 제주시 노형동,경상사고,0,0,1,0,차대차 - 측면충돌,안전운전불이행,건조,흐림,교차로 - 교차로안,화물,남,57세,상해없음,승용,여,46세,경상