사고번호,사고일시,요일,시군구,사고내용,사망자수,중상자수,경상자수,부상신고자수,사고유형,법규위반,노면상태,기상상태,도로형태,가해운전자 차종,가해운전자 성별,가해운전자 연령,가해운전자 상해정도,피해운전자 차종,피해운전자 성별,피해운전자 연령,피해운전자 상해정도
2023112700100564,2023년 11월 27일 19시,월요일,제주특별자치도 제주시 삼양이동,경상사고,0,0,1,0,차대사람 - 횡단중,보행자보호의무위반,건조,맑음,교차로 - 교차로횡단보도내,승용,여,48세,상해없음,보행자,남,10세,경상
2023112800100047,2023년 11월 28일 06시,화요일,제주특별자치도 제주시 이도이동,중상사고,0,1,0,0,차대사람 - 횡단중,신호위반,젖음/습기,비,교차로 - 교차로횡단보도내,승용,남,37세,상해없음,보행자,여,60세,중상
2023112800100071,2023년 11월 28일 07시,화요일,제주특별자치도 제주시 도남동,경상사고,0,0,1,0,차대차 - 측면충돌,안전거리미확보,건조,맑음,단일로 - 기타,승용,여,56세,기타불명,승용,여,62세,경상
2023112800100072,2023년 11월 28일 07시,화요일,제주특별자치도 제주시 노형동,경상사고,0,0,1,0,차대사람 - 차도통행중,안전운전불이행,건조,맑음,교차로 - 교차로안,승용,여,43세,상해없음,보행자,남,61세,경상
2023112800100185,2023년 11월 28일 10시,화요일,제주특별자치도 제주시 이도이동,경상사고,0,0,1,0,차대차 - 기타,안전운전불이행,건조,맑음,교차로 - 교차로횡단보도내,승용,남,50세,상해없음,자전거,남,55세,경상
2023112800100264,2023년 11월 28일 13시,화요일,제주특별자치도 제주시 구좌읍,경상사고,0,0,2,0,차대차 - 기타,안전운전불이행,건조,맑음,교차로 - 교차로부근,화물,남,51세,상해없음,승용,여,23세,경상
2023112800100265,2023년 11월 28일 13시,화요일,제주특별자치도 서귀포시 서홍동,중상사고,0,1,0,0,차대차 - 기타,교차로운행방법위반,건조,맑음,단일로 - 기타,이륜,남,82세,중상,승용,여,40세,상해없음
2023112800100322,2023년 11월 28일 15시,화요일,제주특별자치도 제주시 애월읍,경상사고,0,0,1,0,차대차 - 기타,안전거리미확보,건조,맑음,단일로 - 기타,승용,남,42세,상해없음,승용,남,30세,경상
2023112800100549,2023년 11월 28일 20시,화요일,제주특별자치도 제주시 이도이동,경상사고,0,0,3,0,차대차 - 측면충돌,직진우회전진행방해,건조,맑음,교차로 - 교차로안,승용,여,68세,경상,승용,남,62세,경상
2023112800100550,2023년 11월 28일 20시,화요일,제주특별자치도 서귀포시 서귀동,부상신고사고,0,0,0,1,차대사람 - 횡단중,안전운전불이행,건조,맑음,교차로 - 교차로안,승용,남,39세,상해없음,보행자,남,60세,부상신고
2023112900100012,2023년 11월 29일 02시,수요일,제주특별자치도 제주시 연동,경상사고,0,0,1,1,차대차 - 측면충돌,직진우회전진행방해,건조,맑음,교차로 - 교차로안,승용,남,24세,부상신고,승용,남,64세,경상
2023112900100162,2023년 11월 29일 10시,수요일,제주특별자치도 제주시 노형동,경상사고,0,0,1,0,차대차 - 기타,안전거리미확보,건조,맑음,단일로 - 기타,승용,남,63세,경상,건설기계,남,59세,상해없음
2023112900100214,2023년 11월 29일 12시,수요일,제주특별자치도 제주시 건입동,경상사고,0,0,1,0,차대차 - 측면충돌,신호위반,건조,맑음,교차로 - 교차로안,화물,남,43세,기타불명,이륜,남,42세,경상
2023112900100297,2023년 11월 29일 15시,수요일,제주특별자치도 제주시 연동,경상사고,0,0,1,0,차대차 - 기타,신호위반,건조,맑음,교차로 - 교차로안,승용,남,68세,상해없음,승용,여,49세,경상
2023112900100376,2023년 11월 29일 17시,수요일,제주특별자치도 제주시 영평동,경상사고,0,0,1,0,차대차 - 측면충돌,안전운전불이행,건조,맑음,단일로 - 기타,이륜,남,39세,경상,승용,여,59세,상해없음
2023112900100445,2023년 11월 29일 18시,수요일,제주특별자치도 제주시 영평동,경상사고,0,0,2,0,차대차 - 추돌,안전운전불이행,건조,맑음,단일로 - 기타,승용,여,34세,상해없음,승용,여,46세,경상
2023112900100494,2023년 11월 29일 19시,수요일,제주특별자치도 서귀포시 대정읍,부상신고사고,0,0,0,2,차대사람 - 기타,안전운전불이행,건조,맑음,교차로 - 교차로안,이륜,남,19세,부상신고,보행자,남,69세,부상신고
2023112900100495,2023년 11월 29일 19시,수요일,제주특별자치도 제주시 연동,경상사고,0,0,1,0,차대차 - 추돌,안전운전불이행,건조,맑음,단일로 - 기타,이륜,남,57세,상해없음,승용,남,59세,경상
2023112900100496,2023년 11월 29일 19시,수요일,제주특별자치도 제주시 연동,경상사고,0,0,2,1,차대차 - 기타,신호위반,건조,기타,교차로 - 교차로부근,승용,남,58세,상해없음,승용,여,28세,경상
2023112900100526,2023년 11월 29일 20시,수요일,제주특별자치도 제주시 노형동,경상사고,0,0,1,0,차대차 - 정면충돌,신호위반,건조,흐림,교차로 - 교차로안,승용,남,27세,상해없음,승용,남,52세,경상
2023112900100540,2023년 11월 29일 21시,수요일,제주특별자치도 서귀포시 대정읍,중상사고,0,1,0,0,차대차 - 기타,안전운전불이행,건조,맑음,단일로 - 기타,승용,남,29세,상해없음,이륜,남,26세,중상
2023113000100045,2023년 11월 30일 06시,목요일,제주특별자치도 제주시 오라이동,경상사고,0,0,1,0,차대차 - 추돌,안전거리미확보,기타,기타,교차로 - 교차로부근,화물,남,38세,상해없음,승용,여,47세,경상
2023113000100108,2023년 11월 30일 08시,목요일,제주특별자치도 서귀포시 서홍동,중상사고,0,1,0,0,차대사람 - 횡단중,중앙선침범,건조,맑음,단일로 - 기타,화물,남,69세,상해없음,보행자,여,57세,중상
2023113000100141,2023년 11월 30일 09시,목요일,제주특별자치도 서귀포시 동홍동,경상사고,0,0,1,0,차대차 - 정면충돌,안전운전불이행,건조,맑음,단일로 - 기타,승용,여,35세,상해없음,승용,여,45세,경상
2023113000100176,2023년 11월 30일 10시,목요일,제주특별자치도 제주시 오라일동,경상사고,0,0,1,1,차대차 - 기타,기타,젖음/습기,비,교차로 - 교차로안,승용,남,21세,상해없음,승용,남,49세,경상
2023113000100177,2023년 11월 30일 10시,목요일,제주특별자치도 제주시 이도일동,경상사고,0,0,1,0,차대사람 - 보도통행중,기타,젖음/습기,흐림,기타 - 기타,이륜,남,64세,상해없음,보행자,남,24세,경상
2023113000100271,2023년 11월 30일 13시,목요일,제주특별자치도 제주시 구좌읍,경상사고,0,0,2,0,차대차 - 기타,신호위반,건조,맑음,교차로 - 교차로부근,특수,남,43세,상해없음,승용,남,28세,경상
2023113000100313,2023년 11월 30일 14시,목요일,제주특별자치도 서귀포시 토평동,부상신고사고,0,0,0,1,차대차 - 측면충돌,교차로운행방법위반,건조,맑음,교차로 - 교차로안,이륜,남,44세,부상신고,승용,여,68세,상해없음
2023113000100545,2023년 11월 30일 19시,목요일,제주특별자치도 제주시 용담일동,경상사고,0,0,1,0,차대차 - 기타,안전거리미확보,건조,흐림,단일로 - 기타,승용,남,65세,기타불명,승용,남,30세,경상
2023113000100571,2023년 11월 30일 20시,목요일,제주특별자치도 제주시 노형동,경상사고,0,0,1,0,차대사람 - 기타,안전운전불이행,건조,맑음,단일로 - 기타,승용,남,58세,상해없음,보행자,남,70세,경상
2023120100100020,2023년 12월 1일 01시,금요일,제주특별자치도 제주시 조천읍,경상사고,0,0,2,0,차대차 - 추돌,신호위반,건조,맑음,교차로 - 교차로안,승용,남,21세,상해없음,승용,남,66세,경상
2023120100100065,2023년 12월 1일 07시,금요일,제주특별자치도 제주시 애월읍,경상사고,0,0,1,0,차량단독 - 도로외이탈 - 추락,안전운전불이행,서리/결빙,눈,단일로 - 기타,승용,여,23세,경상,,,,
2023120100100097,2023년 12월 1일 08시,금요일,제주특별자치도 서귀포시 서홍동,경상사고,0,0,1,0,차대차 - 정면충돌,안전운전불이행,젖음/습기,맑음,단일로 - 기타,승용,남,29세,상해없음,개인형이동수단(PM),여,34세,경상
2023120100100181,2023년 12월 1일 10시,금요일,제주특별자치도 제주시 노형동,경상사고,0,0,1,0,차대차 - 측면충돌,안전운전불이행,건조,맑음,단일로 - 기타,승용,남,49세,상해없음,이륜,남,25세,경상
2023120100100220,2023년 12월 1일 11시,금요일,제주특별자치도 제주시 화북이동,경상사고,0,0,2,0,차대차 - 기타,신호위반,건조,맑음,교차로 - 교차로부근,승용,남,41세,상해없음,승용,여,38세,경상
2023120100100242,2023년 12월 1일 12시,금요일,제주특별자치도 서귀포시 서귀동,경상사고,0,0,2,0,차대차 - 측면충돌,신호위반,건조,맑음,교차로 - 교차로부근,승용,여,52세,경상,이륜,남,35세,경상
2023120100100311,2023년 12월 1일 14시,금요일,제주특별자치도 서귀포시 서홍동,경상사고,0,0,2,0,차대차 - 추돌,안전운전불이행,건조,맑음,단일로 - 기타,건설기계,남,57세,상해없음,승용,남,30세,경상
2023120100100312,2023년 12월 1일 14시,금요일,제주특별자치도 제주시 내도동,경상사고,0,0,2,0,차대차 - 추돌,안전운전불이행,건조,맑음,교차로 - 교차로부근,화물,남,62세,상해없음,승용,남,31세,경상
2023120100100373,2023년 12월 1일 16시,금요일,제주특별자치도 서귀포시 대정읍,중상사고,0,1,0,0,차대차 - 기타,안전운전불이행,건조,맑음,단일로 - 기타,승용,여,35세,상해없음,원동기,남,54세,중상
2023120100100419,2023년 12월 1일 17시,금요일,제주특별자치도 제주시 아라일동,부상신고사고,0,0,0,2,차량단독 - 공작물충돌,안전운전불이행,젖음/습기,흐림,교차로 - 교차로부근,승용,여,49세,부상신고,,,,
2023120100100420,2023년 12월 1일 17시,금요일,제주특별자치도 제주시 노형동,경상사고,0,0,1,0,차대차 - 추돌,교차로운행방법위반,건조,맑음,교차로 - 교차로안,승용,여,57세,상해없음,이륜,남,31세,경상
2023120100100529,2023년 12월 1일 19시,금요일,제주특별자치도 제주시 이도이동,경상사고,0,0,3,0,차대차 - 기타,신호위반,건조,맑음,교차로 - 교차로안,승용,여,45세,상해없음,승용,남,68세,경상
2023120100100565,2023년 12월 1일 20시,금요일,제주특별자치도 제주시 아라이동,경상사고,0,0,2,0,차대차 - 측면충돌,신호위반,젖음/습기,비,교차로 - 교차로안,이륜,남,55세,경상,승합,남,52세,경상
2023120100100640,2023년 12월 1일 23시,금요일,제주특별자치도 제주시 연동,경상사고,0,0,3,0,차대차 - 정면충돌,중앙선침범,건조,맑음,교차로 - 교차로부근,승용,남,25세,경상,승용,여,19세,경상
2023120200100097,2023년 12월 2일 09시,토요일,제주특별자치도 제주시 삼양이동,경상사고,0,0,1,0,차대차 - 기타,안전운전불이행,건조,맑음,교차로 - 교차로부근,승용,남,62세,상해없음,승용,여,39세,경상
2023120200100098,2023년 12월 2일 09시,토요일,제주특별자치도 서귀포시 동홍동,중상사고,0,1,0,0,차대차 - 측면충돌,안전거리미확보,건조,맑음,단일로 - 기타,승용,남,25세,상해없음,이륜,남,43세,중상
2023120200100237,2023년 12월 2일 13시,토요일,제주특별자치도 제주시 삼도이동,부상신고사고,0,0,0,1,차대차 - 후진중충돌,안전운전불이행,건조,맑음,단일로 - 기타,승용,여,26세,상해없음,승용,남,27세,부상신고
2023120200100318,2023년 12월 2일 15시,토요일,제주특별자치도 제주시 오라일동,중상사고,0,1,0,1,차대차 - 측면충돌,신호위반,건조,맑음,교차로 - 교차로안,승용,남,70세,부상신고,화물,남,54세,중상
2023120200100319,2023년 12월 2일 15시,토요일,제주특별자치도 서귀포시 토평동,중상사고,0,1,0,0,차대차 - 기타,중앙선침범,건조,맑음,단일로 - 기타,화물,남,65세,상해없음,이륜,남,76세,중상
2023120200100349,2023년 12월 2일 16시,토요일,제주특별자치도 제주시 도두일동,경상사고,0,0,1,0,차대사람 - 기타,안전운전불이행,건조,맑음,교차로 - 교차로안,특수,남,50세,상해없음,보행자,남,62세,경상
2023120200100435,2023년 12월 2일 18시,토요일,제주특별자치도 제주시 화북일동,부상신고사고,0,0,0,1,차대차 - 추돌,안전거리미확보,기타,기타,교차로 - 교차로안,이륜,남,41세,부상신고,화물,남,59세,상해없음
2023120200100436,2023년 12월 2일 18시,토요일,제주특별자치도 제주시 일도이동,경상사고,0,0,1,0,차대차 - 측면충돌,안전거리미확보,건조,맑음,단일로 - 기타,승용,여,51세,상해없음,승합,남,56세,상해없음
2023120300100084,2023년 12월 3일 10시,일요일,제주특별자치도 제주시 한경면,경상사고,0,0,3,0,차대차 - 후진중충돌,안전운전불이행,건조,맑음,교차로 - 교차로부근,승용,여,24세,상해없음,승용,여,48세,경상
2023120300100114,2023년 12월 3일 11시,일요일,제주특별자치도 서귀포시 표선면,중상사고,0,1,0,0,차량단독 - 공작물충돌,안전운전불이행,건조,맑음,교차로 - 교차로안,승용,남,47세,중상,,,,
2023120300100207,2023년 12월 3일 14시,일요일,제주특별자치도 제주시 화북이동,경상사고,0,0,1,0,차대차 - 측면충돌,안전운전불이행,건조,맑음,교차로 - 교차로안,승용,남,61세,상해없음,이륜,남,46세,경상
2023120300100294,2023년 12월 3일 17시,일요일,제주특별자치도 제주시 이도이동,경상사고,0,0,1,0,차대차 - 정면충돌,중앙선침범,건조,맑음,단일로 - 기타,승용,남,31세,상해없음,이륜,남,45세,경상
2023120300100333,2023년 12월 3일 18시,일요일,제주특별자치도 제주시 연동,중상사고,0,1,0,0,차대차 - 측면충돌,신호위반,건조,기타,교차로 - 교차로안,승용,남,21세,상해없음,이륜,남,40세,중상
2023120300100415,2023년 12월 3일 23시,일요일,제주특별자치도 제주시 연동,중상사고,0,1,0,0,차대차 - 기타,안전운전불이행,건조,맑음,기타 - 기타,이륜,남,52세,중상,승용,남,25세,상해없음
2023120400100007,2023년 12월 4일 00시,월요일,제주특별자치도 제주시 한경면,경상사고,0,0,2,1,차대차 - 측면충돌,신호위반,건조,맑음,기타 - 기타,승용,여,44세,부상신고,승용,여,30세,경상
2023120400100021,2023년 12월 4일 03시,월요일,제주특별자치도 서귀포시 동홍동,부상신고사고,0,0,0,1,차량단독 - 공작물충돌,안전운전불이행,건조,기타,단일로 - 기타,승용,남,47세,부상신고,,,,
2023120400100024,2023년 12월 4일 04시,월요일,제주특별자치도 제주시 삼도이동,중상사고,0,1,0,0,차대사람 - 보도통행중,보행자보호의무위반,건조,맑음,단일로 - 기타,승용,여,61세,상해없음,보행자,남,87세,중상
2023120400100123,2023년 12월 4일 08시,월요일,제주특별자치도 서귀포시 남원읍,부상신고사고,0,0,0,1,차대차 - 기타,중앙선침범,건조,맑음,기타 - 기타,화물,남,41세,기타불명,승용,남,28세,부상신고
2023120400100171,2023년 12월 4일 09시,월요일,제주특별자치도 제주시 애월읍,경상사고,0,0,1,0,차대차 - 측면충돌,안전운전불이행,건조,맑음,단일로 - 기타,화물,여,61세,상해없음,사륜오토바이(ATV),남,84세,경상
2023120400100252,2023년 12월 4일 11시,월요일,제주특별자치도 서귀포시 중문동,경상사고,0,0,1,0,차대차 - 측면충돌,직진우회전진행방해,건조,맑음,교차로 - 교차로안,이륜,남,79세,경상,승용,여,59세,상해없음
2023120400100333,2023년 12월 4일 13시,월요일,제주특별자치도 제주시 용담일동,경상사고,0,0,1,0,차대차 - 정면충돌,안전운전불이행,건조,맑음,교차로 - 교차로안,승용,여,62세,상해없음,승용,여,40세,경상
2023120400100369,2023년 12월 4일 14시,월요일,제주특별자치도 서귀포시 서귀동,경상사고,0,0,1,0,차대차 - 측면충돌,안전운전불이행,건조,맑음,교차로 - 교차로안,승합,남,33세,상해없음,이륜,남,58세,경상
2023120400100430,2023년 12월 4일 16시,월요일,제주특별자치도 서귀포시 서귀동,중상사고,0,1,1,0,차대차 - 측면충돌,안전운전불이행,건조,맑음,교차로 - 교차로안,화물,남,58세,상해없음,이륜,남,75세,경상
2023120400100534,2023년 12월 4일 18시,월요일,제주특별자치도 제주시 이도이동,경상사고,0,0,3,0,차대차 - 측면충돌,안전운전불이행,기타,기타,교차로 - 교차로안,승용,여,42세,상해없음,승용,남,25세,경상
2023120400100535,2023년 12월 4일 18시,월요일,제주특별자치도 제주시 노형동,경상사고,0,0,1,0,차대차 - 기타,안전운전불이행,건조,기타,기타 - 기타,이륜,남,37세,상해없음,승용,남,44세,경상
2023120400100573,2023년 12월 4일 19시,월요일,제주특별자치도 제주시 연동,부상신고사고,0,0,0,1,차대차 - 측면충돌,안전거리미확보,건조,맑음,교차로 - 교차로안,승용,여,53세,상해없음,승용,남,26세,부상신고
2023120500100015,2023년 12월 5일 02시,화요일,제주특별자치도 제주시 연동,부상신고사고,0,0,0,1,차대차 - 추돌,안전운전불이행,건조,맑음,단일로 - 기타,승용,남,33세,상해없음,승용,남,32세,부상신고
2023120500100146,2023년 12월 5일 10시,화요일,제주특별자치도 제주시 도남동,경상사고,0,0,1,0,차대차 - 기타,안전운전불이행,건조,맑음,단일로 - 기타,승용,남,65세,상해없음,승용,남,30세,경상
2023120500100147,2023년 12월 5일 10시,화요일,제주특별자치도 서귀포시 법환동,경상사고,0,0,4,0,차대차 - 추돌,안전운전불이행,건조,맑음,교차로 - 교차로부근,승용,여,66세,경상,승용,남,49세,경상
2023120500100178,2023년 12월 5일 11시,화요일,제주특별자치도 제주시 한경면,사망사고,1,0,0,0,차대차 - 측면충돌,안전운전불이행,건조,맑음,단일로 - 기타,화물,남,52세,상해없음,이륜,여,65세,사망
2023120500100216,2023년 12월 5일 12시,화요일,제주특별자치도 제주시 한림읍,경상사고,0,0,1,0,차대차 - 기타,안전운전불이행,건조,맑음,단일로 - 기타,이륜,남,44세,경상,승용,여,65세,기타불명
2023120500100217,2023년 12월 5일 12시,화요일,제주특별자치도 제주시 연동,경상사고,0,0,1,0,차대차 - 측면충돌,신호위반,건조,맑음,교차로 - 교차로안,승용,여,53세,상해없음,승용,남,31세,경상
2023120500100243,2023년 12월 5일 13시,화요일,제주특별자치도 서귀포시 서귀동,중상사고,0,1,0,0,차대사람 - 기타,안전운전불이행,건조,맑음,교차로 - 교차로안,승용,남,63세,상해없음,보행자,남,61세,중상
2023120500100351,2023년 12월 5일 16시,화요일,제주특별자치도 서귀포시 남원읍,경상사고,0,0,1,0,차대차 - 기타,중앙선침범,건조,맑음,단일로 - 기타,승용,남,21세,상해없음,승용,여,45세,경상
2023120500100387,2023년 12월 5일 17시,화요일,제주특별자치도 제주시 아라일동,중상사고,0,1,0,0,차대사람 - 횡단중,보행자보호의무위반,기타,맑음,교차로 - 교차로횡단보도내,화물,남,51세,상해없음,보행자,여,9세,중상
2023120500100388,2023년 12월 5일 17시,화요일,제주특별자치도 제주시 애월읍,경상사고,0,0,2,0,차대차 - 기타,중앙선침범,건조,맑음,단일로 - 기타,승용,여,58세,상해없음,승용,남,23세,경상
2023120500100439,2023년 12월 5일 18시,화요일,제주특별자치도 제주시 노형동,경상사고,0,0,1,0,차대사람 - 횡단중,보행자보호의무위반,건조,맑음,교차로 - 교차로횡단보도내,승용,남,21세,상해없음,보행자,남,58세,경상
2023120500100440,2023년 12월 5일 18시,화요일,제주특별자치도 제주시 연동,경상사고,0,0,2,0,차대차 - 추돌,안전운전불이행,건조,흐림,단일로 - 기타,화물,남,39세,상해없음,승용,여,24세,경상
2023120500100441,2023년 12월 5일 18시,화요일,제주특별자치도 제주시 애월읍,부상신고사고,0,0,0,2,차대차 - 추돌,안전운전불이행,건조,맑음,교차로 - 교차로부근,승용,남,42세,상해없음,승용,남,64세,부상신고
2023120500100519,2023년 12월 5일 20시,화요일,제주특별자치도 제주시 이도일동,경상사고,0,0,1,0,차대차 - 기타,안전거리미확보,건조,흐림,단일로 - 기타,승용,남,34세,상해없음,승합,남,59세,상해없음
2023120600100020,2023년 12월 6일 02시,수요일,제주특별자치도 제주시 연동,중상사고,0,1,0,0,차대차 - 측면충돌,안전운전불이행,건조,맑음,교차로 - 교차로안,사륜오토바이(ATV),여,60세,중상,승용,남,24세,상해없음
2023120600100143,2023년 12월 6일 09시,수요일,제주특별자치도 제주시 이도일동,중상사고,0,1,0,0,차대사람 - 기타,안전운전불이행,건조,맑음,단일로 - 기타,화물,여,66세,상해없음,보행자,여,84세,중상
2023120600100222,2023년 12월 6일 12시,수요일,제주특별자치도 제주시 한림읍,경상사고,0,0,1,1,차량단독 - 공작물충돌,안전운전불이행,건조,맑음,단일로 - 기타,화물,남,44세,상해없음,,,,
2023120600100321,2023년 12월 6일 16시,수요일,제주특별자치도 제주시 봉개동,경상사고,0,0,1,0,차대차 - 측면충돌,신호위반,건조,맑음,교차로 - 교차로부근,승용,여,44세,상해없음,승용,남,51세,상해없음
2023120600100322,2023년 12월 6일 16시,수요일,제주특별자치도 제주시 연동,경상사고,0,0,2,0,차대차 - 측면충돌,직진우회전진행방해,건조,흐림,교차로 - 교차로안,승용,여,33세,경상,승용,여,46세,경상
2023120600100390,2023년 12월 6일 17시,수요일,제주특별자치도 제주시 노형동,경상사고,0,0,2,0,차대차 - 측면충돌,안전운전불이행,젖음/습기,흐림,기타 - 기타,승용,여,39세,상해없음,승용,여,42세,경상
2023120600100469,2023년 12월 6일 18시,수요일,제주특별자치도 서귀포시 상예동,경상사고,0,0,3,0,차대차 - 측면충돌,안전운전불이행,건조,맑음,교차로 - 교차로부근,승용,남,67세,상해없음,승용,여,41세,경상
2023120700100017,2023년 12월 7일 02시,목요일,제주특별자치도 제주시 이도이동,경상사고,0,0,4,1,차대차 - 추돌,안전운전불이행,건조,맑음,교차로 - 교차로부근,화물,남,51세,상해없음,승용,남,63세,경상
2023120700100169,2023년 12월 7일 10시,목요일,제주특별자치도 제주시 일도이동,경상사고,0,0,1,0,차대차 - 기타,교차로운행방법위반,건조,맑음,교차로 - 교차로안,승용,남,61세,상해없음,승용,여,68세,경상
2023120700100197,2023년 12월 7일 11시,목요일,제주특별자치도 제주시 연동,경상사고,0,0,1,0,차대사람 - 기타,안전운전불이행,건조,맑음,교차로 - 교차로안,승용,여,58세,상해없음,보행자,남,42세,경상
2023120700100220,2023년 12월 7일 12시,목요일,제주특별자치도 서귀포시 중문동,중상사고,0,1,0,0,차대사람 - 보도통행중,보행자보호의무위반,건조,맑음,교차로 - 교차로횡단보도내,승용,여,20세,상해없음,보행자,여,55세,중상
2023120700100330,2023년 12월 7일 15시,목요일,제주특별자치도 제주시 도남동,부상신고사고,0,0,0,1,차량단독 - 기타,안전운전불이행,건조,맑음,단일로 - 기타,자전거,남,55세,부상신고,,,,
2023120700100356,2023년 12월 7일 16시,목요일,제주특별자치도 서귀포시 남원읍,경상사고,0,0,1,0,차대차 - 정면충돌,중앙선침범,건조,맑음,단일로 - 기타,승용,남,35세,상해없음,화물,남,54세,경상
2023120700100357,2023년 12월 7일 16시,목요일,제주특별자치도 제주시 한림읍,경상사고,0,0,2,0,차대차 - 측면충돌,직진우회전진행방해,건조,맑음,교차로 - 교차로안,승용,여,41세,경상,승용,여,52세,경상
2023120700100408,2023년 12월 7일 17시,목요일,제주특별자치도 제주시 노형동,중상사고,0,1,0,0,차대사람 - 횡단중,보행자보호의무위반,건조,맑음,교차로 - 교차로횡단보도내,승용,남,30세,상해없음,보행자,남,72세,중상
2023120700100535,2023년 12월 7일 20시,목요일,제주특별자치도 서귀포시 안덕면,경상사고,0,0,1,0,차대차 - 기타,안전운전불이행,건조,맑음,교차로 - 교차로부근,승용,남,56세,상해없음,승용,남,55세,상해없음
2023120800100048,2023년 12월 8일 06시,금요일,제주특별자치도 서귀포시 도순동,경상사고,0,0,1,4,차량단독 - 기타,안전운전불이행,건조,맑음,단일로 - 기타,승합,여,60세,상해없음,,,,
2023120800100102,2023년 12월 8일 08시,금요일,제주특별자치도 제주시 화북이동,중상사고,0,2,0,0,차대차 - 측면충돌,신호위반,건조,맑음,교차로 - 교차로안,승용,남,69세,기타불명,화물,남,38세,중상
2023120800100103,2023년 12월 8일 08시,금요일,제주특별자치도 제주시 구좌읍,중상사고,0,1,0,0,차대차 - 측면충돌,안전운전불이행,건조,맑음,단일로 - 기타,사륜오토바이(ATV),여,72세,중상,승용,남,56세,상해없음
2023120800100104,2023년 12월 8일 08시,금요일,제주특별자치도 제주시 연동,경상사고,0,0,1,0,차대사람 - 횡단중,안전운전불이행,건조,맑음,교차로 - 교차로횡단보도내,개인형이동수단(PM),남,24세,상해없음,보행자,남,11세,경상
2023120800100194,2023년 12월 8일 11시,금요일,제주특별자치도 제주시 아라일동,경상사고,0,0,1,0,차대차 - 후진중충돌,안전운전불이행,건조,맑음,단일로 - 기타,승용,남,69세,상해없음,승용,남,36세,경상
2023120800100260,2023년 12월 8일 13시,금요일,제주특별자치도 제주시 연동,경상사고,0,0,1,0,차대사람 - 횡단중,보행자보호의무위반,건조,맑음,교차로 - 교차로안,승용,남,36세,상해없음,보행자,여,31세,경상
2023120800100429,2023년 12월 8일 17시,금요일,제주특별자치도 서귀포시 서홍동,경상사고,0,0,1,0,차대차 - 기타,기타,건조,맑음,단일로 - 기타,화물,남,60세,상해없음,이륜,남,54세,경상
2023120800100430,2023년 12월 8일 17시,금요일,제주특별자치도 제주시 도두이동,경상사고,0,0,2,0,차대차 - 추돌,안전운전불이행,건조,맑음,교차로 - 교차로부근,화물,남,40세,상해없음,승용,여,32세,경상
2023120800100500,2023년 12월 8일 18시,금요일,제주특별자치도 제주시 용담이동,경상사고,0,0,1,0,차대차 - 기타,안전운전불이행,건조,맑음,교차로 - 교차로부근,승용,남,36세,상해없음,승용,남,54세,경상
2023120800100554,2023년 12월 8일 19시,금요일,제주특별자치도 서귀포시 대정읍,중상사고,0,1,0,0,차대차 - 측면충돌,기타,건조,맑음,단일로 - 기타,원동기,남,20세,상해없음,자전거,남,36세,중상
2023120800100603,2023년 12월 8일 21시,금요일,제주특별자치도 서귀포시 대정읍,경상사고,0,0,1,0,차대사람 - 기타,기타,건조,맑음,단일로 - 기타,승용,여,48세,상해없음,보행자,남,49세,경상
2023120800100627,2023년 12월 8일 22시,금요일,제주특별자치도 제주시 아라일동,경상사고,0,0,1,0,차대차 - 추돌,안전거리미확보,건조,맑음,단일로 - 기타,승용,여,51세,상해없음,승용,여,29세,경상
2023120800100628,2023년 12월 8일 22시,금요일,제주특별자치도 서귀포시 호근동,경상사고,0,0,1,0,차대차 - 추돌,안전운전불이행,건조,맑음,단일로 - 기타,화물,남,52세,경상,화물,여,71세,기타불명
2023120900100050,2023년 12월 9일 04시,토요일,제주특별자치도 서귀포시 서귀동,중상사고,0,1,0,0,차대사람 - 기타,안전운전불이행,건조,기타,교차로 - 교차로횡단보도내,승용,남,65세,상해없음,보행자,여,24세,중상
2023120900100123,2023년 12월 9일 09시,토요일,제주특별자치도 제주시 한림읍,경상사고,0,0,3,0,차대차 - 측면충돌,교차로운행방법위반,건조,흐림,교차로 - 교차로안,화물,여,45세,경상,승용,남,49세,경상
2023120900100222,2023년 12월 9일 12시,토요일,제주특별자치도 제주시 삼도이동,경상사고,0,0,2,0,차대차 - 추돌,안전운전불이행,건조,맑음,교차로 - 교차로부근,화물,남,74세,상해없음,승용,여,50세,경상
2023120900100259,2023년 12월 9일 13시,토요일,제주특별자치도 제주시 구좌읍,경상사고,0,0,1,0,차대차 - 기타,안전운전불이행,건조,맑음,교차로 - 교차로부근,승용,남,35세,상해없음,승용,여,57세,경상
2023120900100328,2023년 12월 9일 15시,토요일,제주특별자치도 서귀포시 성산읍,중상사고,0,2,1,0,차대차 - 기타,기타,건조,맑음,교차로 - 교차로안,승용,남,70세,중상,화물,남,53세,경상
2023120900100362,2023년 12월 9일 16시,토요일,제주특별자치도 제주시 애월읍,경상사고,0,0,2,0,차대차 - 추돌,안전운전불이행,건조,맑음,단일로 - 기타,승용,여,54세,상해없음,승용,남,29세,경상